Interview_ID,Drive_ID,Student_ID,Round,Interview_Date,Start_Time,End_Time,Interview_Mode,Interview_Status
INT0001,DRV0001,STU0003,Technical,2026-09-16,13:00,14:00,Online,Scheduled
INT0002,DRV0001,STU0010,HR,2026-09-16,10:00,11:00,Online,Scheduled
INT0003,DRV0001,STU0021,Technical,2026-09-17,12:00,13:00,Online,Scheduled
INT0004,DRV0001,STU0028,Technical,2026-09-21,15:00,16:00,Offline,Scheduled
INT0005,DRV0001,STU0031,Technical,2026-09-22,09:00,10:00,Offline,Scheduled
INT0006,DRV0001,STU0053,HR,2026-09-19,14:00,15:00,Online,Scheduled
INT0007,DRV0001,STU0074,HR,2026-09-16,14:00,15:00,Offline,Scheduled
INT0008,DRV0001,STU0094,HR,2026-10-15,10:00,11:00,Online,Scheduled
INT0009,DRV0001,STU0099,Technical,2026-09-22,14:00,15:00,Online,Scheduled
INT0010,DRV0001,STU0102,Technical,2026-09-17,13:00,14:00,Online,Scheduled
INT0011,DRV0001,STU0145,Technical,2026-09-20,14:00,15:00,Offline,Scheduled
INT0012,DRV0001,STU0177,Technical,2026-09-21,13:00,14:00,Online,Scheduled
INT0013,DRV0001,STU0188,HR,2026-09-16,12:00,13:00,Offline,Scheduled
INT0014,DRV0001,STU0192,HR,2026-09-19,15:00,16:00,Online,Scheduled
INT0015,DRV0001,STU0200,HR,2026-09-16,14:00,15:00,Offline,Scheduled
INT0016,DRV0001,STU0205,Technical,2026-09-29,09:00,10:00,Offline,Scheduled
INT0017,DRV0001,STU0226,Technical,2026-09-21,16:00,17:00,Offline,Scheduled
INT0018,DRV0001,STU0227,HR,2026-10-04,12:00,13:00,Offline,Scheduled
INT0019,DRV0001,STU0230,Technical,2026-09-18,16:00,17:00,Online,Scheduled
INT0020,DRV0001,STU0252,Technical,2026-09-16,09:00,10:00,Offline,Scheduled
INT0021,DRV0001,STU0264,Technical,2026-09-19,13:00,14:00,Online,Scheduled
INT0022,DRV0001,STU0273,HR,2026-09-20,13:00,14:00,Online,Scheduled
INT0023,DRV0001,STU0278,Technical,2026-09-17,16:00,17:00,Offline,Scheduled
INT0024,DRV0001,STU0306,Technical,2026-09-16,13:00,14:00,Online,Scheduled
INT0025,DRV0001,STU0307,HR,2026-09-17,09:00,10:00,Offline,Scheduled
INT0026,DRV0001,STU0320,Technical,2026-09-18,10:00,11:00,Online,Scheduled
INT0027,DRV0001,STU0321,Technical,2026-09-20,10:00,11:00,Offline,Scheduled
INT0028,DRV0001,STU0331,HR,2026-09-17,11:00,12:00,Online,Scheduled
INT0029,DRV0001,STU0350,Technical,2026-09-22,15:00,16:00,Online,Scheduled
INT0030,DRV0001,STU0352,HR,2026-09-19,14:00,15:00,Offline,Scheduled
INT0031,DRV0001,STU0358,HR,2026-09-17,10:00,11:00,Online,Scheduled
INT0032,DRV0001,STU0360,Technical,2026-09-18,13:00,14:00,Online,Scheduled
INT0033,DRV0001,STU0366,Technical,2026-09-18,15:00,16:00,Online,Scheduled
INT0034,DRV0001,STU0384,HR,2026-09-17,13:00,14:00,Online,Scheduled
INT0035,DRV0001,STU0386,Technical,2026-09-21,16:00,17:00,Offline,Scheduled
INT0036,DRV0001,STU0410,HR,2026-09-16,15:00,16:00,Offline,Scheduled
INT0037,DRV0001,STU0413,Technical,2026-09-22,09:00,10:00,Online,Scheduled
INT0038,DRV0001,STU0421,Technical,2026-09-16,15:00,16:00,Online,Scheduled
INT0039,DRV0001,STU0424,HR,2026-09-19,11:00,12:00,Online,Scheduled
INT0040,DRV0001,STU0457,HR,2026-09-21,09:00,10:00,Online,Scheduled
INT0041,DRV0001,STU0470,Technical,2026-09-20,09:00,10:00,Online,Scheduled
INT0042,DRV0001,STU0494,Technical,2026-09-19,16:00,17:00,Offline,Scheduled
INT0043,DRV0001,STU0508,HR,2026-09-16,15:00,16:00,Offline,Scheduled
INT0044,DRV0001,STU0525,Technical,2026-09-18,13:00,14:00,Online,Scheduled
INT0045,DRV0001,STU0529,HR,2026-09-16,09:00,10:00,Online,Scheduled
INT0046,DRV0001,STU0534,Technical,2026-09-19,11:00,12:00,Online,Scheduled
INT0047,DRV0001,STU0552,HR,2026-09-16,12:00,13:00,Online,Scheduled
INT0048,DRV0001,STU0563,Technical,2026-09-20,09:00,10:00,Offline,Scheduled
INT0049,DRV0001,STU0572,HR,2026-09-20,14:00,15:00,Online,Scheduled
INT0050,DRV0001,STU0583,HR,2026-09-18,12:00,13:00,Offline,Scheduled
INT0051,DRV0002,STU0001,HR,2026-08-25,13:00,14:00,Offline,Scheduled
INT0052,DRV0002,STU0019,Technical,2026-08-24,10:00,11:00,Online,Scheduled
INT0053,DRV0002,STU0020,Technical,2026-08-21,14:00,15:00,Online,Scheduled
INT0054,DRV0002,STU0021,HR,2026-08-21,16:00,17:00,Online,Scheduled
INT0055,DRV0002,STU0025,Technical,2026-08-24,13:00,14:00,Online,Scheduled
INT0056,DRV0002,STU0028,HR,2026-08-20,11:00,12:00,Offline,Scheduled
INT0057,DRV0002,STU0031,Technical,2026-09-17,15:00,16:00,Offline,Scheduled
INT0058,DRV0002,STU0039,Technical,2026-08-22,09:00,10:00,Offline,Scheduled
INT0059,DRV0002,STU0052,HR,2026-08-21,10:00,11:00,Online,Scheduled
INT0060,DRV0002,STU0056,Technical,2026-08-20,09:00,10:00,Online,Scheduled
INT0061,DRV0002,STU0061,Technical,2026-10-01,10:00,11:00,Offline,Scheduled
INT0062,DRV0002,STU0076,Technical,2026-08-21,15:00,16:00,Online,Scheduled
INT0063,DRV0002,STU0092,HR,2026-08-26,09:00,10:00,Online,Scheduled
INT0064,DRV0002,STU0094,HR,2026-08-25,10:00,11:00,Offline,Scheduled
INT0065,DRV0002,STU0099,Technical,2026-08-21,11:00,12:00,Offline,Scheduled
INT0066,DRV0002,STU0103,HR,2026-10-07,09:00,10:00,Online,Scheduled
INT0067,DRV0002,STU0104,HR,2026-09-19,15:00,16:00,Online,Scheduled
INT0068,DRV0002,STU0114,HR,2026-10-09,16:00,17:00,Offline,Scheduled
INT0069,DRV0002,STU0121,HR,2026-08-25,12:00,13:00,Offline,Scheduled
INT0070,DRV0002,STU0131,HR,2026-08-20,13:00,14:00,Offline,Scheduled
INT0071,DRV0002,STU0135,Technical,2026-08-26,14:00,15:00,Online,Scheduled
INT0072,DRV0002,STU0149,Technical,2026-08-24,13:00,14:00,Online,Scheduled
INT0073,DRV0002,STU0152,HR,2026-08-25,11:00,12:00,Online,Scheduled
INT0074,DRV0002,STU0165,HR,2026-08-24,12:00,13:00,Online,Scheduled
INT0075,DRV0002,STU0166,HR,2026-08-20,12:00,13:00,Offline,Scheduled
INT0076,DRV0002,STU0167,HR,2026-08-27,14:00,15:00,Online,Scheduled
INT0077,DRV0002,STU0171,HR,2026-08-22,13:00,14:00,Offline,Scheduled
INT0078,DRV0002,STU0174,Technical,2026-08-22,11:00,12:00,Offline,Scheduled
INT0079,DRV0002,STU0181,HR,2026-08-23,11:00,12:00,Offline,Scheduled
INT0080,DRV0002,STU0186,HR,2026-08-20,13:00,14:00,Online,Scheduled
INT0081,DRV0002,STU0187,HR,2026-08-24,14:00,15:00,Offline,Scheduled
INT0082,DRV0002,STU0189,Technical,2026-08-21,16:00,17:00,Online,Scheduled
INT0083,DRV0002,STU0195,Technical,2026-10-01,11:00,12:00,Online,Scheduled
INT0084,DRV0002,STU0199,Technical,2026-08-21,12:00,13:00,Online,Scheduled
INT0085,DRV0002,STU0200,HR,2026-08-23,10:00,11:00,Offline,Scheduled
INT0086,DRV0002,STU0210,HR,2026-08-25,15:00,16:00,Offline,Scheduled
INT0087,DRV0002,STU0220,Technical,2026-08-25,09:00,10:00,Offline,Scheduled
INT0088,DRV0002,STU0224,Technical,2026-10-12,15:00,16:00,Online,Scheduled
INT0089,DRV0002,STU0230,HR,2026-08-21,16:00,17:00,Offline,Scheduled
INT0090,DRV0002,STU0237,HR,2026-10-01,09:00,10:00,Online,Scheduled
INT0091,DRV0002,STU0241,HR,2026-09-22,11:00,12:00,Online,Scheduled
INT0092,DRV0002,STU0249,Technical,2026-10-01,15:00,16:00,Offline,Scheduled
INT0093,DRV0002,STU0251,Technical,2026-08-23,15:00,16:00,Offline,Scheduled
INT0094,DRV0002,STU0252,Technical,2026-08-24,10:00,11:00,Online,Scheduled
INT0095,DRV0002,STU0257,Technical,2026-08-25,11:00,12:00,Online,Scheduled
INT0096,DRV0002,STU0258,HR,2026-10-15,09:00,10:00,Online,Scheduled
INT0097,DRV0002,STU0261,Technical,2026-08-23,15:00,16:00,Offline,Scheduled
INT0098,DRV0002,STU0264,HR,2026-08-22,13:00,14:00,Offline,Scheduled
INT0099,DRV0002,STU0276,HR,2026-08-25,12:00,13:00,Online,Scheduled
INT0100,DRV0002,STU0278,HR,2026-08-23,09:00,10:00,Offline,Scheduled
INT0101,DRV0002,STU0280,Technical,2026-08-26,15:00,16:00,Offline,Scheduled
INT0102,DRV0002,STU0283,Technical,2026-08-23,09:00,10:00,Offline,Scheduled
INT0103,DRV0002,STU0285,Technical,2026-08-23,11:00,12:00,Offline,Scheduled
INT0104,DRV0002,STU0286,HR,2026-08-21,16:00,17:00,Offline,Scheduled
INT0105,DRV0002,STU0298,HR,2026-08-26,15:00,16:00,Online,Scheduled
INT0106,DRV0002,STU0299,HR,2026-08-24,11:00,12:00,Online,Scheduled
INT0107,DRV0002,STU0307,Technical,2026-08-26,09:00,10:00,Online,Scheduled
INT0108,DRV0002,STU0313,Technical,2026-09-23,13:00,14:00,Online,Scheduled
INT0109,DRV0002,STU0320,HR,2026-08-20,12:00,13:00,Offline,Scheduled
INT0110,DRV0002,STU0328,Technical,2026-08-24,10:00,11:00,Offline,Scheduled
INT0111,DRV0002,STU0331,HR,2026-08-20,13:00,14:00,Offline,Scheduled
INT0112,DRV0002,STU0335,Technical,2026-08-24,12:00,13:00,Offline,Scheduled
INT0113,DRV0002,STU0349,HR,2026-08-20,09:00,10:00,Offline,Scheduled
INT0114,DRV0002,STU0351,Technical,2026-10-12,13:00,14:00,Offline,Scheduled
INT0115,DRV0002,STU0354,Technical,2026-10-09,12:00,13:00,Offline,Scheduled
INT0116,DRV0002,STU0366,HR,2026-09-18,15:00,16:00,Offline,Scheduled
INT0117,DRV0002,STU0368,HR,2026-10-08,11:00,12:00,Online,Scheduled
INT0118,DRV0002,STU0386,HR,2026-08-23,12:00,13:00,Offline,Scheduled
INT0119,DRV0002,STU0413,Technical,2026-08-23,14:00,15:00,Offline,Scheduled
INT0120,DRV0002,STU0417,HR,2026-08-26,13:00,14:00,Offline,Scheduled
INT0121,DRV0002,STU0422,Technical,2026-08-22,09:00,10:00,Online,Scheduled
INT0122,DRV0002,STU0423,Technical,2026-08-20,09:00,10:00,Offline,Scheduled
INT0123,DRV0002,STU0424,Technical,2026-08-23,16:00,17:00,Online,Scheduled
INT0124,DRV0002,STU0425,HR,2026-08-21,16:00,17:00,Offline,Scheduled
INT0125,DRV0002,STU0431,HR,2026-08-24,14:00,15:00,Offline,Scheduled
INT0126,DRV0002,STU0436,HR,2026-08-23,13:00,14:00,Offline,Scheduled
INT0127,DRV0002,STU0438,HR,2026-08-25,12:00,13:00,Online,Scheduled
INT0128,DRV0002,STU0443,Technical,2026-08-26,11:00,12:00,Online,Scheduled
INT0129,DRV0002,STU0450,Technical,2026-08-22,13:00,14:00,Online,Scheduled
INT0130,DRV0002,STU0458,HR,2026-08-22,11:00,12:00,Online,Scheduled
INT0131,DRV0002,STU0461,Technical,2026-08-21,13:00,14:00,Online,Scheduled
INT0132,DRV0002,STU0463,HR,2026-09-09,14:00,15:00,Online,Scheduled
INT0133,DRV0002,STU0477,HR,2026-08-23,16:00,17:00,Offline,Scheduled
INT0134,DRV0002,STU0480,HR,2026-10-09,16:00,17:00,Online,Scheduled
INT0135,DRV0002,STU0506,Technical,2026-08-20,09:00,10:00,Online,Scheduled
INT0136,DRV0002,STU0521,HR,2026-08-21,10:00,11:00,Online,Scheduled
INT0137,DRV0002,STU0526,HR,2026-08-23,13:00,14:00,Offline,Scheduled
INT0138,DRV0002,STU0529,Technical,2026-08-20,10:00,11:00,Online,Scheduled
INT0139,DRV0002,STU0534,Technical,2026-08-20,11:00,12:00,Online,Scheduled
INT0140,DRV0002,STU0543,HR,2026-09-26,09:00,10:00,Offline,Scheduled
INT0141,DRV0002,STU0545,Technical,2026-08-23,13:00,14:00,Online,Scheduled
INT0142,DRV0002,STU0549,Technical,2026-08-22,16:00,17:00,Online,Scheduled
INT0143,DRV0002,STU0562,HR,2026-08-23,14:00,15:00,Online,Scheduled
INT0144,DRV0002,STU0568,HR,2026-10-12,15:00,16:00,Online,Scheduled
INT0145,DRV0002,STU0571,HR,2026-08-23,09:00,10:00,Offline,Scheduled
INT0146,DRV0002,STU0572,HR,2026-08-25,13:00,14:00,Offline,Scheduled
INT0147,DRV0002,STU0579,Technical,2026-08-23,16:00,17:00,Online,Scheduled
INT0148,DRV0002,STU0590,Technical,2026-08-27,13:00,14:00,Online,Scheduled
INT0149,DRV0002,STU0591,HR,2026-09-11,10:00,11:00,Online,Scheduled
INT0150,DRV0003,STU0001,HR,2026-08-20,16:00,17:00,Online,Scheduled
INT0151,DRV0003,STU0019,Technical,2026-08-22,16:00,17:00,Offline,Scheduled
INT0152,DRV0003,STU0021,Technical,2026-08-18,14:00,15:00,Online,Scheduled
INT0153,DRV0003,STU0025,HR,2026-08-19,15:00,16:00,Offline,Scheduled
INT0154,DRV0003,STU0037,HR,2026-08-20,10:00,11:00,Offline,Scheduled
INT0155,DRV0003,STU0038,Technical,2026-08-22,15:00,16:00,Offline,Scheduled
INT0156,DRV0003,STU0039,HR,2026-08-17,14:00,15:00,Offline,Scheduled
INT0157,DRV0003,STU0050,HR,2026-08-20,11:00,12:00,Offline,Scheduled
INT0158,DRV0003,STU0074,Technical,2026-08-16,12:00,13:00,Offline,Scheduled
INT0159,DRV0003,STU0076,Technical,2026-08-20,15:00,16:00,Online,Scheduled
INT0160,DRV0003,STU0094,HR,2026-08-16,11:00,12:00,Offline,Scheduled
INT0161,DRV0003,STU0099,HR,2026-08-18,15:00,16:00,Offline,Scheduled
INT0162,DRV0003,STU0100,HR,2026-08-20,11:00,12:00,Online,Scheduled
INT0163,DRV0003,STU0112,HR,2026-09-25,11:00,12:00,Offline,Scheduled
INT0164,DRV0003,STU0114,Technical,2026-08-22,13:00,14:00,Offline,Scheduled
INT0165,DRV0003,STU0122,Technical,2026-08-22,16:00,17:00,Offline,Scheduled
INT0166,DRV0003,STU0131,HR,2026-08-18,14:00,15:00,Offline,Scheduled
INT0167,DRV0003,STU0162,HR,2026-08-24,14:00,15:00,Online,Scheduled
INT0168,DRV0003,STU0167,HR,2026-08-19,15:00,16:00,Online,Scheduled
INT0169,DRV0003,STU0174,HR,2026-08-16,11:00,12:00,Online,Scheduled
INT0170,DRV0003,STU0178,Technical,2026-10-11,15:00,16:00,Online,Scheduled
INT0171,DRV0003,STU0186,Technical,2026-09-04,10:00,11:00,Offline,Scheduled
INT0172,DRV0003,STU0191,Technical,2026-08-20,15:00,16:00,Offline,Scheduled
INT0173,DRV0003,STU0205,Technical,2026-08-18,16:00,17:00,Online,Scheduled
INT0174,DRV0003,STU0210,Technical,2026-08-21,13:00,14:00,Online,Scheduled
INT0175,DRV0003,STU0213,HR,2026-08-16,10:00,11:00,Online,Scheduled
INT0176,DRV0003,STU0218,HR,2026-10-09,13:00,14:00,Online,Scheduled
INT0177,DRV0003,STU0223,Technical,2026-08-23,14:00,15:00,Online,Scheduled
INT0178,DRV0003,STU0224,Technical,2026-08-20,11:00,12:00,Online,Scheduled
INT0179,DRV0003,STU0226,Technical,2026-08-22,15:00,16:00,Offline,Scheduled
INT0180,DRV0003,STU0233,HR,2026-08-25,10:00,11:00,Offline,Scheduled
INT0181,DRV0003,STU0264,HR,2026-08-22,16:00,17:00,Online,Scheduled
INT0182,DRV0003,STU0267,HR,2026-08-21,15:00,16:00,Offline,Scheduled
INT0183,DRV0003,STU0278,HR,2026-08-18,12:00,13:00,Offline,Scheduled
INT0184,DRV0003,STU0286,HR,2026-08-21,12:00,13:00,Offline,Scheduled
INT0185,DRV0003,STU0303,HR,2026-08-22,15:00,16:00,Online,Scheduled
INT0186,DRV0003,STU0310,HR,2026-08-21,09:00,10:00,Offline,Scheduled
INT0187,DRV0003,STU0327,Technical,2026-08-22,14:00,15:00,Online,Scheduled
INT0188,DRV0003,STU0332,Technical,2026-08-21,11:00,12:00,Online,Scheduled
INT0189,DRV0003,STU0334,HR,2026-08-25,15:00,16:00,Online,Scheduled
INT0190,DRV0003,STU0338,HR,2026-10-05,12:00,13:00,Online,Scheduled
INT0191,DRV0003,STU0347,HR,2026-08-22,14:00,15:00,Online,Scheduled
INT0192,DRV0003,STU0348,HR,2026-08-22,16:00,17:00,Offline,Scheduled
INT0193,DRV0003,STU0356,Technical,2026-10-05,12:00,13:00,Offline,Scheduled
INT0194,DRV0003,STU0368,Technical,2026-08-22,15:00,16:00,Offline,Scheduled
INT0195,DRV0003,STU0374,HR,2026-09-18,09:00,10:00,Offline,Scheduled
INT0196,DRV0003,STU0386,Technical,2026-08-17,16:00,17:00,Offline,Scheduled
INT0197,DRV0003,STU0394,HR,2026-08-16,16:00,17:00,Offline,Scheduled
INT0198,DRV0003,STU0396,HR,2026-08-16,09:00,10:00,Offline,Scheduled
INT0199,DRV0003,STU0405,HR,2026-08-17,11:00,12:00,Offline,Scheduled
INT0200,DRV0003,STU0410,Technical,2026-08-21,15:00,16:00,Offline,Scheduled
INT0201,DRV0003,STU0411,HR,2026-08-22,16:00,17:00,Offline,Scheduled
INT0202,DRV0003,STU0422,HR,2026-10-08,09:00,10:00,Offline,Scheduled
INT0203,DRV0003,STU0431,HR,2026-08-21,14:00,15:00,Online,Scheduled
INT0204,DRV0003,STU0449,HR,2026-08-17,10:00,11:00,Online,Scheduled
INT0205,DRV0003,STU0450,Technical,2026-08-21,09:00,10:00,Offline,Scheduled
INT0206,DRV0003,STU0458,Technical,2026-08-19,09:00,10:00,Online,Scheduled
INT0207,DRV0003,STU0463,HR,2026-08-22,12:00,13:00,Online,Scheduled
INT0208,DRV0003,STU0469,Technical,2026-08-18,11:00,12:00,Offline,Scheduled
INT0209,DRV0003,STU0481,Technical,2026-08-29,13:00,14:00,Online,Scheduled
INT0210,DRV0003,STU0493,HR,2026-10-09,16:00,17:00,Online,Scheduled
INT0211,DRV0003,STU0495,HR,2026-08-16,11:00,12:00,Online,Scheduled
INT0212,DRV0003,STU0500,HR,2026-10-11,13:00,14:00,Online,Scheduled
INT0213,DRV0003,STU0506,HR,2026-08-17,09:00,10:00,Offline,Scheduled
INT0214,DRV0003,STU0508,HR,2026-08-16,09:00,10:00,Offline,Scheduled
INT0215,DRV0003,STU0512,HR,2026-08-16,16:00,17:00,Online,Scheduled
INT0216,DRV0003,STU0540,Technical,2026-08-17,10:00,11:00,Offline,Scheduled
INT0217,DRV0003,STU0549,HR,2026-08-20,14:00,15:00,Offline,Scheduled
INT0218,DRV0003,STU0556,Technical,2026-10-06,13:00,14:00,Online,Scheduled
INT0219,DRV0003,STU0564,HR,2026-08-22,12:00,13:00,Offline,Scheduled
INT0220,DRV0003,STU0583,HR,2026-08-22,16:00,17:00,Offline,Scheduled
INT0221,DRV0003,STU0591,HR,2026-08-18,15:00,16:00,Offline,Scheduled
INT0222,DRV0003,STU0599,Technical,2026-08-17,16:00,17:00,Online,Scheduled
INT0223,DRV0004,STU0011,Technical,2026-08-25,14:00,15:00,Online,Scheduled
INT0224,DRV0004,STU0020,Technical,2026-08-29,14:00,15:00,Offline,Scheduled
INT0225,DRV0004,STU0028,Technical,2026-08-30,15:00,16:00,Offline,Scheduled
INT0226,DRV0004,STU0032,Technical,2026-08-27,10:00,11:00,Online,Scheduled
INT0227,DRV0004,STU0041,HR,2026-08-26,10:00,11:00,Offline,Scheduled
INT0228,DRV0004,STU0042,HR,2026-08-27,12:00,13:00,Online,Scheduled
INT0229,DRV0004,STU0060,Technical,2026-08-25,13:00,14:00,Online,Scheduled
INT0230,DRV0004,STU0061,HR,2026-08-31,13:00,14:00,Offline,Scheduled
INT0231,DRV0004,STU0087,HR,2026-08-31,11:00,12:00,Online,Scheduled
INT0232,DRV0004,STU0088,Technical,2026-08-30,09:00,10:00,Online,Scheduled
INT0233,DRV0004,STU0092,Technical,2026-08-28,14:00,15:00,Offline,Scheduled
INT0234,DRV0004,STU0094,Technical,2026-08-27,10:00,11:00,Online,Scheduled
INT0235,DRV0004,STU0098,Technical,2026-08-29,09:00,10:00,Offline,Scheduled
INT0236,DRV0004,STU0101,HR,2026-08-28,16:00,17:00,Offline,Scheduled
INT0237,DRV0004,STU0107,HR,2026-08-31,10:00,11:00,Offline,Scheduled
INT0238,DRV0004,STU0112,HR,2026-08-30,16:00,17:00,Online,Scheduled
INT0239,DRV0004,STU0122,Technical,2026-08-29,09:00,10:00,Online,Scheduled
INT0240,DRV0004,STU0147,HR,2026-09-30,09:00,10:00,Offline,Scheduled
INT0241,DRV0004,STU0148,HR,2026-09-09,15:00,16:00,Online,Scheduled
INT0242,DRV0004,STU0155,HR,2026-10-07,12:00,13:00,Online,Scheduled
INT0243,DRV0004,STU0170,HR,2026-09-21,14:00,15:00,Online,Scheduled
INT0244,DRV0004,STU0177,HR,2026-08-25,14:00,15:00,Offline,Scheduled
INT0245,DRV0004,STU0178,Technical,2026-08-28,13:00,14:00,Offline,Scheduled
INT0246,DRV0004,STU0189,HR,2026-08-31,13:00,14:00,Offline,Scheduled
INT0247,DRV0004,STU0199,Technical,2026-09-03,13:00,14:00,Offline,Scheduled
INT0248,DRV0004,STU0200,HR,2026-08-29,10:00,11:00,Offline,Scheduled
INT0249,DRV0004,STU0202,Technical,2026-08-26,14:00,15:00,Online,Scheduled
INT0250,DRV0004,STU0203,HR,2026-09-23,12:00,13:00,Offline,Scheduled
INT0251,DRV0004,STU0205,Technical,2026-08-31,11:00,12:00,Online,Scheduled
INT0252,DRV0004,STU0224,Technical,2026-08-26,11:00,12:00,Online,Scheduled
INT0253,DRV0004,STU0226,HR,2026-08-31,16:00,17:00,Offline,Scheduled
INT0254,DRV0004,STU0230,HR,2026-08-29,14:00,15:00,Online,Scheduled
INT0255,DRV0004,STU0250,HR,2026-08-28,16:00,17:00,Offline,Scheduled
INT0256,DRV0004,STU0251,HR,2026-08-27,10:00,11:00,Offline,Scheduled
INT0257,DRV0004,STU0261,HR,2026-08-25,14:00,15:00,Online,Scheduled
INT0258,DRV0004,STU0264,HR,2026-08-31,10:00,11:00,Offline,Scheduled
INT0259,DRV0004,STU0270,HR,2026-10-01,13:00,14:00,Online,Scheduled
INT0260,DRV0004,STU0276,Technical,2026-08-28,11:00,12:00,Offline,Scheduled
INT0261,DRV0004,STU0278,Technical,2026-08-31,14:00,15:00,Online,Scheduled
INT0262,DRV0004,STU0283,HR,2026-08-30,16:00,17:00,Online,Scheduled
INT0263,DRV0004,STU0289,HR,2026-09-27,09:00,10:00,Offline,Scheduled
INT0264,DRV0004,STU0296,Technical,2026-08-25,14:00,15:00,Offline,Scheduled
INT0265,DRV0004,STU0302,HR,2026-08-29,09:00,10:00,Offline,Scheduled
INT0266,DRV0004,STU0306,HR,2026-08-30,11:00,12:00,Online,Scheduled
INT0267,DRV0004,STU0307,HR,2026-08-26,14:00,15:00,Offline,Scheduled
INT0268,DRV0004,STU0309,HR,2026-10-04,10:00,11:00,Offline,Scheduled
INT0269,DRV0004,STU0321,Technical,2026-08-27,11:00,12:00,Offline,Scheduled
INT0270,DRV0004,STU0322,HR,2026-08-25,14:00,15:00,Online,Scheduled
INT0271,DRV0004,STU0324,Technical,2026-08-31,16:00,17:00,Online,Scheduled
INT0272,DRV0004,STU0328,Technical,2026-08-27,10:00,11:00,Offline,Scheduled
INT0273,DRV0004,STU0335,Technical,2026-08-30,09:00,10:00,Online,Scheduled
INT0274,DRV0004,STU0336,HR,2026-08-30,11:00,12:00,Online,Scheduled
INT0275,DRV0004,STU0344,HR,2026-08-30,12:00,13:00,Offline,Scheduled
INT0276,DRV0004,STU0369,HR,2026-10-04,13:00,14:00,Online,Scheduled
INT0277,DRV0004,STU0371,HR,2026-08-29,16:00,17:00,Offline,Scheduled
INT0278,DRV0004,STU0381,Technical,2026-08-28,11:00,12:00,Online,Scheduled
INT0279,DRV0004,STU0386,Technical,2026-08-28,14:00,15:00,Online,Scheduled
INT0280,DRV0004,STU0389,HR,2026-10-05,15:00,16:00,Offline,Scheduled
INT0281,DRV0004,STU0395,Technical,2026-10-01,10:00,11:00,Offline,Scheduled
INT0282,DRV0004,STU0409,Technical,2026-08-28,14:00,15:00,Offline,Scheduled
INT0283,DRV0004,STU0411,Technical,2026-08-25,14:00,15:00,Offline,Scheduled
INT0284,DRV0004,STU0436,Technical,2026-08-27,16:00,17:00,Offline,Scheduled
INT0285,DRV0004,STU0443,Technical,2026-08-25,10:00,11:00,Offline,Scheduled
INT0286,DRV0004,STU0449,Technical,2026-08-26,15:00,16:00,Offline,Scheduled
INT0287,DRV0004,STU0456,Technical,2026-08-25,09:00,10:00,Offline,Scheduled
INT0288,DRV0004,STU0461,Technical,2026-10-02,12:00,13:00,Online,Scheduled
INT0289,DRV0004,STU0464,Technical,2026-08-31,14:00,15:00,Online,Scheduled
INT0290,DRV0004,STU0471,Technical,2026-09-05,11:00,12:00,Offline,Scheduled
INT0291,DRV0004,STU0472,HR,2026-08-30,10:00,11:00,Online,Scheduled
INT0292,DRV0004,STU0481,HR,2026-08-29,13:00,14:00,Offline,Scheduled
INT0293,DRV0004,STU0485,HR,2026-08-30,15:00,16:00,Online,Scheduled
INT0294,DRV0004,STU0494,Technical,2026-08-25,14:00,15:00,Online,Scheduled
INT0295,DRV0004,STU0497,Technical,2026-08-27,11:00,12:00,Offline,Scheduled
INT0296,DRV0004,STU0507,HR,2026-09-27,10:00,11:00,Offline,Scheduled
INT0297,DRV0004,STU0512,Technical,2026-08-31,11:00,12:00,Offline,Scheduled
INT0298,DRV0004,STU0517,Technical,2026-09-16,12:00,13:00,Online,Scheduled
INT0299,DRV0004,STU0523,HR,2026-08-27,15:00,16:00,Offline,Scheduled
INT0300,DRV0004,STU0525,HR,2026-08-30,12:00,13:00,Offline,Scheduled
INT0301,DRV0004,STU0529,HR,2026-08-30,14:00,15:00,Online,Scheduled
INT0302,DRV0004,STU0538,HR,2026-10-02,11:00,12:00,Offline,Scheduled
INT0303,DRV0004,STU0556,HR,2026-08-28,14:00,15:00,Online,Scheduled
INT0304,DRV0004,STU0557,Technical,2026-10-12,13:00,14:00,Offline,Scheduled
INT0305,DRV0004,STU0563,HR,2026-08-25,14:00,15:00,Offline,Scheduled
INT0306,DRV0004,STU0566,Technical,2026-09-08,14:00,15:00,Offline,Scheduled
INT0307,DRV0004,STU0568,HR,2026-08-25,14:00,15:00,Offline,Scheduled
INT0308,DRV0004,STU0577,Technical,2026-08-31,09:00,10:00,Offline,Scheduled
INT0309,DRV0004,STU0579,Technical,2026-08-31,11:00,12:00,Online,Scheduled
INT0310,DRV0004,STU0583,Technical,2026-08-28,09:00,10:00,Online,Scheduled
INT0311,DRV0004,STU0590,HR,2026-08-30,14:00,15:00,Offline,Scheduled
INT0312,DRV0004,STU0595,HR,2026-08-26,16:00,17:00,Offline,Scheduled
INT0313,DRV0005,STU0001,HR,2026-09-03,11:00,12:00,Offline,Scheduled
INT0314,DRV0005,STU0033,Technical,2026-09-05,12:00,13:00,Online,Scheduled
INT0315,DRV0005,STU0038,Technical,2026-09-06,15:00,16:00,Offline,Scheduled
INT0316,DRV0005,STU0057,HR,2026-10-03,16:00,17:00,Online,Scheduled
INT0317,DRV0005,STU0067,HR,2026-09-09,10:00,11:00,Online,Scheduled
INT0318,DRV0005,STU0092,HR,2026-09-03,14:00,15:00,Online,Scheduled
INT0319,DRV0005,STU0098,Technical,2026-09-05,13:00,14:00,Online,Scheduled
INT0320,DRV0005,STU0121,Technical,2026-10-11,11:00,12:00,Online,Scheduled
INT0321,DRV0005,STU0166,HR,2026-09-07,14:00,15:00,Online,Scheduled
INT0322,DRV0005,STU0167,HR,2026-09-03,10:00,11:00,Offline,Scheduled
INT0323,DRV0005,STU0186,HR,2026-09-04,10:00,11:00,Online,Scheduled
INT0324,DRV0005,STU0188,HR,2026-09-05,10:00,11:00,Offline,Scheduled
INT0325,DRV0005,STU0189,Technical,2026-09-05,11:00,12:00,Online,Scheduled
INT0326,DRV0005,STU0202,Technical,2026-09-09,14:00,15:00,Online,Scheduled
INT0327,DRV0005,STU0211,Technical,2026-09-04,14:00,15:00,Offline,Scheduled
INT0328,DRV0005,STU0261,HR,2026-10-14,15:00,16:00,Online,Scheduled
INT0329,DRV0005,STU0276,Technical,2026-09-07,13:00,14:00,Offline,Scheduled
INT0330,DRV0005,STU0280,Technical,2026-09-03,11:00,12:00,Online,Scheduled
INT0331,DRV0005,STU0283,Technical,2026-09-08,14:00,15:00,Online,Scheduled
INT0332,DRV0005,STU0285,Technical,2026-09-08,13:00,14:00,Offline,Scheduled
INT0333,DRV0005,STU0306,HR,2026-09-03,16:00,17:00,Offline,Scheduled
INT0334,DRV0005,STU0307,HR,2026-09-07,10:00,11:00,Offline,Scheduled
INT0335,DRV0005,STU0310,HR,2026-09-03,11:00,12:00,Offline,Scheduled
INT0336,DRV0005,STU0320,Technical,2026-09-04,14:00,15:00,Offline,Scheduled
INT0337,DRV0005,STU0323,HR,2026-09-09,14:00,15:00,Online,Scheduled
INT0338,DRV0005,STU0357,Technical,2026-09-03,14:00,15:00,Offline,Scheduled
INT0339,DRV0005,STU0375,Technical,2026-09-23,16:00,17:00,Online,Scheduled
INT0340,DRV0005,STU0381,Technical,2026-09-06,15:00,16:00,Online,Scheduled
INT0341,DRV0005,STU0396,HR,2026-09-04,11:00,12:00,Offline,Scheduled
INT0342,DRV0005,STU0405,Technical,2026-10-08,16:00,17:00,Online,Scheduled
INT0343,DRV0005,STU0417,HR,2026-09-04,12:00,13:00,Online,Scheduled
INT0344,DRV0005,STU0431,HR,2026-10-08,11:00,12:00,Online,Scheduled
INT0345,DRV0005,STU0463,HR,2026-09-05,14:00,15:00,Offline,Scheduled
INT0346,DRV0005,STU0470,HR,2026-09-03,12:00,13:00,Offline,Scheduled
INT0347,DRV0005,STU0475,HR,2026-09-07,16:00,17:00,Online,Scheduled
INT0348,DRV0005,STU0494,HR,2026-09-03,15:00,16:00,Offline,Scheduled
INT0349,DRV0005,STU0495,Technical,2026-09-05,11:00,12:00,Offline,Scheduled
INT0350,DRV0005,STU0503,Technical,2026-09-09,11:00,12:00,Offline,Scheduled
INT0351,DRV0005,STU0525,HR,2026-09-18,13:00,14:00,Offline,Scheduled
INT0352,DRV0005,STU0526,HR,2026-09-05,15:00,16:00,Offline,Scheduled
INT0353,DRV0005,STU0539,Technical,2026-09-05,16:00,17:00,Offline,Scheduled
INT0354,DRV0005,STU0572,HR,2026-09-06,16:00,17:00,Online,Scheduled
INT0355,DRV0005,STU0590,Technical,2026-09-05,12:00,13:00,Offline,Scheduled
INT0356,DRV0005,STU0591,Technical,2026-09-08,15:00,16:00,Online,Scheduled
INT0357,DRV0005,STU0599,Technical,2026-09-08,10:00,11:00,Online,Scheduled
INT0358,DRV0006,STU0011,HR,2026-09-28,11:00,12:00,Online,Scheduled
INT0359,DRV0006,STU0031,Technical,2026-10-01,16:00,17:00,Online,Scheduled
INT0360,DRV0006,STU0056,HR,2026-09-29,14:00,15:00,Offline,Scheduled
INT0361,DRV0006,STU0083,HR,2026-09-26,16:00,17:00,Offline,Scheduled
INT0362,DRV0006,STU0092,HR,2026-10-01,13:00,14:00,Online,Scheduled
INT0363,DRV0006,STU0102,HR,2026-09-27,12:00,13:00,Offline,Scheduled
INT0364,DRV0006,STU0171,HR,2026-09-30,16:00,17:00,Offline,Scheduled
INT0365,DRV0006,STU0195,HR,2026-10-01,11:00,12:00,Online,Scheduled
INT0366,DRV0006,STU0226,HR,2026-09-29,15:00,16:00,Offline,Scheduled
INT0367,DRV0006,STU0280,HR,2026-09-27,10:00,11:00,Offline,Scheduled
INT0368,DRV0006,STU0296,Technical,2026-09-30,16:00,17:00,Online,Scheduled
INT0369,DRV0006,STU0332,Technical,2026-09-29,13:00,14:00,Online,Scheduled
INT0370,DRV0006,STU0334,Technical,2026-09-29,12:00,13:00,Online,Scheduled
INT0371,DRV0006,STU0352,Technical,2026-09-28,13:00,14:00,Online,Scheduled
INT0372,DRV0006,STU0357,Technical,2026-09-27,16:00,17:00,Online,Scheduled
INT0373,DRV0006,STU0381,HR,2026-09-29,11:00,12:00,Offline,Scheduled
INT0374,DRV0006,STU0409,HR,2026-09-26,13:00,14:00,Offline,Scheduled
INT0375,DRV0006,STU0411,Technical,2026-10-01,10:00,11:00,Online,Scheduled
INT0376,DRV0006,STU0470,Technical,2026-10-01,11:00,12:00,Offline,Scheduled
INT0377,DRV0006,STU0549,Technical,2026-09-30,13:00,14:00,Online,Scheduled
INT0378,DRV0007,STU0001,HR,2026-08-26,10:00,11:00,Offline,Scheduled
INT0379,DRV0007,STU0003,Technical,2026-08-27,16:00,17:00,Offline,Scheduled
INT0380,DRV0007,STU0005,HR,2026-10-01,10:00,11:00,Online,Scheduled
INT0381,DRV0007,STU0010,Technical,2026-10-12,11:00,12:00,Online,Scheduled
INT0382,DRV0007,STU0011,Technical,2026-08-28,13:00,14:00,Online,Scheduled
INT0383,DRV0007,STU0012,HR,2026-09-05,11:00,12:00,Offline,Scheduled
INT0384,DRV0007,STU0020,Technical,2026-08-27,10:00,11:00,Online,Scheduled
INT0385,DRV0007,STU0021,HR,2026-08-23,09:00,10:00,Offline,Scheduled
INT0386,DRV0007,STU0025,HR,2026-08-28,13:00,14:00,Offline,Scheduled
INT0387,DRV0007,STU0028,HR,2026-08-26,09:00,10:00,Offline,Scheduled
INT0388,DRV0007,STU0031,HR,2026-08-22,10:00,11:00,Offline,Scheduled
INT0389,DRV0007,STU0032,Technical,2026-08-27,13:00,14:00,Offline,Scheduled
INT0390,DRV0007,STU0033,Technical,2026-09-13,09:00,10:00,Offline,Scheduled
INT0391,DRV0007,STU0041,HR,2026-08-27,14:00,15:00,Offline,Scheduled
INT0392,DRV0007,STU0060,HR,2026-08-25,13:00,14:00,Offline,Scheduled
INT0393,DRV0007,STU0065,Technical,2026-08-26,10:00,11:00,Online,Scheduled
INT0394,DRV0007,STU0076,HR,2026-08-23,11:00,12:00,Offline,Scheduled
INT0395,DRV0007,STU0092,Technical,2026-08-23,16:00,17:00,Offline,Scheduled
INT0396,DRV0007,STU0122,HR,2026-08-26,15:00,16:00,Online,Scheduled
INT0397,DRV0007,STU0132,Technical,2026-08-26,12:00,13:00,Offline,Scheduled
INT0398,DRV0007,STU0133,Technical,2026-08-22,12:00,13:00,Online,Scheduled
INT0399,DRV0007,STU0145,Technical,2026-08-27,10:00,11:00,Online,Scheduled
INT0400,DRV0007,STU0167,Technical,2026-08-27,14:00,15:00,Online,Scheduled
INT0401,DRV0007,STU0178,HR,2026-08-25,14:00,15:00,Offline,Scheduled
INT0402,DRV0007,STU0187,HR,2026-08-24,09:00,10:00,Online,Scheduled
INT0403,DRV0007,STU0189,Technical,2026-08-31,13:00,14:00,Online,Scheduled
INT0404,DRV0007,STU0211,HR,2026-09-19,16:00,17:00,Online,Scheduled
INT0405,DRV0007,STU0220,HR,2026-10-07,13:00,14:00,Online,Scheduled
INT0406,DRV0007,STU0230,HR,2026-08-22,09:00,10:00,Online,Scheduled
INT0407,DRV0007,STU0241,Technical,2026-08-22,10:00,11:00,Offline,Scheduled
INT0408,DRV0007,STU0244,Technical,2026-08-22,11:00,12:00,Online,Scheduled
INT0409,DRV0007,STU0249,Technical,2026-08-23,12:00,13:00,Online,Scheduled
INT0410,DRV0007,STU0250,HR,2026-08-24,12:00,13:00,Offline,Scheduled
INT0411,DRV0007,STU0258,HR,2026-08-23,12:00,13:00,Offline,Scheduled
INT0412,DRV0007,STU0262,HR,2026-08-26,11:00,12:00,Offline,Scheduled
INT0413,DRV0007,STU0273,HR,2026-08-24,15:00,16:00,Offline,Scheduled
INT0414,DRV0007,STU0274,Technical,2026-08-24,15:00,16:00,Offline,Scheduled
INT0415,DRV0007,STU0276,Technical,2026-10-09,09:00,10:00,Offline,Scheduled
INT0416,DRV0007,STU0290,HR,2026-08-25,11:00,12:00,Online,Scheduled
INT0417,DRV0007,STU0298,HR,2026-08-24,10:00,11:00,Offline,Scheduled
INT0418,DRV0007,STU0302,Technical,2026-08-29,09:00,10:00,Offline,Scheduled
INT0419,DRV0007,STU0307,Technical,2026-09-07,10:00,11:00,Online,Scheduled
INT0420,DRV0007,STU0323,HR,2026-08-27,12:00,13:00,Online,Scheduled
INT0421,DRV0007,STU0328,Technical,2026-08-22,12:00,13:00,Online,Scheduled
INT0422,DRV0007,STU0331,Technical,2026-08-28,16:00,17:00,Online,Scheduled
INT0423,DRV0007,STU0332,HR,2026-08-23,14:00,15:00,Offline,Scheduled
INT0424,DRV0007,STU0335,HR,2026-08-27,14:00,15:00,Offline,Scheduled
INT0425,DRV0007,STU0336,Technical,2026-10-10,13:00,14:00,Offline,Scheduled
INT0426,DRV0007,STU0339,HR,2026-08-28,10:00,11:00,Offline,Scheduled
INT0427,DRV0007,STU0344,Technical,2026-08-28,12:00,13:00,Online,Scheduled
INT0428,DRV0007,STU0349,HR,2026-08-26,15:00,16:00,Online,Scheduled
INT0429,DRV0007,STU0356,Technical,2026-08-23,15:00,16:00,Offline,Scheduled
INT0430,DRV0007,STU0357,HR,2026-08-27,14:00,15:00,Offline,Scheduled
INT0431,DRV0007,STU0374,Technical,2026-08-25,16:00,17:00,Offline,Scheduled
INT0432,DRV0007,STU0389,Technical,2026-08-27,16:00,17:00,Online,Scheduled
INT0433,DRV0007,STU0391,Technical,2026-08-28,10:00,11:00,Online,Scheduled
INT0434,DRV0007,STU0395,Technical,2026-08-28,12:00,13:00,Online,Scheduled
INT0435,DRV0007,STU0396,HR,2026-08-26,16:00,17:00,Online,Scheduled
INT0436,DRV0007,STU0397,HR,2026-08-27,16:00,17:00,Online,Scheduled
INT0437,DRV0007,STU0400,Technical,2026-08-26,15:00,16:00,Online,Scheduled
INT0438,DRV0007,STU0403,Technical,2026-08-24,13:00,14:00,Offline,Scheduled
INT0439,DRV0007,STU0413,Technical,2026-10-09,09:00,10:00,Online,Scheduled
INT0440,DRV0007,STU0424,HR,2026-09-21,14:00,15:00,Offline,Scheduled
INT0441,DRV0007,STU0452,Technical,2026-08-25,16:00,17:00,Online,Scheduled
INT0442,DRV0007,STU0458,Technical,2026-08-28,10:00,11:00,Online,Scheduled
INT0443,DRV0007,STU0461,Technical,2026-08-25,16:00,17:00,Online,Scheduled
INT0444,DRV0007,STU0462,HR,2026-08-22,16:00,17:00,Offline,Scheduled
INT0445,DRV0007,STU0485,Technical,2026-08-30,15:00,16:00,Online,Scheduled
INT0446,DRV0007,STU0494,HR,2026-10-13,11:00,12:00,Online,Scheduled
INT0447,DRV0007,STU0503,Technical,2026-09-09,11:00,12:00,Offline,Scheduled
INT0448,DRV0007,STU0512,HR,2026-08-23,11:00,12:00,Online,Scheduled
INT0449,DRV0007,STU0525,HR,2026-08-26,12:00,13:00,Offline,Scheduled
INT0450,DRV0007,STU0526,Technical,2026-09-05,15:00,16:00,Offline,Scheduled
INT0451,DRV0007,STU0529,Technical,2026-08-25,12:00,13:00,Offline,Scheduled
INT0452,DRV0007,STU0534,HR,2026-08-26,15:00,16:00,Online,Scheduled
INT0453,DRV0007,STU0538,HR,2026-08-28,16:00,17:00,Online,Scheduled
INT0454,DRV0007,STU0539,Technical,2026-08-25,15:00,16:00,Offline,Scheduled
INT0455,DRV0007,STU0540,Technical,2026-10-03,10:00,11:00,Online,Scheduled
INT0456,DRV0007,STU0543,Technical,2026-08-23,15:00,16:00,Offline,Scheduled
INT0457,DRV0007,STU0544,Technical,2026-09-25,10:00,11:00,Offline,Scheduled
INT0458,DRV0007,STU0547,Technical,2026-09-17,13:00,14:00,Online,Scheduled
INT0459,DRV0007,STU0556,HR,2026-08-25,16:00,17:00,Online,Scheduled
INT0460,DRV0007,STU0562,HR,2026-08-24,10:00,11:00,Offline,Scheduled
INT0461,DRV0007,STU0564,Technical,2026-08-25,15:00,16:00,Online,Scheduled
INT0462,DRV0007,STU0568,Technical,2026-08-23,15:00,16:00,Online,Scheduled
INT0463,DRV0007,STU0573,Technical,2026-09-23,16:00,17:00,Online,Scheduled
INT0464,DRV0007,STU0598,HR,2026-08-27,16:00,17:00,Offline,Scheduled
INT0465,DRV0008,STU0003,Technical,2026-10-05,15:00,16:00,Offline,Scheduled
INT0466,DRV0008,STU0020,HR,2026-10-04,09:00,10:00,Offline,Scheduled
INT0467,DRV0008,STU0033,HR,2026-10-08,14:00,15:00,Offline,Scheduled
INT0468,DRV0008,STU0041,HR,2026-10-04,12:00,13:00,Offline,Scheduled
INT0469,DRV0008,STU0042,HR,2026-10-07,12:00,13:00,Offline,Scheduled
INT0470,DRV0008,STU0057,HR,2026-10-05,14:00,15:00,Offline,Scheduled
INT0471,DRV0008,STU0094,HR,2026-10-04,15:00,16:00,Online,Scheduled
INT0472,DRV0008,STU0102,Technical,2026-10-06,11:00,12:00,Offline,Scheduled
INT0473,DRV0008,STU0189,Technical,2026-10-08,13:00,14:00,Offline,Scheduled
INT0474,DRV0008,STU0200,Technical,2026-10-03,13:00,14:00,Offline,Scheduled
INT0475,DRV0008,STU0205,HR,2026-10-07,15:00,16:00,Online,Scheduled
INT0476,DRV0008,STU0226,HR,2026-10-08,10:00,11:00,Offline,Scheduled
INT0477,DRV0008,STU0250,Technical,2026-10-08,14:00,15:00,Online,Scheduled
INT0478,DRV0008,STU0283,Technical,2026-10-10,14:00,15:00,Offline,Scheduled
INT0479,DRV0008,STU0296,Technical,2026-10-08,15:00,16:00,Online,Scheduled
INT0480,DRV0008,STU0306,HR,2026-10-05,16:00,17:00,Offline,Scheduled
INT0481,DRV0008,STU0320,HR,2026-10-08,11:00,12:00,Online,Scheduled
INT0482,DRV0008,STU0327,Technical,2026-10-04,15:00,16:00,Online,Scheduled
INT0483,DRV0008,STU0332,HR,2026-10-04,13:00,14:00,Offline,Scheduled
INT0484,DRV0008,STU0352,Technical,2026-10-04,16:00,17:00,Offline,Scheduled
INT0485,DRV0008,STU0358,Technical,2026-10-07,15:00,16:00,Offline,Scheduled
INT0486,DRV0008,STU0383,Technical,2026-10-07,10:00,11:00,Offline,Scheduled
INT0487,DRV0008,STU0386,Technical,2026-10-07,11:00,12:00,Online,Scheduled
INT0488,DRV0008,STU0389,HR,2026-10-05,15:00,16:00,Online,Scheduled
INT0489,DRV0008,STU0409,HR,2026-10-03,15:00,16:00,Online,Scheduled
INT0490,DRV0008,STU0410,HR,2026-10-03,16:00,17:00,Offline,Scheduled
INT0491,DRV0008,STU0411,HR,2026-10-03,12:00,13:00,Online,Scheduled
INT0492,DRV0008,STU0413,HR,2026-10-08,11:00,12:00,Offline,Scheduled
INT0493,DRV0008,STU0415,HR,2026-10-02,13:00,14:00,Offline,Scheduled
INT0494,DRV0008,STU0432,Technical,2026-10-06,15:00,16:00,Offline,Scheduled
INT0495,DRV0008,STU0458,HR,2026-10-05,11:00,12:00,Online,Scheduled
INT0496,DRV0008,STU0470,Technical,2026-10-04,10:00,11:00,Offline,Scheduled
INT0497,DRV0008,STU0494,HR,2026-10-04,11:00,12:00,Offline,Scheduled
INT0498,DRV0008,STU0495,HR,2026-10-06,15:00,16:00,Online,Scheduled
INT0499,DRV0008,STU0508,Technical,2026-10-06,11:00,12:00,Offline,Scheduled
INT0500,DRV0008,STU0521,HR,2026-10-03,14:00,15:00,Online,Scheduled
INT0501,DRV0008,STU0539,HR,2026-10-03,15:00,16:00,Offline,Scheduled
INT0502,DRV0008,STU0549,HR,2026-10-05,16:00,17:00,Online,Scheduled
INT0503,DRV0008,STU0556,HR,2026-10-06,13:00,14:00,Online,Scheduled
INT0504,DRV0008,STU0583,Technical,2026-10-06,13:00,14:00,Offline,Scheduled
INT0505,DRV0008,STU0590,Technical,2026-10-08,16:00,17:00,Online,Scheduled
INT0506,DRV0009,STU0011,Technical,2026-09-14,14:00,15:00,Offline,Scheduled
INT0507,DRV0009,STU0020,Technical,2026-09-13,10:00,11:00,Offline,Scheduled
INT0508,DRV0009,STU0092,Technical,2026-09-12,14:00,15:00,Offline,Scheduled
INT0509,DRV0009,STU0101,Technical,2026-09-16,12:00,13:00,Offline,Scheduled
INT0510,DRV0009,STU0171,Technical,2026-09-21,14:00,15:00,Online,Scheduled
INT0511,DRV0009,STU0278,Technical,2026-09-14,13:00,14:00,Offline,Scheduled
INT0512,DRV0009,STU0296,Technical,2026-09-21,16:00,17:00,Online,Scheduled
INT0513,DRV0009,STU0391,Technical,2026-09-15,10:00,11:00,Online,Scheduled
INT0514,DRV0009,STU0396,HR,2026-09-14,10:00,11:00,Offline,Scheduled
INT0515,DRV0009,STU0431,HR,2026-09-15,13:00,14:00,Offline,Scheduled
INT0516,DRV0009,STU0438,HR,2026-09-15,10:00,11:00,Offline,Scheduled
INT0517,DRV0009,STU0452,HR,2026-09-12,16:00,17:00,Offline,Scheduled
INT0518,DRV0009,STU0470,HR,2026-09-16,10:00,11:00,Offline,Scheduled
INT0519,DRV0009,STU0528,HR,2026-09-13,12:00,13:00,Offline,Scheduled
INT0520,DRV0009,STU0549,Technical,2026-09-12,14:00,15:00,Offline,Scheduled
INT0521,DRV0010,STU0033,Technical,2026-09-04,16:00,17:00,Online,Scheduled
INT0522,DRV0010,STU0042,HR,2026-09-02,09:00,10:00,Online,Scheduled
INT0523,DRV0010,STU0092,Technical,2026-09-05,13:00,14:00,Offline,Scheduled
INT0524,DRV0010,STU0100,Technical,2026-09-26,12:00,13:00,Offline,Scheduled
INT0525,DRV0010,STU0102,HR,2026-09-04,12:00,13:00,Online,Scheduled
INT0526,DRV0010,STU0147,HR,2026-08-30,12:00,13:00,Online,Scheduled
INT0527,DRV0010,STU0166,Technical,2026-08-31,16:00,17:00,Online,Scheduled
INT0528,DRV0010,STU0171,HR,2026-09-05,10:00,11:00,Online,Scheduled
INT0529,DRV0010,STU0177,Technical,2026-10-16,14:00,15:00,Online,Scheduled
INT0530,DRV0010,STU0178,Technical,2026-09-01,13:00,14:00,Offline,Scheduled
INT0531,DRV0010,STU0205,Technical,2026-09-04,11:00,12:00,Online,Scheduled
INT0532,DRV0010,STU0229,HR,2026-09-01,14:00,15:00,Online,Scheduled
INT0533,DRV0010,STU0261,HR,2026-08-31,15:00,16:00,Online,Scheduled
INT0534,DRV0010,STU0262,Technical,2026-08-30,11:00,12:00,Offline,Scheduled
INT0535,DRV0010,STU0264,Technical,2026-09-02,14:00,15:00,Online,Scheduled
INT0536,DRV0010,STU0276,HR,2026-08-30,12:00,13:00,Online,Scheduled
INT0537,DRV0010,STU0283,Technical,2026-09-01,12:00,13:00,Offline,Scheduled
INT0538,DRV0010,STU0296,HR,2026-08-30,12:00,13:00,Offline,Scheduled
INT0539,DRV0010,STU0306,Technical,2026-09-02,10:00,11:00,Offline,Scheduled
INT0540,DRV0010,STU0321,HR,2026-09-05,15:00,16:00,Online,Scheduled
INT0541,DRV0010,STU0328,HR,2026-08-30,09:00,10:00,Online,Scheduled
INT0542,DRV0010,STU0332,HR,2026-09-15,16:00,17:00,Offline,Scheduled
INT0543,DRV0010,STU0334,Technical,2026-09-02,10:00,11:00,Offline,Scheduled
INT0544,DRV0010,STU0337,Technical,2026-08-30,12:00,13:00,Offline,Scheduled
INT0545,DRV0010,STU0338,HR,2026-09-04,10:00,11:00,Offline,Scheduled
INT0546,DRV0010,STU0349,Technical,2026-09-13,09:00,10:00,Online,Scheduled
INT0547,DRV0010,STU0352,HR,2026-09-28,13:00,14:00,Online,Scheduled
INT0548,DRV0010,STU0381,Technical,2026-09-04,11:00,12:00,Online,Scheduled
INT0549,DRV0010,STU0386,Technical,2026-09-04,09:00,10:00,Offline,Scheduled
INT0550,DRV0010,STU0396,Technical,2026-09-05,13:00,14:00,Offline,Scheduled
INT0551,DRV0010,STU0397,Technical,2026-09-05,13:00,14:00,Online,Scheduled
INT0552,DRV0010,STU0409,Technical,2026-09-02,13:00,14:00,Offline,Scheduled
INT0553,DRV0010,STU0410,HR,2026-09-03,10:00,11:00,Offline,Scheduled
INT0554,DRV0010,STU0411,Technical,2026-08-30,16:00,17:00,Offline,Scheduled
INT0555,DRV0010,STU0413,Technical,2026-09-05,10:00,11:00,Online,Scheduled
INT0556,DRV0010,STU0415,Technical,2026-08-30,09:00,10:00,Online,Scheduled
INT0557,DRV0010,STU0438,Technical,2026-10-12,14:00,15:00,Online,Scheduled
INT0558,DRV0010,STU0462,Technical,2026-09-12,10:00,11:00,Offline,Scheduled
INT0559,DRV0010,STU0472,HR,2026-09-04,14:00,15:00,Online,Scheduled
INT0560,DRV0010,STU0508,Technical,2026-08-30,09:00,10:00,Online,Scheduled
INT0561,DRV0010,STU0534,HR,2026-09-02,13:00,14:00,Offline,Scheduled
INT0562,DRV0010,STU0539,HR,2026-09-02,09:00,10:00,Online,Scheduled
INT0563,DRV0010,STU0540,Technical,2026-09-05,13:00,14:00,Offline,Scheduled
INT0564,DRV0010,STU0547,Technical,2026-09-02,12:00,13:00,Online,Scheduled
INT0565,DRV0010,STU0555,Technical,2026-09-02,09:00,10:00,Offline,Scheduled
INT0566,DRV0010,STU0557,HR,2026-09-04,09:00,10:00,Online,Scheduled
INT0567,DRV0010,STU0582,Technical,2026-09-04,13:00,14:00,Online,Scheduled
INT0568,DRV0010,STU0583,HR,2026-08-31,15:00,16:00,Online,Scheduled
INT0569,DRV0010,STU0599,Technical,2026-09-01,10:00,11:00,Online,Scheduled
INT0570,DRV0011,STU0011,HR,2026-08-29,14:00,15:00,Online,Scheduled
INT0571,DRV0011,STU0020,HR,2026-08-28,11:00,12:00,Online,Scheduled
INT0572,DRV0011,STU0028,Technical,2026-09-25,10:00,11:00,Online,Scheduled
INT0573,DRV0011,STU0041,HR,2026-08-30,14:00,15:00,Offline,Scheduled
INT0574,DRV0011,STU0042,Technical,2026-08-26,12:00,13:00,Online,Scheduled
INT0575,DRV0011,STU0050,Technical,2026-09-09,12:00,13:00,Online,Scheduled
INT0576,DRV0011,STU0060,HR,2026-08-27,14:00,15:00,Online,Scheduled
INT0577,DRV0011,STU0067,HR,2026-08-30,12:00,13:00,Offline,Scheduled
INT0578,DRV0011,STU0083,Technical,2026-10-10,09:00,10:00,Online,Scheduled
INT0579,DRV0011,STU0096,Technical,2026-08-29,09:00,10:00,Offline,Scheduled
INT0580,DRV0011,STU0098,HR,2026-08-29,12:00,13:00,Offline,Scheduled
INT0581,DRV0011,STU0100,HR,2026-08-29,13:00,14:00,Online,Scheduled
INT0582,DRV0011,STU0101,Technical,2026-10-10,12:00,13:00,Online,Scheduled
INT0583,DRV0011,STU0102,Technical,2026-09-22,16:00,17:00,Online,Scheduled
INT0584,DRV0011,STU0103,Technical,2026-08-30,12:00,13:00,Online,Scheduled
INT0585,DRV0011,STU0107,HR,2026-10-10,15:00,16:00,Online,Scheduled
INT0586,DRV0011,STU0122,HR,2026-08-24,12:00,13:00,Online,Scheduled
INT0587,DRV0011,STU0136,Technical,2026-08-30,14:00,15:00,Online,Scheduled
INT0588,DRV0011,STU0149,HR,2026-08-28,15:00,16:00,Offline,Scheduled
INT0589,DRV0011,STU0165,Technical,2026-08-29,15:00,16:00,Offline,Scheduled
INT0590,DRV0011,STU0171,HR,2026-08-25,13:00,14:00,Offline,Scheduled
INT0591,DRV0011,STU0174,HR,2026-08-28,12:00,13:00,Offline,Scheduled
INT0592,DRV0011,STU0182,Technical,2026-08-28,16:00,17:00,Online,Scheduled
INT0593,DRV0011,STU0186,Technical,2026-08-25,15:00,16:00,Online,Scheduled
INT0594,DRV0011,STU0200,HR,2026-08-30,09:00,10:00,Offline,Scheduled
INT0595,DRV0011,STU0213,HR,2026-08-30,16:00,17:00,Offline,Scheduled
INT0596,DRV0011,STU0227,HR,2026-08-25,09:00,10:00,Online,Scheduled
INT0597,DRV0011,STU0229,Technical,2026-09-01,14:00,15:00,Offline,Scheduled
INT0598,DRV0011,STU0230,Technical,2026-09-18,16:00,17:00,Online,Scheduled
INT0599,DRV0011,STU0236,Technical,2026-09-18,15:00,16:00,Online,Scheduled
INT0600,DRV0011,STU0242,HR,2026-09-07,10:00,11:00,Online,Scheduled
INT0601,DRV0011,STU0264,HR,2026-08-28,14:00,15:00,Online,Scheduled
INT0602,DRV0011,STU0285,Technical,2026-09-27,09:00,10:00,Offline,Scheduled
INT0603,DRV0011,STU0298,Technical,2026-08-25,16:00,17:00,Online,Scheduled
INT0604,DRV0011,STU0303,Technical,2026-08-28,12:00,13:00,Offline,Scheduled
INT0605,DRV0011,STU0307,Technical,2026-08-28,12:00,13:00,Offline,Scheduled
INT0606,DRV0011,STU0310,Technical,2026-10-05,09:00,10:00,Online,Scheduled
INT0607,DRV0011,STU0313,Technical,2026-08-29,11:00,12:00,Offline,Scheduled
INT0608,DRV0011,STU0328,Technical,2026-08-29,15:00,16:00,Offline,Scheduled
INT0609,DRV0011,STU0332,HR,2026-08-25,11:00,12:00,Offline,Scheduled
INT0610,DRV0011,STU0335,Technical,2026-08-30,09:00,10:00,Online,Scheduled
INT0611,DRV0011,STU0338,Technical,2026-08-29,13:00,14:00,Online,Scheduled
INT0612,DRV0011,STU0339,Technical,2026-08-29,15:00,16:00,Online,Scheduled
INT0613,DRV0011,STU0349,Technical,2026-08-30,12:00,13:00,Offline,Scheduled
INT0614,DRV0011,STU0352,Technical,2026-08-29,10:00,11:00,Offline,Scheduled
INT0615,DRV0011,STU0366,HR,2026-08-24,14:00,15:00,Online,Scheduled
INT0616,DRV0011,STU0375,HR,2026-08-25,10:00,11:00,Offline,Scheduled
INT0617,DRV0011,STU0391,HR,2026-08-24,15:00,16:00,Offline,Scheduled
INT0618,DRV0011,STU0415,HR,2026-08-27,14:00,15:00,Online,Scheduled
INT0619,DRV0011,STU0463,Technical,2026-08-30,12:00,13:00,Offline,Scheduled
INT0620,DRV0011,STU0472,HR,2026-08-30,09:00,10:00,Online,Scheduled
INT0621,DRV0011,STU0494,HR,2026-08-24,10:00,11:00,Online,Scheduled
INT0622,DRV0011,STU0496,HR,2026-08-24,10:00,11:00,Offline,Scheduled
INT0623,DRV0011,STU0508,HR,2026-08-27,11:00,12:00,Online,Scheduled
INT0624,DRV0011,STU0521,Technical,2026-08-26,12:00,13:00,Offline,Scheduled
INT0625,DRV0011,STU0525,HR,2026-08-29,13:00,14:00,Offline,Scheduled
INT0626,DRV0011,STU0528,HR,2026-08-24,15:00,16:00,Online,Scheduled
INT0627,DRV0011,STU0534,Technical,2026-08-24,15:00,16:00,Offline,Scheduled
INT0628,DRV0011,STU0540,Technical,2026-08-27,12:00,13:00,Online,Scheduled
INT0629,DRV0011,STU0547,Technical,2026-08-29,13:00,14:00,Offline,Scheduled
INT0630,DRV0011,STU0551,HR,2026-09-29,16:00,17:00,Offline,Scheduled
INT0631,DRV0011,STU0555,Technical,2026-08-28,15:00,16:00,Offline,Scheduled
INT0632,DRV0011,STU0557,HR,2026-08-27,09:00,10:00,Offline,Scheduled
INT0633,DRV0011,STU0563,Technical,2026-08-25,13:00,14:00,Online,Scheduled
INT0634,DRV0011,STU0582,HR,2026-09-17,12:00,13:00,Online,Scheduled
INT0635,DRV0011,STU0590,HR,2026-08-30,15:00,16:00,Offline,Scheduled
INT0636,DRV0011,STU0591,HR,2026-08-25,16:00,17:00,Online,Scheduled
INT0637,DRV0011,STU0596,Technical,2026-08-30,09:00,10:00,Online,Scheduled
INT0638,DRV0012,STU0003,Technical,2026-10-05,15:00,16:00,Online,Scheduled
INT0639,DRV0012,STU0010,Technical,2026-08-13,15:00,16:00,Online,Scheduled
INT0640,DRV0012,STU0020,Technical,2026-10-08,11:00,12:00,Offline,Scheduled
INT0641,DRV0012,STU0021,HR,2026-08-17,14:00,15:00,Offline,Scheduled
INT0642,DRV0012,STU0037,Technical,2026-08-20,10:00,11:00,Offline,Scheduled
INT0643,DRV0012,STU0039,Technical,2026-08-17,10:00,11:00,Online,Scheduled
INT0644,DRV0012,STU0076,HR,2026-08-18,16:00,17:00,Online,Scheduled
INT0645,DRV0012,STU0088,HR,2026-09-30,12:00,13:00,Online,Scheduled
INT0646,DRV0012,STU0092,Technical,2026-08-15,12:00,13:00,Offline,Scheduled
INT0647,DRV0012,STU0131,HR,2026-08-19,13:00,14:00,Offline,Scheduled
INT0648,DRV0012,STU0174,Technical,2026-08-19,12:00,13:00,Offline,Scheduled
INT0649,DRV0012,STU0178,HR,2026-08-19,14:00,15:00,Offline,Scheduled
INT0650,DRV0012,STU0187,HR,2026-08-13,12:00,13:00,Online,Scheduled
INT0651,DRV0012,STU0206,Technical,2026-10-01,10:00,11:00,Online,Scheduled
INT0652,DRV0012,STU0224,Technical,2026-08-18,15:00,16:00,Online,Scheduled
INT0653,DRV0012,STU0225,Technical,2026-08-18,13:00,14:00,Online,Scheduled
INT0654,DRV0012,STU0229,Technical,2026-08-13,14:00,15:00,Offline,Scheduled
INT0655,DRV0012,STU0235,Technical,2026-08-23,14:00,15:00,Online,Scheduled
INT0656,DRV0012,STU0261,Technical,2026-08-16,16:00,17:00,Offline,Scheduled
INT0657,DRV0012,STU0276,Technical,2026-08-15,14:00,15:00,Offline,Scheduled
INT0658,DRV0012,STU0280,HR,2026-08-18,10:00,11:00,Online,Scheduled
INT0659,DRV0012,STU0286,Technical,2026-08-21,12:00,13:00,Online,Scheduled
INT0660,DRV0012,STU0293,Technical,2026-08-15,15:00,16:00,Online,Scheduled
INT0661,DRV0012,STU0303,Technical,2026-08-14,11:00,12:00,Online,Scheduled
INT0662,DRV0012,STU0321,HR,2026-08-19,13:00,14:00,Offline,Scheduled
INT0663,DRV0012,STU0332,HR,2026-08-14,16:00,17:00,Offline,Scheduled
INT0664,DRV0012,STU0334,HR,2026-08-13,14:00,15:00,Offline,Scheduled
INT0665,DRV0012,STU0352,HR,2026-08-16,10:00,11:00,Offline,Scheduled
INT0666,DRV0012,STU0357,HR,2026-08-19,13:00,14:00,Offline,Scheduled
INT0667,DRV0012,STU0389,Technical,2026-08-17,12:00,13:00,Offline,Scheduled
INT0668,DRV0012,STU0392,Technical,2026-08-18,11:00,12:00,Offline,Scheduled
INT0669,DRV0012,STU0397,HR,2026-08-16,15:00,16:00,Online,Scheduled
INT0670,DRV0012,STU0409,HR,2026-08-17,12:00,13:00,Online,Scheduled
INT0671,DRV0012,STU0410,HR,2026-08-18,16:00,17:00,Offline,Scheduled
INT0672,DRV0012,STU0431,Technical,2026-08-13,16:00,17:00,Offline,Scheduled
INT0673,DRV0012,STU0432,HR,2026-08-17,11:00,12:00,Online,Scheduled
INT0674,DRV0012,STU0443,HR,2026-08-14,13:00,14:00,Offline,Scheduled
INT0675,DRV0012,STU0465,HR,2026-09-21,16:00,17:00,Online,Scheduled
INT0676,DRV0012,STU0470,HR,2026-08-19,10:00,11:00,Online,Scheduled
INT0677,DRV0012,STU0477,HR,2026-08-25,16:00,17:00,Offline,Scheduled
INT0678,DRV0012,STU0495,Technical,2026-08-19,11:00,12:00,Online,Scheduled
INT0679,DRV0012,STU0500,Technical,2026-08-17,16:00,17:00,Offline,Scheduled
INT0680,DRV0012,STU0512,HR,2026-08-13,16:00,17:00,Online,Scheduled
INT0681,DRV0012,STU0528,HR,2026-08-13,09:00,10:00,Offline,Scheduled
INT0682,DRV0012,STU0540,Technical,2026-08-19,11:00,12:00,Offline,Scheduled
INT0683,DRV0012,STU0564,HR,2026-09-30,14:00,15:00,Offline,Scheduled
INT0684,DRV0012,STU0571,HR,2026-08-23,09:00,10:00,Online,Scheduled
INT0685,DRV0012,STU0600,Technical,2026-08-13,09:00,10:00,Online,Scheduled
INT0686,DRV0013,STU0001,Technical,2026-09-20,13:00,14:00,Online,Scheduled
INT0687,DRV0013,STU0005,Technical,2026-09-22,13:00,14:00,Online,Scheduled
INT0688,DRV0013,STU0013,HR,2026-09-20,16:00,17:00,Offline,Scheduled
INT0689,DRV0013,STU0022,Technical,2026-09-21,14:00,15:00,Online,Scheduled
INT0690,DRV0013,STU0027,Technical,2026-09-23,12:00,13:00,Online,Scheduled
INT0691,DRV0013,STU0028,Technical,2026-09-22,11:00,12:00,Offline,Scheduled
INT0692,DRV0013,STU0031,HR,2026-09-24,09:00,10:00,Offline,Scheduled
INT0693,DRV0013,STU0038,Technical,2026-09-22,09:00,10:00,Online,Scheduled
INT0694,DRV0013,STU0042,HR,2026-09-21,12:00,13:00,Offline,Scheduled
INT0695,DRV0013,STU0043,Technical,2026-09-21,13:00,14:00,Online,Scheduled
INT0696,DRV0013,STU0047,HR,2026-09-23,09:00,10:00,Offline,Scheduled
INT0697,DRV0013,STU0050,Technical,2026-09-23,13:00,14:00,Offline,Scheduled
INT0698,DRV0013,STU0058,HR,2026-09-20,14:00,15:00,Online,Scheduled
INT0699,DRV0013,STU0061,HR,2026-09-22,12:00,13:00,Online,Scheduled
INT0700,DRV0013,STU0065,Technical,2026-10-12,13:00,14:00,Online,Scheduled
INT0701,DRV0013,STU0067,HR,2026-09-19,16:00,17:00,Online,Scheduled
INT0702,DRV0013,STU0071,Technical,2026-09-23,10:00,11:00,Offline,Scheduled
INT0703,DRV0013,STU0072,Technical,2026-09-18,10:00,11:00,Offline,Scheduled
INT0704,DRV0013,STU0074,HR,2026-09-21,13:00,14:00,Offline,Scheduled
INT0705,DRV0013,STU0079,Technical,2026-09-20,15:00,16:00,Offline,Scheduled
INT0706,DRV0013,STU0082,HR,2026-09-24,09:00,10:00,Online,Scheduled
INT0707,DRV0013,STU0083,Technical,2026-09-24,09:00,10:00,Online,Scheduled
INT0708,DRV0013,STU0085,HR,2026-09-19,14:00,15:00,Offline,Scheduled
INT0709,DRV0013,STU0087,HR,2026-09-18,16:00,17:00,Offline,Scheduled
INT0710,DRV0013,STU0090,HR,2026-09-27,16:00,17:00,Offline,Scheduled
INT0711,DRV0013,STU0098,Technical,2026-09-20,09:00,10:00,Online,Scheduled
INT0712,DRV0013,STU0099,Technical,2026-09-23,09:00,10:00,Online,Scheduled
INT0713,DRV0013,STU0102,HR,2026-09-22,16:00,17:00,Online,Scheduled
INT0714,DRV0013,STU0106,Technical,2026-10-03,11:00,12:00,Online,Scheduled
INT0715,DRV0013,STU0107,HR,2026-09-21,10:00,11:00,Offline,Scheduled
INT0716,DRV0013,STU0109,Technical,2026-10-08,09:00,10:00,Online,Scheduled
INT0717,DRV0013,STU0114,HR,2026-09-20,10:00,11:00,Online,Scheduled
INT0718,DRV0013,STU0117,Technical,2026-09-23,15:00,16:00,Online,Scheduled
INT0719,DRV0013,STU0126,HR,2026-09-19,16:00,17:00,Online,Scheduled
INT0720,DRV0013,STU0131,Technical,2026-09-21,14:00,15:00,Offline,Scheduled
INT0721,DRV0013,STU0145,HR,2026-09-20,14:00,15:00,Online,Scheduled
INT0722,DRV0013,STU0155,Technical,2026-09-21,16:00,17:00,Offline,Scheduled
INT0723,DRV0013,STU0164,Technical,2026-09-23,16:00,17:00,Online,Scheduled
INT0724,DRV0013,STU0166,Technical,2026-09-18,09:00,10:00,Offline,Scheduled
INT0725,DRV0013,STU0170,HR,2026-09-21,14:00,15:00,Offline,Scheduled
INT0726,DRV0013,STU0181,HR,2026-09-21,12:00,13:00,Offline,Scheduled
INT0727,DRV0013,STU0188,Technical,2026-09-24,12:00,13:00,Offline,Scheduled
INT0728,DRV0013,STU0192,HR,2026-09-23,13:00,14:00,Online,Scheduled
INT0729,DRV0013,STU0193,Technical,2026-09-19,16:00,17:00,Offline,Scheduled
INT0730,DRV0013,STU0197,Technical,2026-09-22,12:00,13:00,Online,Scheduled
INT0731,DRV0013,STU0201,HR,2026-09-26,12:00,13:00,Online,Scheduled
INT0732,DRV0013,STU0203,HR,2026-09-23,12:00,13:00,Offline,Scheduled
INT0733,DRV0013,STU0210,HR,2026-10-05,09:00,10:00,Online,Scheduled
INT0734,DRV0013,STU0211,HR,2026-09-18,15:00,16:00,Online,Scheduled
INT0735,DRV0013,STU0219,Technical,2026-09-21,11:00,12:00,Offline,Scheduled
INT0736,DRV0013,STU0224,HR,2026-09-22,14:00,15:00,Offline,Scheduled
INT0737,DRV0013,STU0233,HR,2026-09-20,13:00,14:00,Online,Scheduled
INT0738,DRV0013,STU0236,HR,2026-09-22,13:00,14:00,Online,Scheduled
INT0739,DRV0013,STU0241,HR,2026-09-22,11:00,12:00,Online,Scheduled
INT0740,DRV0013,STU0250,Technical,2026-09-19,14:00,15:00,Offline,Scheduled
INT0741,DRV0013,STU0257,HR,2026-09-22,15:00,16:00,Offline,Scheduled
INT0742,DRV0013,STU0259,Technical,2026-09-23,14:00,15:00,Online,Scheduled
INT0743,DRV0013,STU0261,Technical,2026-09-19,13:00,14:00,Offline,Scheduled
INT0744,DRV0013,STU0262,HR,2026-09-18,13:00,14:00,Online,Scheduled
INT0745,DRV0013,STU0274,Technical,2026-10-10,15:00,16:00,Online,Scheduled
INT0746,DRV0013,STU0278,Technical,2026-09-25,13:00,14:00,Offline,Scheduled
INT0747,DRV0013,STU0283,HR,2026-09-18,15:00,16:00,Offline,Scheduled
INT0748,DRV0013,STU0290,Technical,2026-10-10,12:00,13:00,Offline,Scheduled
INT0749,DRV0013,STU0291,Technical,2026-09-24,16:00,17:00,Offline,Scheduled
INT0750,DRV0013,STU0294,Technical,2026-09-20,15:00,16:00,Offline,Scheduled
INT0751,DRV0013,STU0295,Technical,2026-09-23,10:00,11:00,Online,Scheduled
INT0752,DRV0013,STU0296,Technical,2026-09-21,16:00,17:00,Offline,Scheduled
INT0753,DRV0013,STU0298,Technical,2026-09-21,15:00,16:00,Offline,Scheduled
INT0754,DRV0013,STU0306,Technical,2026-09-21,11:00,12:00,Online,Scheduled
INT0755,DRV0013,STU0311,HR,2026-09-20,13:00,14:00,Offline,Scheduled
INT0756,DRV0013,STU0313,Technical,2026-09-23,13:00,14:00,Online,Scheduled
INT0757,DRV0013,STU0315,HR,2026-09-27,09:00,10:00,Offline,Scheduled
INT0758,DRV0013,STU0317,HR,2026-09-20,10:00,11:00,Offline,Scheduled
INT0759,DRV0013,STU0321,Technical,2026-09-18,10:00,11:00,Online,Scheduled
INT0760,DRV0013,STU0322,Technical,2026-09-21,12:00,13:00,Online,Scheduled
INT0761,DRV0013,STU0324,Technical,2026-09-20,15:00,16:00,Offline,Scheduled
INT0762,DRV0013,STU0331,Technical,2026-09-23,13:00,14:00,Offline,Scheduled
INT0763,DRV0013,STU0334,HR,2026-09-22,16:00,17:00,Online,Scheduled
INT0764,DRV0013,STU0335,HR,2026-09-23,12:00,13:00,Online,Scheduled
INT0765,DRV0013,STU0346,Technical,2026-09-25,09:00,10:00,Online,Scheduled
INT0766,DRV0013,STU0350,HR,2026-09-28,09:00,10:00,Online,Scheduled
INT0767,DRV0013,STU0351,Technical,2026-09-24,15:00,16:00,Online,Scheduled
INT0768,DRV0013,STU0352,Technical,2026-09-23,14:00,15:00,Online,Scheduled
INT0769,DRV0013,STU0356,Technical,2026-09-19,13:00,14:00,Online,Scheduled
INT0770,DRV0013,STU0369,HR,2026-09-21,15:00,16:00,Offline,Scheduled
INT0771,DRV0013,STU0371,Technical,2026-09-23,10:00,11:00,Online,Scheduled
INT0772,DRV0013,STU0375,HR,2026-09-23,16:00,17:00,Online,Scheduled
INT0773,DRV0013,STU0384,Technical,2026-09-19,15:00,16:00,Offline,Scheduled
INT0774,DRV0013,STU0390,HR,2026-10-05,11:00,12:00,Online,Scheduled
INT0775,DRV0013,STU0391,HR,2026-09-19,15:00,16:00,Online,Scheduled
INT0776,DRV0013,STU0393,Technical,2026-09-24,14:00,15:00,Online,Scheduled
INT0777,DRV0013,STU0396,Technical,2026-09-18,15:00,16:00,Offline,Scheduled
INT0778,DRV0013,STU0397,Technical,2026-09-21,11:00,12:00,Offline,Scheduled
INT0779,DRV0013,STU0408,HR,2026-10-05,09:00,10:00,Online,Scheduled
INT0780,DRV0013,STU0410,HR,2026-09-24,13:00,14:00,Online,Scheduled
INT0781,DRV0013,STU0411,Technical,2026-09-18,13:00,14:00,Online,Scheduled
INT0782,DRV0013,STU0419,HR,2026-09-21,14:00,15:00,Online,Scheduled
INT0783,DRV0013,STU0424,HR,2026-09-21,14:00,15:00,Online,Scheduled
INT0784,DRV0013,STU0434,HR,2026-09-21,14:00,15:00,Online,Scheduled
INT0785,DRV0013,STU0436,HR,2026-09-22,16:00,17:00,Online,Scheduled
INT0786,DRV0013,STU0439,HR,2026-09-19,12:00,13:00,Offline,Scheduled
INT0787,DRV0013,STU0447,HR,2026-09-20,16:00,17:00,Offline,Scheduled
INT0788,DRV0013,STU0450,HR,2026-09-29,13:00,14:00,Online,Scheduled
INT0789,DRV0013,STU0456,HR,2026-09-22,10:00,11:00,Online,Scheduled
INT0790,DRV0013,STU0459,Technical,2026-09-23,16:00,17:00,Online,Scheduled
INT0791,DRV0013,STU0465,Technical,2026-09-21,16:00,17:00,Online,Scheduled
INT0792,DRV0013,STU0473,Technical,2026-09-22,16:00,17:00,Offline,Scheduled
INT0793,DRV0013,STU0481,Technical,2026-09-24,13:00,14:00,Offline,Scheduled
INT0794,DRV0013,STU0494,HR,2026-09-18,15:00,16:00,Online,Scheduled
INT0795,DRV0013,STU0497,Technical,2026-09-24,11:00,12:00,Offline,Scheduled
INT0796,DRV0013,STU0505,HR,2026-09-23,14:00,15:00,Offline,Scheduled
INT0797,DRV0013,STU0506,Technical,2026-10-04,15:00,16:00,Online,Scheduled
INT0798,DRV0013,STU0512,Technical,2026-09-19,09:00,10:00,Offline,Scheduled
INT0799,DRV0013,STU0517,Technical,2026-09-21,09:00,10:00,Offline,Scheduled
INT0800,DRV0013,STU0522,HR,2026-09-20,12:00,13:00,Online,Scheduled
INT0801,DRV0013,STU0523,Technical,2026-09-22,14:00,15:00,Offline,Scheduled
INT0802,DRV0013,STU0540,HR,2026-09-19,15:00,16:00,Offline,Scheduled
INT0803,DRV0013,STU0542,Technical,2026-09-29,11:00,12:00,Offline,Scheduled
INT0804,DRV0013,STU0547,Technical,2026-09-18,13:00,14:00,Online,Scheduled
INT0805,DRV0013,STU0555,Technical,2026-09-18,09:00,10:00,Offline,Scheduled
INT0806,DRV0013,STU0573,HR,2026-09-23,16:00,17:00,Online,Scheduled
INT0807,DRV0013,STU0578,Technical,2026-10-06,11:00,12:00,Online,Scheduled
INT0808,DRV0013,STU0579,Technical,2026-09-23,16:00,17:00,Online,Scheduled
INT0809,DRV0013,STU0590,Technical,2026-09-19,13:00,14:00,Offline,Scheduled
INT0810,DRV0013,STU0596,HR,2026-09-26,11:00,12:00,Online,Scheduled
INT0811,DRV0013,STU0598,HR,2026-09-22,16:00,17:00,Online,Scheduled
INT0812,DRV0013,STU0599,Technical,2026-09-18,13:00,14:00,Offline,Scheduled
INT0813,DRV0013,STU0600,HR,2026-09-23,14:00,15:00,Online,Scheduled
INT0814,DRV0014,STU0004,Technical,2026-10-10,15:00,16:00,Online,Scheduled
INT0815,DRV0014,STU0019,Technical,2026-10-01,15:00,16:00,Online,Scheduled
INT0816,DRV0014,STU0020,Technical,2026-09-29,09:00,10:00,Online,Scheduled
INT0817,DRV0014,STU0021,HR,2026-10-07,09:00,10:00,Offline,Scheduled
INT0818,DRV0014,STU0028,Technical,2026-09-25,15:00,16:00,Offline,Scheduled
INT0819,DRV0014,STU0033,HR,2026-09-29,10:00,11:00,Online,Scheduled
INT0820,DRV0014,STU0041,Technical,2026-10-01,12:00,13:00,Offline,Scheduled
INT0821,DRV0014,STU0056,HR,2026-09-29,15:00,16:00,Online,Scheduled
INT0822,DRV0014,STU0058,Technical,2026-09-30,09:00,10:00,Online,Scheduled
INT0823,DRV0014,STU0060,HR,2026-09-26,14:00,15:00,Offline,Scheduled
INT0824,DRV0014,STU0061,HR,2026-10-01,10:00,11:00,Offline,Scheduled
INT0825,DRV0014,STU0065,HR,2026-09-29,13:00,14:00,Online,Scheduled
INT0826,DRV0014,STU0070,Technical,2026-10-01,16:00,17:00,Offline,Scheduled
INT0827,DRV0014,STU0086,HR,2026-10-06,15:00,16:00,Offline,Scheduled
INT0828,DRV0014,STU0091,Technical,2026-09-25,15:00,16:00,Offline,Scheduled
INT0829,DRV0014,STU0109,HR,2026-09-29,15:00,16:00,Online,Scheduled
INT0830,DRV0014,STU0112,Technical,2026-09-25,11:00,12:00,Online,Scheduled
INT0831,DRV0014,STU0122,Technical,2026-09-29,15:00,16:00,Online,Scheduled
INT0832,DRV0014,STU0133,Technical,2026-10-12,15:00,16:00,Offline,Scheduled
INT0833,DRV0014,STU0143,Technical,2026-09-29,09:00,10:00,Online,Scheduled
INT0834,DRV0014,STU0144,Technical,2026-10-02,15:00,16:00,Offline,Scheduled
INT0835,DRV0014,STU0147,Technical,2026-09-30,09:00,10:00,Online,Scheduled
INT0836,DRV0014,STU0151,Technical,2026-09-30,09:00,10:00,Online,Scheduled
INT0837,DRV0014,STU0165,Technical,2026-09-28,15:00,16:00,Online,Scheduled
INT0838,DRV0014,STU0167,HR,2026-09-25,10:00,11:00,Offline,Scheduled
INT0839,DRV0014,STU0171,Technical,2026-10-01,13:00,14:00,Online,Scheduled
INT0840,DRV0014,STU0181,HR,2026-09-28,09:00,10:00,Online,Scheduled
INT0841,DRV0014,STU0182,HR,2026-09-25,10:00,11:00,Offline,Scheduled
INT0842,DRV0014,STU0245,HR,2026-09-30,16:00,17:00,Offline,Scheduled
INT0843,DRV0014,STU0262,HR,2026-09-28,09:00,10:00,Online,Scheduled
INT0844,DRV0014,STU0268,Technical,2026-10-03,13:00,14:00,Offline,Scheduled
INT0845,DRV0014,STU0270,HR,2026-10-01,13:00,14:00,Online,Scheduled
INT0846,DRV0014,STU0274,Technical,2026-09-28,14:00,15:00,Online,Scheduled
INT0847,DRV0014,STU0275,HR,2026-10-04,15:00,16:00,Online,Scheduled
INT0848,DRV0014,STU0285,Technical,2026-09-26,16:00,17:00,Online,Scheduled
INT0849,DRV0014,STU0289,Technical,2026-09-27,09:00,10:00,Online,Scheduled
INT0850,DRV0014,STU0296,Technical,2026-09-26,14:00,15:00,Online,Scheduled
INT0851,DRV0014,STU0304,Technical,2026-09-26,13:00,14:00,Online,Scheduled
INT0852,DRV0014,STU0322,HR,2026-09-27,16:00,17:00,Offline,Scheduled
INT0853,DRV0014,STU0323,HR,2026-10-05,12:00,13:00,Online,Scheduled
INT0854,DRV0014,STU0333,HR,2026-09-28,13:00,14:00,Online,Scheduled
INT0855,DRV0014,STU0339,HR,2026-09-28,11:00,12:00,Online,Scheduled
INT0856,DRV0014,STU0348,Technical,2026-09-25,10:00,11:00,Online,Scheduled
INT0857,DRV0014,STU0356,HR,2026-09-28,10:00,11:00,Offline,Scheduled
INT0858,DRV0014,STU0374,HR,2026-09-27,11:00,12:00,Online,Scheduled
INT0859,DRV0014,STU0375,HR,2026-09-29,14:00,15:00,Online,Scheduled
INT0860,DRV0014,STU0379,HR,2026-09-26,15:00,16:00,Offline,Scheduled
INT0861,DRV0014,STU0386,Technical,2026-09-26,11:00,12:00,Online,Scheduled
INT0862,DRV0014,STU0390,HR,2026-10-01,12:00,13:00,Offline,Scheduled
INT0863,DRV0014,STU0392,HR,2026-09-29,09:00,10:00,Online,Scheduled
INT0864,DRV0014,STU0396,HR,2026-09-28,11:00,12:00,Offline,Scheduled
INT0865,DRV0014,STU0397,HR,2026-09-29,09:00,10:00,Online,Scheduled
INT0866,DRV0014,STU0413,HR,2026-09-25,12:00,13:00,Offline,Scheduled
INT0867,DRV0014,STU0426,HR,2026-09-30,14:00,15:00,Offline,Scheduled
INT0868,DRV0014,STU0429,HR,2026-09-29,13:00,14:00,Online,Scheduled
INT0869,DRV0014,STU0432,Technical,2026-09-27,12:00,13:00,Offline,Scheduled
INT0870,DRV0014,STU0436,HR,2026-09-30,16:00,17:00,Online,Scheduled
INT0871,DRV0014,STU0443,Technical,2026-10-07,09:00,10:00,Online,Scheduled
INT0872,DRV0014,STU0446,HR,2026-09-26,14:00,15:00,Online,Scheduled
INT0873,DRV0014,STU0449,HR,2026-09-27,12:00,13:00,Offline,Scheduled
INT0874,DRV0014,STU0454,HR,2026-09-30,16:00,17:00,Offline,Scheduled
INT0875,DRV0014,STU0463,HR,2026-09-29,16:00,17:00,Online,Scheduled
INT0876,DRV0014,STU0482,Technical,2026-09-25,11:00,12:00,Offline,Scheduled
INT0877,DRV0014,STU0495,Technical,2026-09-25,12:00,13:00,Offline,Scheduled
INT0878,DRV0014,STU0507,Technical,2026-09-25,16:00,17:00,Online,Scheduled
INT0879,DRV0014,STU0512,HR,2026-09-25,10:00,11:00,Online,Scheduled
INT0880,DRV0014,STU0523,Technical,2026-09-28,13:00,14:00,Online,Scheduled
INT0881,DRV0014,STU0529,Technical,2026-09-28,11:00,12:00,Online,Scheduled
INT0882,DRV0014,STU0536,HR,2026-09-29,11:00,12:00,Offline,Scheduled
INT0883,DRV0014,STU0553,HR,2026-09-29,15:00,16:00,Online,Scheduled
INT0884,DRV0014,STU0563,HR,2026-09-26,16:00,17:00,Offline,Scheduled
INT0885,DRV0014,STU0577,HR,2026-09-30,09:00,10:00,Offline,Scheduled
INT0886,DRV0015,STU0001,HR,2026-09-17,11:00,12:00,Online,Scheduled
INT0887,DRV0015,STU0005,HR,2026-09-21,11:00,12:00,Offline,Scheduled
INT0888,DRV0015,STU0010,HR,2026-09-15,16:00,17:00,Offline,Scheduled
INT0889,DRV0015,STU0011,Technical,2026-09-26,12:00,13:00,Online,Scheduled
INT0890,DRV0015,STU0019,HR,2026-09-16,15:00,16:00,Offline,Scheduled
INT0891,DRV0015,STU0021,HR,2026-09-20,15:00,16:00,Online,Scheduled
INT0892,DRV0015,STU0025,HR,2026-09-18,12:00,13:00,Offline,Scheduled
INT0893,DRV0015,STU0028,HR,2026-09-19,13:00,14:00,Online,Scheduled
INT0894,DRV0015,STU0042,HR,2026-09-17,10:00,11:00,Offline,Scheduled
INT0895,DRV0015,STU0043,Technical,2026-09-21,13:00,14:00,Offline,Scheduled
INT0896,DRV0015,STU0044,Technical,2026-09-15,09:00,10:00,Online,Scheduled
INT0897,DRV0015,STU0050,Technical,2026-09-16,16:00,17:00,Online,Scheduled
INT0898,DRV0015,STU0052,Technical,2026-09-15,16:00,17:00,Offline,Scheduled
INT0899,DRV0015,STU0088,HR,2026-09-21,16:00,17:00,Offline,Scheduled
INT0900,DRV0015,STU0092,Technical,2026-09-15,14:00,15:00,Online,Scheduled
INT0901,DRV0015,STU0096,Technical,2026-09-21,15:00,16:00,Offline,Scheduled
INT0902,DRV0015,STU0098,HR,2026-09-21,13:00,14:00,Online,Scheduled
INT0903,DRV0015,STU0099,HR,2026-09-21,12:00,13:00,Offline,Scheduled
INT0904,DRV0015,STU0101,HR,2026-09-15,12:00,13:00,Online,Scheduled
INT0905,DRV0015,STU0104,HR,2026-09-19,15:00,16:00,Offline,Scheduled
INT0906,DRV0015,STU0133,Technical,2026-09-20,09:00,10:00,Offline,Scheduled
INT0907,DRV0015,STU0149,HR,2026-09-17,12:00,13:00,Online,Scheduled
INT0908,DRV0015,STU0167,HR,2026-09-15,12:00,13:00,Offline,Scheduled
INT0909,DRV0015,STU0171,Technical,2026-09-21,14:00,15:00,Offline,Scheduled
INT0910,DRV0015,STU0183,Technical,2026-09-15,16:00,17:00,Offline,Scheduled
INT0911,DRV0015,STU0201,HR,2026-09-18,10:00,11:00,Online,Scheduled
INT0912,DRV0015,STU0205,Technical,2026-09-20,11:00,12:00,Online,Scheduled
INT0913,DRV0015,STU0210,HR,2026-09-17,14:00,15:00,Online,Scheduled
INT0914,DRV0015,STU0211,Technical,2026-09-19,16:00,17:00,Offline,Scheduled
INT0915,DRV0015,STU0218,HR,2026-09-18,13:00,14:00,Online,Scheduled
INT0916,DRV0015,STU0220,HR,2026-09-19,14:00,15:00,Offline,Scheduled
INT0917,DRV0015,STU0224,Technical,2026-09-21,11:00,12:00,Online,Scheduled
INT0918,DRV0015,STU0229,HR,2026-09-21,13:00,14:00,Offline,Scheduled
INT0919,DRV0015,STU0236,Technical,2026-09-18,15:00,16:00,Online,Scheduled
INT0920,DRV0015,STU0237,HR,2026-09-17,12:00,13:00,Online,Scheduled
INT0921,DRV0015,STU0250,Technical,2026-09-28,09:00,10:00,Offline,Scheduled
INT0922,DRV0015,STU0257,HR,2026-09-17,14:00,15:00,Offline,Scheduled
INT0923,DRV0015,STU0262,Technical,2026-09-18,13:00,14:00,Online,Scheduled
INT0924,DRV0015,STU0264,Technical,2026-09-15,12:00,13:00,Offline,Scheduled
INT0925,DRV0015,STU0276,HR,2026-09-15,15:00,16:00,Offline,Scheduled
INT0926,DRV0015,STU0278,Technical,2026-09-16,10:00,11:00,Online,Scheduled
INT0927,DRV0015,STU0295,HR,2026-09-21,10:00,11:00,Online,Scheduled
INT0928,DRV0015,STU0296,HR,2026-09-20,15:00,16:00,Online,Scheduled
INT0929,DRV0015,STU0303,HR,2026-09-15,10:00,11:00,Online,Scheduled
INT0930,DRV0015,STU0310,HR,2026-09-20,12:00,13:00,Online,Scheduled
INT0931,DRV0015,STU0320,Technical,2026-09-20,12:00,13:00,Offline,Scheduled
INT0932,DRV0015,STU0321,HR,2026-09-18,10:00,11:00,Offline,Scheduled
INT0933,DRV0015,STU0331,HR,2026-09-16,15:00,16:00,Online,Scheduled
INT0934,DRV0015,STU0332,HR,2026-09-19,16:00,17:00,Offline,Scheduled
INT0935,DRV0015,STU0334,HR,2026-09-17,14:00,15:00,Offline,Scheduled
INT0936,DRV0015,STU0337,HR,2026-09-16,12:00,13:00,Offline,Scheduled
INT0937,DRV0015,STU0339,HR,2026-09-18,16:00,17:00,Online,Scheduled
INT0938,DRV0015,STU0344,Technical,2026-09-29,16:00,17:00,Offline,Scheduled
INT0939,DRV0015,STU0348,HR,2026-09-16,12:00,13:00,Online,Scheduled
INT0940,DRV0015,STU0374,Technical,2026-09-18,09:00,10:00,Online,Scheduled
INT0941,DRV0015,STU0383,HR,2026-09-16,11:00,12:00,Offline,Scheduled
INT0942,DRV0015,STU0386,Technical,2026-09-16,09:00,10:00,Offline,Scheduled
INT0943,DRV0015,STU0388,HR,2026-10-04,12:00,13:00,Offline,Scheduled
INT0944,DRV0015,STU0389,HR,2026-09-21,10:00,11:00,Online,Scheduled
INT0945,DRV0015,STU0392,Technical,2026-09-19,15:00,16:00,Online,Scheduled
INT0946,DRV0015,STU0397,HR,2026-09-21,15:00,16:00,Online,Scheduled
INT0947,DRV0015,STU0409,HR,2026-10-08,11:00,12:00,Online,Scheduled
INT0948,DRV0015,STU0411,Technical,2026-09-15,14:00,15:00,Offline,Scheduled
INT0949,DRV0015,STU0418,Technical,2026-09-16,11:00,12:00,Offline,Scheduled
INT0950,DRV0015,STU0452,HR,2026-09-27,15:00,16:00,Offline,Scheduled
INT0951,DRV0015,STU0475,HR,2026-09-17,10:00,11:00,Online,Scheduled
INT0952,DRV0015,STU0485,HR,2026-09-17,10:00,11:00,Offline,Scheduled
INT0953,DRV0015,STU0506,Technical,2026-09-16,16:00,17:00,Offline,Scheduled
INT0954,DRV0015,STU0508,Technical,2026-09-19,12:00,13:00,Online,Scheduled
INT0955,DRV0015,STU0512,HR,2026-09-30,09:00,10:00,Online,Scheduled
INT0956,DRV0015,STU0528,HR,2026-10-10,10:00,11:00,Offline,Scheduled
INT0957,DRV0015,STU0534,HR,2026-09-17,09:00,10:00,Online,Scheduled
INT0958,DRV0015,STU0544,Technical,2026-09-21,16:00,17:00,Offline,Scheduled
INT0959,DRV0015,STU0549,Technical,2026-09-21,12:00,13:00,Offline,Scheduled
INT0960,DRV0015,STU0555,Technical,2026-09-18,09:00,10:00,Online,Scheduled
INT0961,DRV0015,STU0557,HR,2026-09-19,11:00,12:00,Online,Scheduled
INT0962,DRV0015,STU0564,HR,2026-09-21,10:00,11:00,Offline,Scheduled
INT0963,DRV0015,STU0568,Technical,2026-09-17,12:00,13:00,Online,Scheduled
INT0964,DRV0015,STU0579,HR,2026-09-23,16:00,17:00,Online,Scheduled
INT0965,DRV0015,STU0582,HR,2026-09-20,09:00,10:00,Online,Scheduled
INT0966,DRV0015,STU0590,Technical,2026-09-15,13:00,14:00,Offline,Scheduled
INT0967,DRV0016,STU0001,Technical,2026-10-16,12:00,13:00,Offline,Scheduled
INT0968,DRV0016,STU0003,Technical,2026-10-15,14:00,15:00,Online,Scheduled
INT0969,DRV0016,STU0011,Technical,2026-10-15,15:00,16:00,Offline,Scheduled
INT0970,DRV0016,STU0019,HR,2026-10-15,10:00,11:00,Offline,Scheduled
INT0971,DRV0016,STU0028,HR,2026-10-11,12:00,13:00,Online,Scheduled
INT0972,DRV0016,STU0039,HR,2026-10-15,15:00,16:00,Offline,Scheduled
INT0973,DRV0016,STU0092,HR,2026-10-14,15:00,16:00,Offline,Scheduled
INT0974,DRV0016,STU0094,HR,2026-10-15,10:00,11:00,Online,Scheduled
INT0975,DRV0016,STU0166,HR,2026-10-13,09:00,10:00,Online,Scheduled
INT0976,DRV0016,STU0167,Technical,2026-10-13,11:00,12:00,Offline,Scheduled
INT0977,DRV0016,STU0174,HR,2026-10-15,12:00,13:00,Online,Scheduled
INT0978,DRV0016,STU0177,HR,2026-10-16,14:00,15:00,Offline,Scheduled
INT0979,DRV0016,STU0182,Technical,2026-10-11,11:00,12:00,Online,Scheduled
INT0980,DRV0016,STU0261,HR,2026-10-14,15:00,16:00,Online,Scheduled
INT0981,DRV0016,STU0278,HR,2026-10-14,11:00,12:00,Online,Scheduled
INT0982,DRV0016,STU0303,Technical,2026-10-15,10:00,11:00,Offline,Scheduled
INT0983,DRV0016,STU0321,HR,2026-10-10,14:00,15:00,Offline,Scheduled
INT0984,DRV0016,STU0323,Technical,2026-10-15,13:00,14:00,Online,Scheduled
INT0985,DRV0016,STU0327,HR,2026-10-12,15:00,16:00,Online,Scheduled
INT0986,DRV0016,STU0332,HR,2026-10-11,09:00,10:00,Online,Scheduled
INT0987,DRV0016,STU0357,HR,2026-10-13,11:00,12:00,Offline,Scheduled
INT0988,DRV0016,STU0386,HR,2026-10-13,16:00,17:00,Online,Scheduled
INT0989,DRV0016,STU0410,HR,2026-10-11,09:00,10:00,Online,Scheduled
INT0990,DRV0016,STU0463,Technical,2026-10-15,12:00,13:00,Online,Scheduled
INT0991,DRV0016,STU0472,HR,2026-10-13,12:00,13:00,Offline,Scheduled
INT0992,DRV0016,STU0534,HR,2026-10-16,09:00,10:00,Offline,Scheduled
INT0993,DRV0016,STU0549,Technical,2026-10-15,09:00,10:00,Offline,Scheduled
INT0994,DRV0016,STU0557,HR,2026-10-10,12:00,13:00,Online,Scheduled
INT0995,DRV0016,STU0563,Technical,2026-10-14,09:00,10:00,Offline,Scheduled
INT0996,DRV0016,STU0582,HR,2026-10-12,13:00,14:00,Online,Scheduled
INT0997,DRV0016,STU0590,Technical,2026-10-14,09:00,10:00,Offline,Scheduled
INT0998,DRV0017,STU0005,Technical,2026-10-01,10:00,11:00,Online,Scheduled
INT0999,DRV0017,STU0010,Technical,2026-10-01,16:00,17:00,Online,Scheduled
INT1000,DRV0017,STU0013,HR,2026-10-04,12:00,13:00,Online,Scheduled
INT1001,DRV0017,STU0015,Technical,2026-10-04,11:00,12:00,Online,Scheduled
INT1002,DRV0017,STU0020,Technical,2026-10-02,14:00,15:00,Offline,Scheduled
INT1003,DRV0017,STU0021,HR,2026-10-03,11:00,12:00,Offline,Scheduled
INT1004,DRV0017,STU0026,Technical,2026-09-30,14:00,15:00,Online,Scheduled
INT1005,DRV0017,STU0043,HR,2026-10-04,09:00,10:00,Offline,Scheduled
INT1006,DRV0017,STU0047,HR,2026-10-03,12:00,13:00,Online,Scheduled
INT1007,DRV0017,STU0049,Technical,2026-10-03,11:00,12:00,Offline,Scheduled
INT1008,DRV0017,STU0057,Technical,2026-10-03,16:00,17:00,Offline,Scheduled
INT1009,DRV0017,STU0059,HR,2026-10-05,11:00,12:00,Offline,Scheduled
INT1010,DRV0017,STU0066,Technical,2026-09-29,11:00,12:00,Offline,Scheduled
INT1011,DRV0017,STU0067,Technical,2026-10-03,12:00,13:00,Online,Scheduled
INT1012,DRV0017,STU0073,Technical,2026-10-02,11:00,12:00,Online,Scheduled
INT1013,DRV0017,STU0096,HR,2026-10-05,13:00,14:00,Online,Scheduled
INT1014,DRV0017,STU0104,Technical,2026-10-02,11:00,12:00,Offline,Scheduled
INT1015,DRV0017,STU0106,HR,2026-10-03,11:00,12:00,Offline,Scheduled
INT1016,DRV0017,STU0111,HR,2026-10-01,14:00,15:00,Offline,Scheduled
INT1017,DRV0017,STU0141,Technical,2026-10-02,11:00,12:00,Offline,Scheduled
INT1018,DRV0017,STU0143,Technical,2026-09-29,09:00,10:00,Online,Scheduled
INT1019,DRV0017,STU0144,HR,2026-10-02,15:00,16:00,Offline,Scheduled
INT1020,DRV0017,STU0151,HR,2026-10-02,11:00,12:00,Offline,Scheduled
INT1021,DRV0017,STU0177,HR,2026-10-02,16:00,17:00,Online,Scheduled
INT1022,DRV0017,STU0183,Technical,2026-10-01,12:00,13:00,Online,Scheduled
INT1023,DRV0017,STU0187,Technical,2026-10-04,10:00,11:00,Offline,Scheduled
INT1024,DRV0017,STU0188,Technical,2026-10-01,14:00,15:00,Online,Scheduled
INT1025,DRV0017,STU0189,HR,2026-10-04,13:00,14:00,Online,Scheduled
INT1026,DRV0017,STU0192,Technical,2026-10-03,14:00,15:00,Online,Scheduled
INT1027,DRV0017,STU0195,Technical,2026-10-01,15:00,16:00,Online,Scheduled
INT1028,DRV0017,STU0197,HR,2026-10-05,10:00,11:00,Offline,Scheduled
INT1029,DRV0017,STU0203,HR,2026-10-02,11:00,12:00,Offline,Scheduled
INT1030,DRV0017,STU0205,Technical,2026-09-29,09:00,10:00,Offline,Scheduled
INT1031,DRV0017,STU0209,Technical,2026-10-04,14:00,15:00,Online,Scheduled
INT1032,DRV0017,STU0210,Technical,2026-10-05,09:00,10:00,Online,Scheduled
INT1033,DRV0017,STU0224,HR,2026-09-29,14:00,15:00,Online,Scheduled
INT1034,DRV0017,STU0226,Technical,2026-10-02,11:00,12:00,Offline,Scheduled
INT1035,DRV0017,STU0239,HR,2026-10-04,12:00,13:00,Offline,Scheduled
INT1036,DRV0017,STU0242,HR,2026-09-30,14:00,15:00,Offline,Scheduled
INT1037,DRV0017,STU0249,Technical,2026-10-01,11:00,12:00,Offline,Scheduled
INT1038,DRV0017,STU0263,Technical,2026-10-05,10:00,11:00,Online,Scheduled
INT1039,DRV0017,STU0268,HR,2026-10-03,13:00,14:00,Online,Scheduled
INT1040,DRV0017,STU0275,Technical,2026-10-04,15:00,16:00,Online,Scheduled
INT1041,DRV0017,STU0280,Technical,2026-10-04,10:00,11:00,Offline,Scheduled
INT1042,DRV0017,STU0288,HR,2026-09-30,14:00,15:00,Offline,Scheduled
INT1043,DRV0017,STU0307,Technical,2026-10-05,13:00,14:00,Offline,Scheduled
INT1044,DRV0017,STU0308,Technical,2026-09-30,14:00,15:00,Online,Scheduled
INT1045,DRV0017,STU0309,HR,2026-10-04,10:00,11:00,Online,Scheduled
INT1046,DRV0017,STU0316,Technical,2026-09-30,13:00,14:00,Online,Scheduled
INT1047,DRV0017,STU0322,HR,2026-09-29,12:00,13:00,Offline,Scheduled
INT1048,DRV0017,STU0328,Technical,2026-09-30,09:00,10:00,Online,Scheduled
INT1049,DRV0017,STU0331,HR,2026-10-03,14:00,15:00,Online,Scheduled
INT1050,DRV0017,STU0334,Technical,2026-10-02,09:00,10:00,Offline,Scheduled
INT1051,DRV0017,STU0335,Technical,2026-10-02,15:00,16:00,Offline,Scheduled
INT1052,DRV0017,STU0338,Technical,2026-10-05,12:00,13:00,Online,Scheduled
INT1053,DRV0017,STU0372,HR,2026-10-02,15:00,16:00,Online,Scheduled
INT1054,DRV0017,STU0375,HR,2026-10-04,16:00,17:00,Online,Scheduled
INT1055,DRV0017,STU0379,HR,2026-09-29,15:00,16:00,Offline,Scheduled
INT1056,DRV0017,STU0386,HR,2026-10-04,14:00,15:00,Offline,Scheduled
INT1057,DRV0017,STU0395,Technical,2026-10-01,10:00,11:00,Offline,Scheduled
INT1058,DRV0017,STU0396,HR,2026-10-05,11:00,12:00,Offline,Scheduled
INT1059,DRV0017,STU0401,HR,2026-10-04,16:00,17:00,Online,Scheduled
INT1060,DRV0017,STU0403,HR,2026-10-10,09:00,10:00,Offline,Scheduled
INT1061,DRV0017,STU0404,Technical,2026-10-04,12:00,13:00,Online,Scheduled
INT1062,DRV0017,STU0411,HR,2026-10-01,12:00,13:00,Offline,Scheduled
INT1063,DRV0017,STU0412,Technical,2026-09-30,16:00,17:00,Online,Scheduled
INT1064,DRV0017,STU0415,Technical,2026-10-04,16:00,17:00,Offline,Scheduled
INT1065,DRV0017,STU0416,Technical,2026-09-29,16:00,17:00,Offline,Scheduled
INT1066,DRV0017,STU0418,HR,2026-10-05,13:00,14:00,Offline,Scheduled
INT1067,DRV0017,STU0419,Technical,2026-10-03,10:00,11:00,Online,Scheduled
INT1068,DRV0017,STU0447,Technical,2026-09-29,11:00,12:00,Offline,Scheduled
INT1069,DRV0017,STU0450,Technical,2026-09-29,13:00,14:00,Online,Scheduled
INT1070,DRV0017,STU0452,HR,2026-10-01,13:00,14:00,Offline,Scheduled
INT1071,DRV0017,STU0454,Technical,2026-09-30,16:00,17:00,Offline,Scheduled
INT1072,DRV0017,STU0460,Technical,2026-10-03,09:00,10:00,Offline,Scheduled
INT1073,DRV0017,STU0463,Technical,2026-10-01,09:00,10:00,Offline,Scheduled
INT1074,DRV0017,STU0466,HR,2026-10-02,14:00,15:00,Offline,Scheduled
INT1075,DRV0017,STU0475,Technical,2026-09-30,13:00,14:00,Offline,Scheduled
INT1076,DRV0017,STU0478,HR,2026-10-01,09:00,10:00,Offline,Scheduled
INT1077,DRV0017,STU0481,Technical,2026-10-05,11:00,12:00,Online,Scheduled
INT1078,DRV0017,STU0487,HR,2026-09-30,14:00,15:00,Offline,Scheduled
INT1079,DRV0017,STU0506,HR,2026-10-04,15:00,16:00,Offline,Scheduled
INT1080,DRV0017,STU0512,HR,2026-09-30,09:00,10:00,Offline,Scheduled
INT1081,DRV0017,STU0516,Technical,2026-10-04,13:00,14:00,Offline,Scheduled
INT1082,DRV0017,STU0522,HR,2026-10-03,13:00,14:00,Offline,Scheduled
INT1083,DRV0017,STU0526,HR,2026-09-29,16:00,17:00,Online,Scheduled
INT1084,DRV0017,STU0528,Technical,2026-10-04,10:00,11:00,Offline,Scheduled
INT1085,DRV0017,STU0529,Technical,2026-10-13,15:00,16:00,Offline,Scheduled
INT1086,DRV0017,STU0530,HR,2026-10-04,10:00,11:00,Online,Scheduled
INT1087,DRV0017,STU0538,HR,2026-09-29,16:00,17:00,Offline,Scheduled
INT1088,DRV0017,STU0540,HR,2026-10-03,10:00,11:00,Offline,Scheduled
INT1089,DRV0017,STU0543,HR,2026-09-29,13:00,14:00,Online,Scheduled
INT1090,DRV0017,STU0545,Technical,2026-10-03,15:00,16:00,Offline,Scheduled
INT1091,DRV0017,STU0549,Technical,2026-10-01,16:00,17:00,Online,Scheduled
INT1092,DRV0017,STU0551,HR,2026-09-29,16:00,17:00,Online,Scheduled
INT1093,DRV0017,STU0555,Technical,2026-10-01,13:00,14:00,Online,Scheduled
INT1094,DRV0017,STU0556,HR,2026-10-03,11:00,12:00,Offline,Scheduled
INT1095,DRV0017,STU0559,HR,2026-10-04,12:00,13:00,Online,Scheduled
INT1096,DRV0017,STU0569,Technical,2026-09-29,11:00,12:00,Offline,Scheduled
INT1097,DRV0017,STU0577,HR,2026-10-02,12:00,13:00,Online,Scheduled
INT1098,DRV0017,STU0580,Technical,2026-10-04,12:00,13:00,Offline,Scheduled
INT1099,DRV0017,STU0583,HR,2026-10-09,14:00,15:00,Offline,Scheduled
INT1100,DRV0017,STU0590,HR,2026-10-04,12:00,13:00,Offline,Scheduled
INT1101,DRV0017,STU0591,Technical,2026-09-30,15:00,16:00,Offline,Scheduled
INT1102,DRV0018,STU0001,Technical,2026-09-08,14:00,15:00,Online,Scheduled
INT1103,DRV0018,STU0009,HR,2026-09-09,15:00,16:00,Offline,Scheduled
INT1104,DRV0018,STU0012,HR,2026-09-05,11:00,12:00,Offline,Scheduled
INT1105,DRV0018,STU0013,Technical,2026-09-28,12:00,13:00,Offline,Scheduled
INT1106,DRV0018,STU0019,Technical,2026-09-04,14:00,15:00,Online,Scheduled
INT1107,DRV0018,STU0021,HR,2026-09-03,10:00,11:00,Offline,Scheduled
INT1108,DRV0018,STU0022,Technical,2026-09-07,15:00,16:00,Online,Scheduled
INT1109,DRV0018,STU0026,Technical,2026-09-06,16:00,17:00,Online,Scheduled
INT1110,DRV0018,STU0031,Technical,2026-09-03,10:00,11:00,Offline,Scheduled
INT1111,DRV0018,STU0032,Technical,2026-09-08,11:00,12:00,Online,Scheduled
INT1112,DRV0018,STU0033,HR,2026-09-06,10:00,11:00,Offline,Scheduled
INT1113,DRV0018,STU0047,HR,2026-10-03,12:00,13:00,Online,Scheduled
INT1114,DRV0018,STU0053,HR,2026-09-19,14:00,15:00,Offline,Scheduled
INT1115,DRV0018,STU0058,Technical,2026-09-20,14:00,15:00,Offline,Scheduled
INT1116,DRV0018,STU0059,Technical,2026-09-04,15:00,16:00,Offline,Scheduled
INT1117,DRV0018,STU0060,Technical,2026-09-07,15:00,16:00,Online,Scheduled
INT1118,DRV0018,STU0065,Technical,2026-09-03,09:00,10:00,Online,Scheduled
INT1119,DRV0018,STU0067,Technical,2026-09-05,16:00,17:00,Offline,Scheduled
INT1120,DRV0018,STU0076,Technical,2026-09-12,12:00,13:00,Offline,Scheduled
INT1121,DRV0018,STU0079,HR,2026-09-20,15:00,16:00,Online,Scheduled
INT1122,DRV0018,STU0082,HR,2026-09-24,09:00,10:00,Offline,Scheduled
INT1123,DRV0018,STU0088,Technical,2026-09-08,10:00,11:00,Online,Scheduled
INT1124,DRV0018,STU0092,Technical,2026-09-08,16:00,17:00,Offline,Scheduled
INT1125,DRV0018,STU0097,Technical,2026-09-05,15:00,16:00,Online,Scheduled
INT1126,DRV0018,STU0099,Technical,2026-09-09,14:00,15:00,Offline,Scheduled
INT1127,DRV0018,STU0118,Technical,2026-09-04,11:00,12:00,Offline,Scheduled
INT1128,DRV0018,STU0121,Technical,2026-09-05,15:00,16:00,Offline,Scheduled
INT1129,DRV0018,STU0145,Technical,2026-09-08,16:00,17:00,Online,Scheduled
INT1130,DRV0018,STU0148,HR,2026-09-09,15:00,16:00,Offline,Scheduled
INT1131,DRV0018,STU0155,HR,2026-09-07,13:00,14:00,Offline,Scheduled
INT1132,DRV0018,STU0157,HR,2026-09-05,09:00,10:00,Online,Scheduled
INT1133,DRV0018,STU0159,Technical,2026-09-26,16:00,17:00,Online,Scheduled
INT1134,DRV0018,STU0171,Technical,2026-09-04,16:00,17:00,Offline,Scheduled
INT1135,DRV0018,STU0181,Technical,2026-09-21,12:00,13:00,Online,Scheduled
INT1136,DRV0018,STU0182,HR,2026-09-05,10:00,11:00,Online,Scheduled
INT1137,DRV0018,STU0186,Technical,2026-09-09,10:00,11:00,Offline,Scheduled
INT1138,DRV0018,STU0187,Technical,2026-09-07,12:00,13:00,Online,Scheduled
INT1139,DRV0018,STU0189,HR,2026-09-09,15:00,16:00,Online,Scheduled
INT1140,DRV0018,STU0199,Technical,2026-09-03,13:00,14:00,Online,Scheduled
INT1141,DRV0018,STU0200,Technical,2026-09-05,10:00,11:00,Offline,Scheduled
INT1142,DRV0018,STU0202,HR,2026-09-06,11:00,12:00,Online,Scheduled
INT1143,DRV0018,STU0203,Technical,2026-09-07,09:00,10:00,Online,Scheduled
INT1144,DRV0018,STU0212,Technical,2026-09-06,11:00,12:00,Offline,Scheduled
INT1145,DRV0018,STU0213,Technical,2026-09-03,11:00,12:00,Offline,Scheduled
INT1146,DRV0018,STU0218,Technical,2026-09-09,16:00,17:00,Online,Scheduled
INT1147,DRV0018,STU0219,HR,2026-09-21,11:00,12:00,Online,Scheduled
INT1148,DRV0018,STU0228,HR,2026-09-03,11:00,12:00,Online,Scheduled
INT1149,DRV0018,STU0229,HR,2026-09-09,13:00,14:00,Offline,Scheduled
INT1150,DRV0018,STU0230,Technical,2026-09-04,12:00,13:00,Online,Scheduled
INT1151,DRV0018,STU0233,HR,2026-09-09,12:00,13:00,Online,Scheduled
INT1152,DRV0018,STU0237,Technical,2026-09-04,10:00,11:00,Offline,Scheduled
INT1153,DRV0018,STU0242,Technical,2026-09-07,10:00,11:00,Offline,Scheduled
INT1154,DRV0018,STU0247,HR,2026-09-06,13:00,14:00,Offline,Scheduled
INT1155,DRV0018,STU0248,Technical,2026-09-06,11:00,12:00,Online,Scheduled
INT1156,DRV0018,STU0251,Technical,2026-09-03,10:00,11:00,Offline,Scheduled
INT1157,DRV0018,STU0252,Technical,2026-09-05,15:00,16:00,Offline,Scheduled
INT1158,DRV0018,STU0256,Technical,2026-09-03,14:00,15:00,Online,Scheduled
INT1159,DRV0018,STU0258,HR,2026-09-06,12:00,13:00,Online,Scheduled
INT1160,DRV0018,STU0259,Technical,2026-09-23,14:00,15:00,Offline,Scheduled
INT1161,DRV0018,STU0263,Technical,2026-09-07,16:00,17:00,Offline,Scheduled
INT1162,DRV0018,STU0264,HR,2026-09-06,12:00,13:00,Offline,Scheduled
INT1163,DRV0018,STU0269,Technical,2026-09-04,09:00,10:00,Offline,Scheduled
INT1164,DRV0018,STU0270,HR,2026-09-09,16:00,17:00,Offline,Scheduled
INT1165,DRV0018,STU0273,HR,2026-09-06,11:00,12:00,Online,Scheduled
INT1166,DRV0018,STU0280,Technical,2026-09-07,11:00,12:00,Online,Scheduled
INT1167,DRV0018,STU0283,Technical,2026-09-07,16:00,17:00,Offline,Scheduled
INT1168,DRV0018,STU0288,Technical,2026-09-30,14:00,15:00,Online,Scheduled
INT1169,DRV0018,STU0295,Technical,2026-09-30,14:00,15:00,Online,Scheduled
INT1170,DRV0018,STU0296,HR,2026-09-03,09:00,10:00,Online,Scheduled
INT1171,DRV0018,STU0298,Technical,2026-09-06,16:00,17:00,Offline,Scheduled
INT1172,DRV0018,STU0302,HR,2026-09-03,09:00,10:00,Online,Scheduled
INT1173,DRV0018,STU0303,Technical,2026-09-05,12:00,13:00,Online,Scheduled
INT1174,DRV0018,STU0309,HR,2026-09-05,11:00,12:00,Online,Scheduled
INT1175,DRV0018,STU0311,Technical,2026-09-20,13:00,14:00,Offline,Scheduled
INT1176,DRV0018,STU0317,Technical,2026-09-20,10:00,11:00,Offline,Scheduled
INT1177,DRV0018,STU0323,HR,2026-09-03,13:00,14:00,Offline,Scheduled
INT1178,DRV0018,STU0324,Technical,2026-10-09,13:00,14:00,Offline,Scheduled
INT1179,DRV0018,STU0325,Technical,2026-10-13,12:00,13:00,Online,Scheduled
INT1180,DRV0018,STU0326,HR,2026-09-06,09:00,10:00,Offline,Scheduled
INT1181,DRV0018,STU0327,Technical,2026-09-07,10:00,11:00,Online,Scheduled
INT1182,DRV0018,STU0337,Technical,2026-09-03,16:00,17:00,Online,Scheduled
INT1183,DRV0018,STU0340,HR,2026-09-05,15:00,16:00,Online,Scheduled
INT1184,DRV0018,STU0348,HR,2026-09-25,10:00,11:00,Online,Scheduled
INT1185,DRV0018,STU0349,HR,2026-09-07,13:00,14:00,Offline,Scheduled
INT1186,DRV0018,STU0358,Technical,2026-09-06,10:00,11:00,Offline,Scheduled
INT1187,DRV0018,STU0372,Technical,2026-09-03,10:00,11:00,Offline,Scheduled
INT1188,DRV0018,STU0374,Technical,2026-09-04,16:00,17:00,Online,Scheduled
INT1189,DRV0018,STU0381,HR,2026-09-08,09:00,10:00,Offline,Scheduled
INT1190,DRV0018,STU0383,HR,2026-09-04,16:00,17:00,Offline,Scheduled
INT1191,DRV0018,STU0384,HR,2026-09-19,15:00,16:00,Online,Scheduled
INT1192,DRV0018,STU0386,HR,2026-09-09,12:00,13:00,Offline,Scheduled
INT1193,DRV0018,STU0391,HR,2026-09-08,14:00,15:00,Offline,Scheduled
INT1194,DRV0018,STU0392,HR,2026-09-07,11:00,12:00,Online,Scheduled
INT1195,DRV0018,STU0395,Technical,2026-09-05,13:00,14:00,Online,Scheduled
INT1196,DRV0018,STU0397,Technical,2026-09-06,11:00,12:00,Offline,Scheduled
INT1197,DRV0018,STU0399,Technical,2026-09-04,11:00,12:00,Online,Scheduled
INT1198,DRV0018,STU0401,HR,2026-09-05,11:00,12:00,Offline,Scheduled
INT1199,DRV0018,STU0404,HR,2026-10-04,12:00,13:00,Offline,Scheduled
INT1200,DRV0018,STU0408,HR,2026-09-06,11:00,12:00,Online,Scheduled
INT1201,DRV0018,STU0413,HR,2026-09-06,11:00,12:00,Offline,Scheduled
INT1202,DRV0018,STU0419,HR,2026-09-08,14:00,15:00,Offline,Scheduled
INT1203,DRV0018,STU0447,HR,2026-09-20,16:00,17:00,Online,Scheduled
INT1204,DRV0018,STU0449,Technical,2026-09-03,11:00,12:00,Offline,Scheduled
INT1205,DRV0018,STU0458,HR,2026-09-07,12:00,13:00,Offline,Scheduled
INT1206,DRV0018,STU0459,Technical,2026-09-23,16:00,17:00,Offline,Scheduled
INT1207,DRV0018,STU0461,Technical,2026-09-03,16:00,17:00,Offline,Scheduled
INT1208,DRV0018,STU0463,HR,2026-09-05,09:00,10:00,Offline,Scheduled
INT1209,DRV0018,STU0465,HR,2026-09-09,15:00,16:00,Offline,Scheduled
INT1210,DRV0018,STU0471,HR,2026-09-05,11:00,12:00,Offline,Scheduled
INT1211,DRV0018,STU0490,HR,2026-09-06,14:00,15:00,Offline,Scheduled
INT1212,DRV0018,STU0497,HR,2026-09-16,12:00,13:00,Online,Scheduled
INT1213,DRV0018,STU0503,HR,2026-09-04,12:00,13:00,Offline,Scheduled
INT1214,DRV0018,STU0507,HR,2026-09-05,10:00,11:00,Online,Scheduled
INT1215,DRV0018,STU0512,HR,2026-09-08,13:00,14:00,Online,Scheduled
INT1216,DRV0018,STU0516,Technical,2026-09-08,11:00,12:00,Online,Scheduled
INT1217,DRV0018,STU0521,HR,2026-09-06,09:00,10:00,Offline,Scheduled
INT1218,DRV0018,STU0523,Technical,2026-09-22,14:00,15:00,Online,Scheduled
INT1219,DRV0018,STU0534,Technical,2026-09-30,13:00,14:00,Offline,Scheduled
INT1220,DRV0018,STU0536,Technical,2026-09-29,11:00,12:00,Online,Scheduled
INT1221,DRV0018,STU0540,HR,2026-09-03,14:00,15:00,Offline,Scheduled
INT1222,DRV0018,STU0544,HR,2026-09-06,10:00,11:00,Online,Scheduled
INT1223,DRV0018,STU0555,HR,2026-09-03,11:00,12:00,Offline,Scheduled
INT1224,DRV0018,STU0557,HR,2026-09-04,09:00,10:00,Offline,Scheduled
INT1225,DRV0018,STU0564,HR,2026-09-05,09:00,10:00,Offline,Scheduled
INT1226,DRV0018,STU0565,Technical,2026-09-03,14:00,15:00,Online,Scheduled
INT1227,DRV0018,STU0566,HR,2026-09-08,14:00,15:00,Offline,Scheduled
INT1228,DRV0018,STU0572,Technical,2026-09-08,14:00,15:00,Offline,Scheduled
INT1229,DRV0018,STU0582,HR,2026-09-07,13:00,14:00,Offline,Scheduled
INT1230,DRV0018,STU0598,Technical,2026-09-04,10:00,11:00,Online,Scheduled
INT1231,DRV0018,STU0600,Technical,2026-10-09,12:00,13:00,Offline,Scheduled
INT1232,DRV0019,STU0008,Technical,2026-10-07,10:00,11:00,Online,Scheduled
INT1233,DRV0019,STU0011,Technical,2026-10-09,14:00,15:00,Offline,Scheduled
INT1234,DRV0019,STU0016,Technical,2026-10-09,13:00,14:00,Offline,Scheduled
INT1235,DRV0019,STU0019,Technical,2026-10-13,10:00,11:00,Online,Scheduled
INT1236,DRV0019,STU0021,Technical,2026-10-08,13:00,14:00,Online,Scheduled
INT1237,DRV0019,STU0031,Technical,2026-10-07,15:00,16:00,Online,Scheduled
INT1238,DRV0019,STU0032,Technical,2026-10-11,14:00,15:00,Online,Scheduled
INT1239,DRV0019,STU0037,HR,2026-10-13,09:00,10:00,Online,Scheduled
INT1240,DRV0019,STU0044,Technical,2026-10-12,15:00,16:00,Online,Scheduled
INT1241,DRV0019,STU0062,HR,2026-10-10,16:00,17:00,Online,Scheduled
INT1242,DRV0019,STU0065,HR,2026-10-12,13:00,14:00,Offline,Scheduled
INT1243,DRV0019,STU0067,Technical,2026-10-11,12:00,13:00,Online,Scheduled
INT1244,DRV0019,STU0092,HR,2026-10-12,12:00,13:00,Online,Scheduled
INT1245,DRV0019,STU0100,Technical,2026-10-12,10:00,11:00,Offline,Scheduled
INT1246,DRV0019,STU0101,HR,2026-10-11,11:00,12:00,Online,Scheduled
INT1247,DRV0019,STU0103,HR,2026-10-07,09:00,10:00,Online,Scheduled
INT1248,DRV0019,STU0107,HR,2026-10-10,15:00,16:00,Online,Scheduled
INT1249,DRV0019,STU0114,HR,2026-10-09,16:00,17:00,Offline,Scheduled
INT1250,DRV0019,STU0120,Technical,2026-10-09,16:00,17:00,Offline,Scheduled
INT1251,DRV0019,STU0121,HR,2026-10-11,11:00,12:00,Offline,Scheduled
INT1252,DRV0019,STU0122,Technical,2026-10-13,16:00,17:00,Offline,Scheduled
INT1253,DRV0019,STU0133,Technical,2026-10-12,15:00,16:00,Online,Scheduled
INT1254,DRV0019,STU0178,Technical,2026-10-07,16:00,17:00,Offline,Scheduled
INT1255,DRV0019,STU0186,Technical,2026-10-12,10:00,11:00,Online,Scheduled
INT1256,DRV0019,STU0189,Technical,2026-10-12,10:00,11:00,Online,Scheduled
INT1257,DRV0019,STU0195,Technical,2026-10-08,14:00,15:00,Offline,Scheduled
INT1258,DRV0019,STU0199,HR,2026-10-13,15:00,16:00,Offline,Scheduled
INT1259,DRV0019,STU0210,HR,2026-10-13,15:00,16:00,Offline,Scheduled
INT1260,DRV0019,STU0214,HR,2026-10-09,16:00,17:00,Online,Scheduled
INT1261,DRV0019,STU0220,HR,2026-10-07,13:00,14:00,Online,Scheduled
INT1262,DRV0019,STU0224,Technical,2026-10-12,15:00,16:00,Online,Scheduled
INT1263,DRV0019,STU0227,HR,2026-10-07,11:00,12:00,Offline,Scheduled
INT1264,DRV0019,STU0233,Technical,2026-10-11,10:00,11:00,Offline,Scheduled
INT1265,DRV0019,STU0237,HR,2026-10-12,16:00,17:00,Offline,Scheduled
INT1266,DRV0019,STU0251,Technical,2026-10-13,09:00,10:00,Offline,Scheduled
INT1267,DRV0019,STU0276,HR,2026-10-10,14:00,15:00,Offline,Scheduled
INT1268,DRV0019,STU0278,HR,2026-10-07,11:00,12:00,Online,Scheduled
INT1269,DRV0019,STU0283,HR,2026-10-08,13:00,14:00,Offline,Scheduled
INT1270,DRV0019,STU0286,HR,2026-10-10,16:00,17:00,Online,Scheduled
INT1271,DRV0019,STU0290,HR,2026-10-10,12:00,13:00,Offline,Scheduled
INT1272,DRV0019,STU0292,HR,2026-10-08,16:00,17:00,Online,Scheduled
INT1273,DRV0019,STU0296,HR,2026-10-07,11:00,12:00,Offline,Scheduled
INT1274,DRV0019,STU0303,HR,2026-10-13,14:00,15:00,Online,Scheduled
INT1275,DRV0019,STU0307,HR,2026-10-09,15:00,16:00,Online,Scheduled
INT1276,DRV0019,STU0309,HR,2026-10-08,12:00,13:00,Online,Scheduled
INT1277,DRV0019,STU0313,HR,2026-10-09,10:00,11:00,Online,Scheduled
INT1278,DRV0019,STU0320,HR,2026-10-09,09:00,10:00,Offline,Scheduled
INT1279,DRV0019,STU0321,Technical,2026-10-10,13:00,14:00,Offline,Scheduled
INT1280,DRV0019,STU0324,HR,2026-10-09,13:00,14:00,Offline,Scheduled
INT1281,DRV0019,STU0325,Technical,2026-10-13,12:00,13:00,Online,Scheduled
INT1282,DRV0019,STU0327,Technical,2026-10-11,14:00,15:00,Offline,Scheduled
INT1283,DRV0019,STU0331,HR,2026-10-11,12:00,13:00,Online,Scheduled
INT1284,DRV0019,STU0334,Technical,2026-10-09,13:00,14:00,Offline,Scheduled
INT1285,DRV0019,STU0344,Technical,2026-10-08,10:00,11:00,Offline,Scheduled
INT1286,DRV0019,STU0347,HR,2026-10-11,16:00,17:00,Online,Scheduled
INT1287,DRV0019,STU0351,HR,2026-10-12,13:00,14:00,Offline,Scheduled
INT1288,DRV0019,STU0354,HR,2026-10-09,12:00,13:00,Offline,Scheduled
INT1289,DRV0019,STU0362,Technical,2026-10-07,14:00,15:00,Online,Scheduled
INT1290,DRV0019,STU0368,HR,2026-10-08,11:00,12:00,Online,Scheduled
INT1291,DRV0019,STU0371,HR,2026-10-09,12:00,13:00,Offline,Scheduled
INT1292,DRV0019,STU0381,HR,2026-10-07,11:00,12:00,Offline,Scheduled
INT1293,DRV0019,STU0395,HR,2026-10-08,13:00,14:00,Offline,Scheduled
INT1294,DRV0019,STU0397,Technical,2026-10-13,10:00,11:00,Offline,Scheduled
INT1295,DRV0019,STU0403,HR,2026-10-09,11:00,12:00,Online,Scheduled
INT1296,DRV0019,STU0409,Technical,2026-10-07,11:00,12:00,Online,Scheduled
INT1297,DRV0019,STU0410,HR,2026-10-13,13:00,14:00,Offline,Scheduled
INT1298,DRV0019,STU0413,Technical,2026-10-09,09:00,10:00,Online,Scheduled
INT1299,DRV0019,STU0422,HR,2026-10-08,09:00,10:00,Offline,Scheduled
INT1300,DRV0019,STU0425,HR,2026-10-08,09:00,10:00,Online,Scheduled
INT1301,DRV0019,STU0431,HR,2026-10-07,14:00,15:00,Online,Scheduled
INT1302,DRV0019,STU0436,HR,2026-10-09,10:00,11:00,Online,Scheduled
INT1303,DRV0019,STU0438,HR,2026-10-11,10:00,11:00,Offline,Scheduled
INT1304,DRV0019,STU0458,HR,2026-10-07,14:00,15:00,Offline,Scheduled
INT1305,DRV0019,STU0470,Technical,2026-10-10,12:00,13:00,Online,Scheduled
INT1306,DRV0019,STU0472,HR,2026-10-09,16:00,17:00,Offline,Scheduled
INT1307,DRV0019,STU0480,Technical,2026-10-09,16:00,17:00,Offline,Scheduled
INT1308,DRV0019,STU0481,HR,2026-10-10,12:00,13:00,Online,Scheduled
INT1309,DRV0019,STU0493,HR,2026-10-09,16:00,17:00,Online,Scheduled
INT1310,DRV0019,STU0496,Technical,2026-10-11,09:00,10:00,Online,Scheduled
INT1311,DRV0019,STU0500,HR,2026-10-11,13:00,14:00,Online,Scheduled
INT1312,DRV0019,STU0521,HR,2026-10-08,16:00,17:00,Online,Scheduled
INT1313,DRV0019,STU0544,Technical,2026-10-09,13:00,14:00,Online,Scheduled
INT1314,DRV0019,STU0550,HR,2026-10-13,11:00,12:00,Offline,Scheduled
INT1315,DRV0019,STU0563,Technical,2026-10-07,13:00,14:00,Offline,Scheduled
INT1316,DRV0019,STU0568,HR,2026-10-12,15:00,16:00,Online,Scheduled
INT1317,DRV0019,STU0574,HR,2026-10-11,10:00,11:00,Offline,Scheduled
INT1318,DRV0019,STU0579,HR,2026-10-13,14:00,15:00,Online,Scheduled
INT1319,DRV0019,STU0582,Technical,2026-10-08,16:00,17:00,Online,Scheduled
INT1320,DRV0019,STU0583,HR,2026-10-12,13:00,14:00,Online,Scheduled
INT1321,DRV0019,STU0590,HR,2026-10-08,11:00,12:00,Offline,Scheduled
INT1322,DRV0019,STU0600,HR,2026-10-13,11:00,12:00,Online,Scheduled
INT1323,DRV0020,STU0001,HR,2026-10-13,14:00,15:00,Online,Scheduled
INT1324,DRV0020,STU0019,HR,2026-10-09,11:00,12:00,Offline,Scheduled
INT1325,DRV0020,STU0041,Technical,2026-10-07,12:00,13:00,Offline,Scheduled
INT1326,DRV0020,STU0050,Technical,2026-10-12,11:00,12:00,Offline,Scheduled
INT1327,DRV0020,STU0056,Technical,2026-10-11,13:00,14:00,Online,Scheduled
INT1328,DRV0020,STU0060,Technical,2026-10-11,10:00,11:00,Offline,Scheduled
INT1329,DRV0020,STU0101,Technical,2026-10-10,12:00,13:00,Offline,Scheduled
INT1330,DRV0020,STU0112,Technical,2026-10-10,15:00,16:00,Offline,Scheduled
INT1331,DRV0020,STU0147,Technical,2026-10-13,13:00,14:00,Offline,Scheduled
INT1332,DRV0020,STU0166,Technical,2026-10-10,10:00,11:00,Offline,Scheduled
INT1333,DRV0020,STU0178,HR,2026-10-10,12:00,13:00,Offline,Scheduled
INT1334,DRV0020,STU0186,HR,2026-10-10,11:00,12:00,Offline,Scheduled
INT1335,DRV0020,STU0200,HR,2026-10-08,10:00,11:00,Offline,Scheduled
INT1336,DRV0020,STU0224,Technical,2026-10-11,09:00,10:00,Offline,Scheduled
INT1337,DRV0020,STU0229,Technical,2026-10-09,09:00,10:00,Offline,Scheduled
INT1338,DRV0020,STU0230,HR,2026-10-10,13:00,14:00,Offline,Scheduled
INT1339,DRV0020,STU0276,Technical,2026-10-09,09:00,10:00,Offline,Scheduled
INT1340,DRV0020,STU0278,HR,2026-10-10,14:00,15:00,Online,Scheduled
INT1341,DRV0020,STU0286,Technical,2026-10-12,15:00,16:00,Offline,Scheduled
INT1342,DRV0020,STU0302,HR,2026-10-07,11:00,12:00,Offline,Scheduled
INT1343,DRV0020,STU0306,HR,2026-10-10,13:00,14:00,Offline,Scheduled
INT1344,DRV0020,STU0310,HR,2026-10-10,11:00,12:00,Offline,Scheduled
INT1345,DRV0020,STU0323,Technical,2026-10-13,16:00,17:00,Online,Scheduled
INT1346,DRV0020,STU0324,Technical,2026-10-08,11:00,12:00,Offline,Scheduled
INT1347,DRV0020,STU0328,HR,2026-10-12,16:00,17:00,Online,Scheduled
INT1348,DRV0020,STU0338,HR,2026-10-09,16:00,17:00,Offline,Scheduled
INT1349,DRV0020,STU0344,Technical,2026-10-12,11:00,12:00,Offline,Scheduled
INT1350,DRV0020,STU0349,Technical,2026-10-13,13:00,14:00,Online,Scheduled
INT1351,DRV0020,STU0357,Technical,2026-10-13,13:00,14:00,Online,Scheduled
INT1352,DRV0020,STU0358,HR,2026-10-07,15:00,16:00,Online,Scheduled
INT1353,DRV0020,STU0371,HR,2026-10-10,10:00,11:00,Online,Scheduled
INT1354,DRV0020,STU0374,HR,2026-10-12,10:00,11:00,Offline,Scheduled
INT1355,DRV0020,STU0381,Technical,2026-10-07,11:00,12:00,Online,Scheduled
INT1356,DRV0020,STU0386,HR,2026-10-13,16:00,17:00,Offline,Scheduled
INT1357,DRV0020,STU0397,Technical,2026-10-07,14:00,15:00,Offline,Scheduled
INT1358,DRV0020,STU0405,Technical,2026-10-08,16:00,17:00,Online,Scheduled
INT1359,DRV0020,STU0411,Technical,2026-10-09,11:00,12:00,Offline,Scheduled
INT1360,DRV0020,STU0413,Technical,2026-10-09,11:00,12:00,Offline,Scheduled
INT1361,DRV0020,STU0418,Technical,2026-10-13,12:00,13:00,Offline,Scheduled
INT1362,DRV0020,STU0438,Technical,2026-10-13,11:00,12:00,Offline,Scheduled
INT1363,DRV0020,STU0450,Technical,2026-10-10,13:00,14:00,Offline,Scheduled
INT1364,DRV0020,STU0462,Technical,2026-10-13,14:00,15:00,Offline,Scheduled
INT1365,DRV0020,STU0469,HR,2026-10-11,13:00,14:00,Offline,Scheduled
INT1366,DRV0020,STU0472,Technical,2026-10-10,14:00,15:00,Offline,Scheduled
INT1367,DRV0020,STU0475,HR,2026-10-07,09:00,10:00,Offline,Scheduled
INT1368,DRV0020,STU0494,HR,2026-10-13,11:00,12:00,Online,Scheduled
INT1369,DRV0020,STU0495,HR,2026-10-10,10:00,11:00,Offline,Scheduled
INT1370,DRV0020,STU0497,Technical,2026-10-08,13:00,14:00,Offline,Scheduled
INT1371,DRV0020,STU0526,Technical,2026-10-07,10:00,11:00,Online,Scheduled
INT1372,DRV0020,STU0528,HR,2026-10-10,10:00,11:00,Offline,Scheduled
INT1373,DRV0020,STU0534,Technical,2026-10-11,10:00,11:00,Online,Scheduled
INT1374,DRV0020,STU0556,Technical,2026-10-10,11:00,12:00,Offline,Scheduled
INT1375,DRV0020,STU0557,HR,2026-10-10,13:00,14:00,Offline,Scheduled
INT1376,DRV0020,STU0582,HR,2026-10-13,13:00,14:00,Online,Scheduled
INT1377,DRV0020,STU0583,Technical,2026-10-09,14:00,15:00,Offline,Scheduled
INT1378,DRV0020,STU0590,Technical,2026-10-07,15:00,16:00,Online,Scheduled
INT1379,DRV0020,STU0600,HR,2026-10-09,12:00,13:00,Offline,Scheduled
INT1380,DRV0021,STU0003,HR,2026-10-03,14:00,15:00,Offline,Scheduled
INT1381,DRV0021,STU0010,Technical,2026-09-28,09:00,10:00,Online,Scheduled
INT1382,DRV0021,STU0020,Technical,2026-09-28,09:00,10:00,Offline,Scheduled
INT1383,DRV0021,STU0021,HR,2026-10-02,12:00,13:00,Online,Scheduled
INT1384,DRV0021,STU0031,Technical,2026-10-03,16:00,17:00,Offline,Scheduled
INT1385,DRV0021,STU0038,Technical,2026-09-27,11:00,12:00,Offline,Scheduled
INT1386,DRV0021,STU0083,Technical,2026-10-03,16:00,17:00,Online,Scheduled
INT1387,DRV0021,STU0092,Technical,2026-10-03,15:00,16:00,Offline,Scheduled
INT1388,DRV0021,STU0102,HR,2026-10-02,15:00,16:00,Offline,Scheduled
INT1389,DRV0021,STU0136,Technical,2026-10-02,12:00,13:00,Offline,Scheduled
INT1390,DRV0021,STU0171,Technical,2026-10-01,16:00,17:00,Online,Scheduled
INT1391,DRV0021,STU0174,Technical,2026-09-30,14:00,15:00,Offline,Scheduled
INT1392,DRV0021,STU0178,HR,2026-09-30,10:00,11:00,Offline,Scheduled
INT1393,DRV0021,STU0195,Technical,2026-09-30,09:00,10:00,Offline,Scheduled
INT1394,DRV0021,STU0224,HR,2026-09-30,14:00,15:00,Online,Scheduled
INT1395,DRV0021,STU0229,HR,2026-10-01,14:00,15:00,Online,Scheduled
INT1396,DRV0021,STU0280,HR,2026-09-30,15:00,16:00,Offline,Scheduled
INT1397,DRV0021,STU0328,HR,2026-09-30,09:00,10:00,Online,Scheduled
INT1398,DRV0021,STU0332,Technical,2026-09-28,16:00,17:00,Offline,Scheduled
INT1399,DRV0021,STU0374,Technical,2026-09-28,12:00,13:00,Online,Scheduled
INT1400,DRV0021,STU0381,Technical,2026-09-29,14:00,15:00,Online,Scheduled
INT1401,DRV0021,STU0410,HR,2026-09-27,14:00,15:00,Online,Scheduled
INT1402,DRV0021,STU0413,HR,2026-09-27,12:00,13:00,Offline,Scheduled
INT1403,DRV0021,STU0508,Technical,2026-09-28,10:00,11:00,Offline,Scheduled
INT1404,DRV0021,STU0583,Technical,2026-10-03,10:00,11:00,Online,Scheduled
INT1405,DRV0021,STU0590,HR,2026-09-27,12:00,13:00,Online,Scheduled
INT1406,DRV0021,STU0596,HR,2026-10-02,16:00,17:00,Online,Scheduled
INT1407,DRV0022,STU0001,Technical,2026-10-09,14:00,15:00,Online,Scheduled
INT1408,DRV0022,STU0021,Technical,2026-10-10,09:00,10:00,Offline,Scheduled
INT1409,DRV0022,STU0031,Technical,2026-10-11,11:00,12:00,Offline,Scheduled
INT1410,DRV0022,STU0041,HR,2026-10-13,15:00,16:00,Online,Scheduled
INT1411,DRV0022,STU0057,Technical,2026-10-13,15:00,16:00,Online,Scheduled
INT1412,DRV0022,STU0083,HR,2026-10-10,09:00,10:00,Online,Scheduled
INT1413,DRV0022,STU0094,Technical,2026-10-13,09:00,10:00,Online,Scheduled
INT1414,DRV0022,STU0099,HR,2026-10-10,11:00,12:00,Online,Scheduled
INT1415,DRV0022,STU0107,Technical,2026-10-07,11:00,12:00,Offline,Scheduled
INT1416,DRV0022,STU0167,HR,2026-10-12,13:00,14:00,Offline,Scheduled
INT1417,DRV0022,STU0177,HR,2026-10-09,11:00,12:00,Offline,Scheduled
INT1418,DRV0022,STU0178,HR,2026-10-11,15:00,16:00,Offline,Scheduled
INT1419,DRV0022,STU0186,HR,2026-10-11,14:00,15:00,Online,Scheduled
INT1420,DRV0022,STU0200,Technical,2026-10-11,13:00,14:00,Online,Scheduled
INT1421,DRV0022,STU0213,Technical,2026-10-12,16:00,17:00,Online,Scheduled
INT1422,DRV0022,STU0224,Technical,2026-10-13,13:00,14:00,Offline,Scheduled
INT1423,DRV0022,STU0229,Technical,2026-10-11,10:00,11:00,Offline,Scheduled
INT1424,DRV0022,STU0230,Technical,2026-10-11,14:00,15:00,Online,Scheduled
INT1425,DRV0022,STU0278,HR,2026-10-11,09:00,10:00,Offline,Scheduled
INT1426,DRV0022,STU0307,HR,2026-10-12,12:00,13:00,Offline,Scheduled
INT1427,DRV0022,STU0321,HR,2026-10-13,11:00,12:00,Online,Scheduled
INT1428,DRV0022,STU0322,HR,2026-10-11,12:00,13:00,Offline,Scheduled
INT1429,DRV0022,STU0334,HR,2026-10-12,15:00,16:00,Online,Scheduled
INT1430,DRV0022,STU0337,HR,2026-10-10,11:00,12:00,Online,Scheduled
INT1431,DRV0022,STU0338,HR,2026-10-09,15:00,16:00,Offline,Scheduled
INT1432,DRV0022,STU0381,HR,2026-10-12,15:00,16:00,Offline,Scheduled
INT1433,DRV0022,STU0386,Technical,2026-10-10,11:00,12:00,Online,Scheduled
INT1434,DRV0022,STU0391,Technical,2026-10-10,11:00,12:00,Online,Scheduled
INT1435,DRV0022,STU0394,HR,2026-10-07,11:00,12:00,Online,Scheduled
INT1436,DRV0022,STU0396,Technical,2026-10-10,10:00,11:00,Offline,Scheduled
INT1437,DRV0022,STU0403,Technical,2026-10-10,09:00,10:00,Offline,Scheduled
INT1438,DRV0022,STU0413,HR,2026-10-09,13:00,14:00,Offline,Scheduled
INT1439,DRV0022,STU0431,HR,2026-10-08,11:00,12:00,Online,Scheduled
INT1440,DRV0022,STU0438,Technical,2026-10-12,14:00,15:00,Offline,Scheduled
INT1441,DRV0022,STU0458,Technical,2026-10-11,14:00,15:00,Online,Scheduled
INT1442,DRV0022,STU0463,HR,2026-10-11,13:00,14:00,Offline,Scheduled
INT1443,DRV0022,STU0517,Technical,2026-10-12,11:00,12:00,Offline,Scheduled
INT1444,DRV0022,STU0529,Technical,2026-10-13,15:00,16:00,Offline,Scheduled
INT1445,DRV0022,STU0539,Technical,2026-10-10,14:00,15:00,Offline,Scheduled
INT1446,DRV0022,STU0540,Technical,2026-10-12,10:00,11:00,Online,Scheduled
INT1447,DRV0022,STU0556,Technical,2026-10-13,13:00,14:00,Online,Scheduled
INT1448,DRV0022,STU0557,Technical,2026-10-11,09:00,10:00,Offline,Scheduled
INT1449,DRV0022,STU0582,Technical,2026-10-07,10:00,11:00,Online,Scheduled
INT1450,DRV0022,STU0583,HR,2026-10-08,12:00,13:00,Online,Scheduled
INT1451,DRV0023,STU0010,HR,2026-09-14,09:00,10:00,Online,Scheduled
INT1452,DRV0023,STU0011,Technical,2026-09-12,15:00,16:00,Offline,Scheduled
INT1453,DRV0023,STU0019,Technical,2026-09-11,10:00,11:00,Online,Scheduled
INT1454,DRV0023,STU0028,Technical,2026-09-12,13:00,14:00,Online,Scheduled
INT1455,DRV0023,STU0033,Technical,2026-09-14,11:00,12:00,Offline,Scheduled
INT1456,DRV0023,STU0038,HR,2026-09-12,15:00,16:00,Offline,Scheduled
INT1457,DRV0023,STU0050,HR,2026-09-12,15:00,16:00,Offline,Scheduled
INT1458,DRV0023,STU0059,Technical,2026-09-17,10:00,11:00,Online,Scheduled
INT1459,DRV0023,STU0067,HR,2026-09-15,12:00,13:00,Offline,Scheduled
INT1460,DRV0023,STU0075,HR,2026-10-02,16:00,17:00,Online,Scheduled
INT1461,DRV0023,STU0083,Technical,2026-09-14,12:00,13:00,Offline,Scheduled
INT1462,DRV0023,STU0094,Technical,2026-09-15,10:00,11:00,Online,Scheduled
INT1463,DRV0023,STU0098,Technical,2026-09-14,16:00,17:00,Online,Scheduled
INT1464,DRV0023,STU0102,Technical,2026-09-15,11:00,12:00,Offline,Scheduled
INT1465,DRV0023,STU0112,HR,2026-09-11,09:00,10:00,Offline,Scheduled
INT1466,DRV0023,STU0122,Technical,2026-09-14,11:00,12:00,Offline,Scheduled
INT1467,DRV0023,STU0123,HR,2026-09-26,09:00,10:00,Online,Scheduled
INT1468,DRV0023,STU0124,Technical,2026-09-15,13:00,14:00,Online,Scheduled
INT1469,DRV0023,STU0145,HR,2026-09-15,10:00,11:00,Online,Scheduled
INT1470,DRV0023,STU0165,HR,2026-09-13,13:00,14:00,Offline,Scheduled
INT1471,DRV0023,STU0166,HR,2026-09-15,14:00,15:00,Offline,Scheduled
INT1472,DRV0023,STU0174,HR,2026-09-11,09:00,10:00,Offline,Scheduled
INT1473,DRV0023,STU0183,Technical,2026-09-15,14:00,15:00,Online,Scheduled
INT1474,DRV0023,STU0186,Technical,2026-09-11,16:00,17:00,Online,Scheduled
INT1475,DRV0023,STU0189,HR,2026-09-14,16:00,17:00,Online,Scheduled
INT1476,DRV0023,STU0213,HR,2026-09-11,09:00,10:00,Online,Scheduled
INT1477,DRV0023,STU0226,HR,2026-09-17,15:00,16:00,Offline,Scheduled
INT1478,DRV0023,STU0228,Technical,2026-09-17,09:00,10:00,Offline,Scheduled
INT1479,DRV0023,STU0232,Technical,2026-09-12,16:00,17:00,Online,Scheduled
INT1480,DRV0023,STU0233,HR,2026-09-17,13:00,14:00,Online,Scheduled
INT1481,DRV0023,STU0264,Technical,2026-09-16,15:00,16:00,Online,Scheduled
INT1482,DRV0023,STU0303,Technical,2026-09-14,12:00,13:00,Online,Scheduled
INT1483,DRV0023,STU0310,HR,2026-09-11,13:00,14:00,Online,Scheduled
INT1484,DRV0023,STU0312,Technical,2026-09-16,11:00,12:00,Online,Scheduled
INT1485,DRV0023,STU0320,Technical,2026-09-12,13:00,14:00,Offline,Scheduled
INT1486,DRV0023,STU0321,HR,2026-09-16,09:00,10:00,Offline,Scheduled
INT1487,DRV0023,STU0322,HR,2026-09-14,09:00,10:00,Offline,Scheduled
INT1488,DRV0023,STU0335,HR,2026-09-11,16:00,17:00,Offline,Scheduled
INT1489,DRV0023,STU0344,Technical,2026-09-11,12:00,13:00,Offline,Scheduled
INT1490,DRV0023,STU0357,HR,2026-09-13,09:00,10:00,Online,Scheduled
INT1491,DRV0023,STU0360,Technical,2026-09-15,09:00,10:00,Offline,Scheduled
INT1492,DRV0023,STU0372,Technical,2026-09-13,13:00,14:00,Online,Scheduled
INT1493,DRV0023,STU0396,HR,2026-09-14,10:00,11:00,Offline,Scheduled
INT1494,DRV0023,STU0397,HR,2026-09-14,12:00,13:00,Online,Scheduled
INT1495,DRV0023,STU0410,HR,2026-09-12,10:00,11:00,Online,Scheduled
INT1496,DRV0023,STU0417,Technical,2026-09-15,10:00,11:00,Online,Scheduled
INT1497,DRV0023,STU0421,Technical,2026-09-16,15:00,16:00,Online,Scheduled
INT1498,DRV0023,STU0432,Technical,2026-09-16,15:00,16:00,Online,Scheduled
INT1499,DRV0023,STU0447,HR,2026-09-15,09:00,10:00,Offline,Scheduled
INT1500,DRV0023,STU0457,Technical,2026-09-21,09:00,10:00,Online,Scheduled
INT1501,DRV0023,STU0462,Technical,2026-09-12,10:00,11:00,Offline,Scheduled
INT1502,DRV0023,STU0463,HR,2026-09-16,09:00,10:00,Offline,Scheduled
INT1503,DRV0023,STU0472,Technical,2026-09-11,10:00,11:00,Online,Scheduled
INT1504,DRV0023,STU0496,Technical,2026-09-16,09:00,10:00,Offline,Scheduled
INT1505,DRV0023,STU0497,Technical,2026-09-16,12:00,13:00,Online,Scheduled
INT1506,DRV0023,STU0499,Technical,2026-09-11,09:00,10:00,Offline,Scheduled
INT1507,DRV0023,STU0519,HR,2026-09-16,11:00,12:00,Online,Scheduled
INT1508,DRV0023,STU0529,HR,2026-09-13,14:00,15:00,Offline,Scheduled
INT1509,DRV0023,STU0549,Technical,2026-09-16,11:00,12:00,Online,Scheduled
INT1510,DRV0023,STU0572,HR,2026-09-17,09:00,10:00,Offline,Scheduled
INT1511,DRV0023,STU0573,Technical,2026-09-12,12:00,13:00,Offline,Scheduled
INT1512,DRV0023,STU0582,HR,2026-09-17,12:00,13:00,Offline,Scheduled
INT1513,DRV0023,STU0583,Technical,2026-09-14,14:00,15:00,Online,Scheduled
INT1514,DRV0023,STU0591,HR,2026-09-11,10:00,11:00,Online,Scheduled
INT1515,DRV0024,STU0001,HR,2026-10-16,12:00,13:00,Online,Scheduled
INT1516,DRV0024,STU0010,HR,2026-08-26,14:00,15:00,Online,Scheduled
INT1517,DRV0024,STU0019,HR,2026-10-08,16:00,17:00,Online,Scheduled
INT1518,DRV0024,STU0021,Technical,2026-08-21,10:00,11:00,Offline,Scheduled
INT1519,DRV0024,STU0022,Technical,2026-09-07,15:00,16:00,Online,Scheduled
INT1520,DRV0024,STU0028,Technical,2026-08-23,11:00,12:00,Offline,Scheduled
INT1521,DRV0024,STU0031,Technical,2026-08-23,12:00,13:00,Online,Scheduled
INT1522,DRV0024,STU0039,Technical,2026-08-27,13:00,14:00,Online,Scheduled
INT1523,DRV0024,STU0059,HR,2026-10-05,11:00,12:00,Online,Scheduled
INT1524,DRV0024,STU0067,HR,2026-10-11,15:00,16:00,Online,Scheduled
INT1525,DRV0024,STU0132,Technical,2026-08-26,12:00,13:00,Online,Scheduled
INT1526,DRV0024,STU0149,HR,2026-10-05,13:00,14:00,Offline,Scheduled
INT1527,DRV0024,STU0167,HR,2026-08-21,12:00,13:00,Online,Scheduled
INT1528,DRV0024,STU0173,Technical,2026-08-27,14:00,15:00,Offline,Scheduled
INT1529,DRV0024,STU0178,Technical,2026-08-21,16:00,17:00,Online,Scheduled
INT1530,DRV0024,STU0182,HR,2026-08-27,14:00,15:00,Offline,Scheduled
INT1531,DRV0024,STU0183,HR,2026-10-07,14:00,15:00,Offline,Scheduled
INT1532,DRV0024,STU0188,Technical,2026-09-16,12:00,13:00,Online,Scheduled
INT1533,DRV0024,STU0205,Technical,2026-08-22,16:00,17:00,Offline,Scheduled
INT1534,DRV0024,STU0213,Technical,2026-10-12,16:00,17:00,Offline,Scheduled
INT1535,DRV0024,STU0228,Technical,2026-09-28,11:00,12:00,Offline,Scheduled
INT1536,DRV0024,STU0233,Technical,2026-08-25,10:00,11:00,Offline,Scheduled
INT1537,DRV0024,STU0234,HR,2026-09-26,14:00,15:00,Offline,Scheduled
INT1538,DRV0024,STU0248,HR,2026-09-06,11:00,12:00,Offline,Scheduled
INT1539,DRV0024,STU0250,Technical,2026-08-22,16:00,17:00,Offline,Scheduled
INT1540,DRV0024,STU0273,HR,2026-09-06,11:00,12:00,Online,Scheduled
INT1541,DRV0024,STU0296,Technical,2026-08-21,14:00,15:00,Online,Scheduled
INT1542,DRV0024,STU0298,HR,2026-09-21,15:00,16:00,Offline,Scheduled
INT1543,DRV0024,STU0303,Technical,2026-08-27,13:00,14:00,Online,Scheduled
INT1544,DRV0024,STU0320,HR,2026-09-18,10:00,11:00,Offline,Scheduled
INT1545,DRV0024,STU0323,HR,2026-08-24,09:00,10:00,Online,Scheduled
INT1546,DRV0024,STU0327,HR,2026-10-12,15:00,16:00,Online,Scheduled
INT1547,DRV0024,STU0332,HR,2026-08-27,16:00,17:00,Offline,Scheduled
INT1548,DRV0024,STU0344,HR,2026-08-22,15:00,16:00,Online,Scheduled
INT1549,DRV0024,STU0345,HR,2026-08-27,09:00,10:00,Online,Scheduled
INT1550,DRV0024,STU0350,Technical,2026-08-22,13:00,14:00,Offline,Scheduled
INT1551,DRV0024,STU0372,HR,2026-08-24,15:00,16:00,Offline,Scheduled
INT1552,DRV0024,STU0373,Technical,2026-09-08,10:00,11:00,Online,Scheduled
INT1553,DRV0024,STU0389,HR,2026-08-27,15:00,16:00,Online,Scheduled
INT1554,DRV0024,STU0394,HR,2026-08-24,12:00,13:00,Online,Scheduled
INT1555,DRV0024,STU0409,Technical,2026-08-24,13:00,14:00,Online,Scheduled
INT1556,DRV0024,STU0410,Technical,2026-08-25,11:00,12:00,Offline,Scheduled
INT1557,DRV0024,STU0411,HR,2026-08-22,10:00,11:00,Offline,Scheduled
INT1558,DRV0024,STU0424,HR,2026-08-23,10:00,11:00,Online,Scheduled
INT1559,DRV0024,STU0447,HR,2026-08-21,11:00,12:00,Offline,Scheduled
INT1560,DRV0024,STU0458,HR,2026-08-21,11:00,12:00,Offline,Scheduled
INT1561,DRV0024,STU0462,Technical,2026-08-24,12:00,13:00,Online,Scheduled
INT1562,DRV0024,STU0463,Technical,2026-08-27,16:00,17:00,Offline,Scheduled
INT1563,DRV0024,STU0464,HR,2026-08-31,14:00,15:00,Online,Scheduled
INT1564,DRV0024,STU0496,Technical,2026-09-16,09:00,10:00,Offline,Scheduled
INT1565,DRV0024,STU0497,HR,2026-08-22,14:00,15:00,Offline,Scheduled
INT1566,DRV0024,STU0499,HR,2026-09-06,16:00,17:00,Offline,Scheduled
INT1567,DRV0024,STU0519,HR,2026-09-16,11:00,12:00,Online,Scheduled
INT1568,DRV0024,STU0525,HR,2026-08-22,15:00,16:00,Offline,Scheduled
INT1569,DRV0024,STU0528,HR,2026-08-25,10:00,11:00,Online,Scheduled
INT1570,DRV0024,STU0539,HR,2026-08-27,11:00,12:00,Offline,Scheduled
INT1571,DRV0024,STU0549,HR,2026-09-07,09:00,10:00,Offline,Scheduled
INT1572,DRV0024,STU0557,Technical,2026-08-23,10:00,11:00,Offline,Scheduled
INT1573,DRV0024,STU0563,Technical,2026-08-22,13:00,14:00,Online,Scheduled
INT1574,DRV0024,STU0564,HR,2026-08-21,16:00,17:00,Offline,Scheduled
INT1575,DRV0024,STU0579,HR,2026-08-27,12:00,13:00,Online,Scheduled
INT1576,DRV0024,STU0583,HR,2026-08-21,11:00,12:00,Offline,Scheduled
INT1577,DRV0024,STU0590,Technical,2026-08-21,10:00,11:00,Offline,Scheduled
INT1578,DRV0024,STU0598,Technical,2026-08-27,16:00,17:00,Online,Scheduled
INT1579,DRV0025,STU0010,Technical,2026-09-04,13:00,14:00,Offline,Scheduled
INT1580,DRV0025,STU0011,HR,2026-09-08,09:00,10:00,Online,Scheduled
INT1581,DRV0025,STU0021,Technical,2026-09-04,12:00,13:00,Online,Scheduled
INT1582,DRV0025,STU0033,HR,2026-09-03,10:00,11:00,Offline,Scheduled
INT1583,DRV0025,STU0038,Technical,2026-09-12,15:00,16:00,Offline,Scheduled
INT1584,DRV0025,STU0174,Technical,2026-09-04,12:00,13:00,Online,Scheduled
INT1585,DRV0025,STU0189,Technical,2026-09-03,14:00,15:00,Online,Scheduled
INT1586,DRV0025,STU0200,Technical,2026-09-03,11:00,12:00,Online,Scheduled
INT1587,DRV0025,STU0205,HR,2026-09-03,14:00,15:00,Online,Scheduled
INT1588,DRV0025,STU0230,HR,2026-09-07,15:00,16:00,Online,Scheduled
INT1589,DRV0025,STU0261,HR,2026-09-03,14:00,15:00,Online,Scheduled
INT1590,DRV0025,STU0264,Technical,2026-09-08,14:00,15:00,Offline,Scheduled
INT1591,DRV0025,STU0278,HR,2026-09-04,10:00,11:00,Offline,Scheduled
INT1592,DRV0025,STU0296,HR,2026-09-04,15:00,16:00,Offline,Scheduled
INT1593,DRV0025,STU0327,HR,2026-09-07,11:00,12:00,Online,Scheduled
INT1594,DRV0025,STU0331,Technical,2026-10-11,12:00,13:00,Offline,Scheduled
INT1595,DRV0025,STU0352,HR,2026-09-09,14:00,15:00,Online,Scheduled
INT1596,DRV0025,STU0357,HR,2026-09-27,10:00,11:00,Online,Scheduled
INT1597,DRV0025,STU0391,Technical,2026-09-08,09:00,10:00,Online,Scheduled
INT1598,DRV0025,STU0394,Technical,2026-09-03,13:00,14:00,Offline,Scheduled
INT1599,DRV0025,STU0418,HR,2026-09-03,11:00,12:00,Offline,Scheduled
INT1600,DRV0025,STU0470,Technical,2026-10-13,13:00,14:00,Online,Scheduled
INT1601,DRV0025,STU0528,HR,2026-09-08,16:00,17:00,Online,Scheduled
INT1602,DRV0025,STU0549,HR,2026-09-08,09:00,10:00,Offline,Scheduled
INT1603,DRV0025,STU0582,HR,2026-09-08,14:00,15:00,Online,Scheduled
INT1604,DRV0025,STU0583,Technical,2026-09-03,12:00,13:00,Offline,Scheduled
INT1605,DRV0025,STU0590,Technical,2026-09-04,16:00,17:00,Online,Scheduled
INT1606,DRV0026,STU0031,Technical,2026-09-17,15:00,16:00,Online,Scheduled
INT1607,DRV0026,STU0038,Technical,2026-09-12,12:00,13:00,Online,Scheduled
INT1608,DRV0026,STU0060,Technical,2026-09-14,13:00,14:00,Online,Scheduled
INT1609,DRV0026,STU0067,HR,2026-09-12,12:00,13:00,Offline,Scheduled
INT1610,DRV0026,STU0094,HR,2026-09-16,12:00,13:00,Offline,Scheduled
INT1611,DRV0026,STU0147,HR,2026-09-13,15:00,16:00,Online,Scheduled
INT1612,DRV0026,STU0166,Technical,2026-09-14,15:00,16:00,Offline,Scheduled
INT1613,DRV0026,STU0167,Technical,2026-09-14,15:00,16:00,Offline,Scheduled
INT1614,DRV0026,STU0171,HR,2026-09-12,11:00,12:00,Offline,Scheduled
INT1615,DRV0026,STU0174,HR,2026-09-14,13:00,14:00,Offline,Scheduled
INT1616,DRV0026,STU0177,Technical,2026-09-12,16:00,17:00,Online,Scheduled
INT1617,DRV0026,STU0205,HR,2026-09-17,14:00,15:00,Offline,Scheduled
INT1618,DRV0026,STU0262,Technical,2026-09-14,13:00,14:00,Offline,Scheduled
INT1619,DRV0026,STU0278,Technical,2026-09-15,11:00,12:00,Offline,Scheduled
INT1620,DRV0026,STU0306,HR,2026-09-16,16:00,17:00,Online,Scheduled
INT1621,DRV0026,STU0323,Technical,2026-09-14,12:00,13:00,Offline,Scheduled
INT1622,DRV0026,STU0327,Technical,2026-09-17,14:00,15:00,Online,Scheduled
INT1623,DRV0026,STU0332,HR,2026-09-15,16:00,17:00,Online,Scheduled
INT1624,DRV0026,STU0349,Technical,2026-09-16,11:00,12:00,Online,Scheduled
INT1625,DRV0026,STU0374,Technical,2026-09-14,15:00,16:00,Online,Scheduled
INT1626,DRV0026,STU0386,HR,2026-09-14,13:00,14:00,Offline,Scheduled
INT1627,DRV0026,STU0391,Technical,2026-09-16,15:00,16:00,Online,Scheduled
INT1628,DRV0026,STU0392,Technical,2026-09-29,09:00,10:00,Offline,Scheduled
INT1629,DRV0026,STU0396,HR,2026-09-16,15:00,16:00,Online,Scheduled
INT1630,DRV0026,STU0431,HR,2026-09-11,15:00,16:00,Offline,Scheduled
INT1631,DRV0026,STU0452,HR,2026-09-12,11:00,12:00,Online,Scheduled
INT1632,DRV0026,STU0458,Technical,2026-09-12,16:00,17:00,Online,Scheduled
INT1633,DRV0026,STU0462,Technical,2026-09-17,12:00,13:00,Online,Scheduled
INT1634,DRV0026,STU0465,HR,2026-09-12,12:00,13:00,Offline,Scheduled
INT1635,DRV0026,STU0472,Technical,2026-10-13,12:00,13:00,Online,Scheduled
INT1636,DRV0026,STU0475,HR,2026-09-30,13:00,14:00,Online,Scheduled
INT1637,DRV0026,STU0494,HR,2026-09-15,12:00,13:00,Offline,Scheduled
INT1638,DRV0026,STU0495,Technical,2026-09-12,12:00,13:00,Offline,Scheduled
INT1639,DRV0026,STU0517,Technical,2026-09-16,12:00,13:00,Online,Scheduled
INT1640,DRV0026,STU0528,HR,2026-09-11,15:00,16:00,Offline,Scheduled
INT1641,DRV0026,STU0539,HR,2026-09-13,15:00,16:00,Offline,Scheduled
INT1642,DRV0026,STU0540,Technical,2026-09-13,14:00,15:00,Offline,Scheduled
INT1643,DRV0026,STU0547,HR,2026-09-17,13:00,14:00,Offline,Scheduled
INT1644,DRV0026,STU0590,Technical,2026-09-17,15:00,16:00,Online,Scheduled
INT1645,DRV0026,STU0591,Technical,2026-09-17,13:00,14:00,Offline,Scheduled
INT1646,DRV0026,STU0600,HR,2026-09-16,16:00,17:00,Online,Scheduled
INT1647,DRV0027,STU0010,Technical,2026-10-01,14:00,15:00,Offline,Scheduled
INT1648,DRV0027,STU0039,Technical,2026-10-01,16:00,17:00,Offline,Scheduled
INT1649,DRV0027,STU0052,HR,2026-09-30,10:00,11:00,Offline,Scheduled
INT1650,DRV0027,STU0088,HR,2026-09-30,12:00,13:00,Offline,Scheduled
INT1651,DRV0027,STU0092,Technical,2026-10-01,11:00,12:00,Online,Scheduled
INT1652,DRV0027,STU0094,HR,2026-09-26,13:00,14:00,Online,Scheduled
INT1653,DRV0027,STU0102,Technical,2026-09-30,12:00,13:00,Online,Scheduled
INT1654,DRV0027,STU0166,Technical,2026-10-01,10:00,11:00,Offline,Scheduled
INT1655,DRV0027,STU0200,HR,2026-09-28,15:00,16:00,Online,Scheduled
INT1656,DRV0027,STU0206,Technical,2026-10-01,10:00,11:00,Online,Scheduled
INT1657,DRV0027,STU0264,HR,2026-09-29,10:00,11:00,Online,Scheduled
INT1658,DRV0027,STU0283,HR,2026-10-01,14:00,15:00,Offline,Scheduled
INT1659,DRV0027,STU0306,Technical,2026-10-02,15:00,16:00,Online,Scheduled
INT1660,DRV0027,STU0321,Technical,2026-09-28,10:00,11:00,Online,Scheduled
INT1661,DRV0027,STU0324,Technical,2026-09-30,12:00,13:00,Offline,Scheduled
INT1662,DRV0027,STU0327,Technical,2026-09-28,15:00,16:00,Offline,Scheduled
INT1663,DRV0027,STU0332,HR,2026-09-30,12:00,13:00,Offline,Scheduled
INT1664,DRV0027,STU0337,Technical,2026-10-10,11:00,12:00,Online,Scheduled
INT1665,DRV0027,STU0348,HR,2026-09-30,16:00,17:00,Online,Scheduled
INT1666,DRV0027,STU0351,HR,2026-09-27,16:00,17:00,Online,Scheduled
INT1667,DRV0027,STU0364,HR,2026-10-05,12:00,13:00,Offline,Scheduled
INT1668,DRV0027,STU0371,HR,2026-10-09,12:00,13:00,Offline,Scheduled
INT1669,DRV0027,STU0374,HR,2026-09-27,16:00,17:00,Offline,Scheduled
INT1670,DRV0027,STU0389,Technical,2026-10-02,14:00,15:00,Online,Scheduled
INT1671,DRV0027,STU0410,Technical,2026-10-01,09:00,10:00,Offline,Scheduled
INT1672,DRV0027,STU0418,Technical,2026-09-28,11:00,12:00,Offline,Scheduled
INT1673,DRV0027,STU0431,HR,2026-10-01,16:00,17:00,Offline,Scheduled
INT1674,DRV0027,STU0438,HR,2026-09-30,13:00,14:00,Online,Scheduled
INT1675,DRV0027,STU0443,Technical,2026-09-30,15:00,16:00,Online,Scheduled
INT1676,DRV0027,STU0452,HR,2026-10-02,09:00,10:00,Offline,Scheduled
INT1677,DRV0027,STU0461,HR,2026-10-02,12:00,13:00,Offline,Scheduled
INT1678,DRV0027,STU0470,Technical,2026-09-27,12:00,13:00,Online,Scheduled
INT1679,DRV0027,STU0494,Technical,2026-09-26,14:00,15:00,Online,Scheduled
INT1680,DRV0027,STU0495,Technical,2026-09-29,11:00,12:00,Online,Scheduled
INT1681,DRV0027,STU0506,Technical,2026-09-29,11:00,12:00,Online,Scheduled
INT1682,DRV0027,STU0528,Technical,2026-09-30,15:00,16:00,Offline,Scheduled
INT1683,DRV0027,STU0538,HR,2026-10-02,11:00,12:00,Offline,Scheduled
INT1684,DRV0027,STU0540,HR,2026-09-30,11:00,12:00,Online,Scheduled
INT1685,DRV0027,STU0563,HR,2026-09-28,16:00,17:00,Online,Scheduled
INT1686,DRV0027,STU0564,HR,2026-09-30,14:00,15:00,Online,Scheduled
INT1687,DRV0027,STU0583,HR,2026-09-30,16:00,17:00,Online,Scheduled
INT1688,DRV0028,STU0041,HR,2026-10-04,12:00,13:00,Online,Scheduled
INT1689,DRV0028,STU0042,HR,2026-09-21,12:00,13:00,Online,Scheduled
INT1690,DRV0028,STU0050,Technical,2026-09-09,12:00,13:00,Online,Scheduled
INT1691,DRV0028,STU0067,Technical,2026-09-09,10:00,11:00,Online,Scheduled
INT1692,DRV0028,STU0092,Technical,2026-09-07,14:00,15:00,Online,Scheduled
INT1693,DRV0028,STU0094,Technical,2026-09-05,11:00,12:00,Offline,Scheduled
INT1694,DRV0028,STU0099,HR,2026-09-26,16:00,17:00,Online,Scheduled
INT1695,DRV0028,STU0100,Technical,2026-09-09,09:00,10:00,Offline,Scheduled
INT1696,DRV0028,STU0102,HR,2026-09-08,13:00,14:00,Online,Scheduled
INT1697,DRV0028,STU0103,HR,2026-09-09,14:00,15:00,Online,Scheduled
INT1698,DRV0028,STU0112,Technical,2026-09-09,09:00,10:00,Online,Scheduled
INT1699,DRV0028,STU0177,Technical,2026-09-06,12:00,13:00,Online,Scheduled
INT1700,DRV0028,STU0182,HR,2026-09-06,11:00,12:00,Online,Scheduled
INT1701,DRV0028,STU0205,Technical,2026-09-06,15:00,16:00,Offline,Scheduled
INT1702,DRV0028,STU0211,Technical,2026-09-06,15:00,16:00,Online,Scheduled
INT1703,DRV0028,STU0213,Technical,2026-09-09,13:00,14:00,Offline,Scheduled
INT1704,DRV0028,STU0230,HR,2026-09-09,11:00,12:00,Online,Scheduled
INT1705,DRV0028,STU0264,HR,2026-09-10,15:00,16:00,Online,Scheduled
INT1706,DRV0028,STU0278,Technical,2026-09-06,10:00,11:00,Offline,Scheduled
INT1707,DRV0028,STU0280,HR,2026-10-07,15:00,16:00,Offline,Scheduled
INT1708,DRV0028,STU0290,HR,2026-09-10,12:00,13:00,Online,Scheduled
INT1709,DRV0028,STU0295,Technical,2026-09-05,15:00,16:00,Online,Scheduled
INT1710,DRV0028,STU0296,HR,2026-09-09,13:00,14:00,Online,Scheduled
INT1711,DRV0028,STU0302,HR,2026-09-09,13:00,14:00,Online,Scheduled
INT1712,DRV0028,STU0320,Technical,2026-09-10,15:00,16:00,Offline,Scheduled
INT1713,DRV0028,STU0332,HR,2026-09-10,15:00,16:00,Online,Scheduled
INT1714,DRV0028,STU0335,Technical,2026-09-09,11:00,12:00,Online,Scheduled
INT1715,DRV0028,STU0344,Technical,2026-09-09,13:00,14:00,Offline,Scheduled
INT1716,DRV0028,STU0350,HR,2026-09-05,15:00,16:00,Online,Scheduled
INT1717,DRV0028,STU0352,HR,2026-09-06,16:00,17:00,Offline,Scheduled
INT1718,DRV0028,STU0375,HR,2026-09-09,12:00,13:00,Online,Scheduled
INT1719,DRV0028,STU0397,Technical,2026-09-06,10:00,11:00,Online,Scheduled
INT1720,DRV0028,STU0403,Technical,2026-09-04,11:00,12:00,Online,Scheduled
INT1721,DRV0028,STU0410,Technical,2026-09-08,16:00,17:00,Offline,Scheduled
INT1722,DRV0028,STU0411,HR,2026-09-09,11:00,12:00,Offline,Scheduled
INT1723,DRV0028,STU0418,HR,2026-09-09,10:00,11:00,Online,Scheduled
INT1724,DRV0028,STU0432,HR,2026-09-16,15:00,16:00,Offline,Scheduled
INT1725,DRV0028,STU0462,HR,2026-09-09,09:00,10:00,Online,Scheduled
INT1726,DRV0028,STU0463,Technical,2026-09-10,12:00,13:00,Online,Scheduled
INT1727,DRV0028,STU0494,Technical,2026-09-05,14:00,15:00,Offline,Scheduled
INT1728,DRV0028,STU0499,Technical,2026-09-06,16:00,17:00,Offline,Scheduled
INT1729,DRV0028,STU0529,HR,2026-09-08,10:00,11:00,Offline,Scheduled
INT1730,DRV0028,STU0539,Technical,2026-09-15,15:00,16:00,Offline,Scheduled
INT1731,DRV0028,STU0545,HR,2026-09-06,09:00,10:00,Offline,Scheduled
INT1732,DRV0028,STU0557,HR,2026-09-04,16:00,17:00,Offline,Scheduled
INT1733,DRV0029,STU0001,Technical,2026-09-09,14:00,15:00,Offline,Scheduled
INT1734,DRV0029,STU0013,HR,2026-09-09,15:00,16:00,Online,Scheduled
INT1735,DRV0029,STU0020,HR,2026-09-13,11:00,12:00,Online,Scheduled
INT1736,DRV0029,STU0028,Technical,2026-09-15,13:00,14:00,Offline,Scheduled
INT1737,DRV0029,STU0031,HR,2026-09-11,14:00,15:00,Online,Scheduled
INT1738,DRV0029,STU0033,HR,2026-09-13,09:00,10:00,Offline,Scheduled
INT1739,DRV0029,STU0038,Technical,2026-09-11,15:00,16:00,Offline,Scheduled
INT1740,DRV0029,STU0044,HR,2026-10-12,15:00,16:00,Online,Scheduled
INT1741,DRV0029,STU0052,Technical,2026-09-12,14:00,15:00,Online,Scheduled
INT1742,DRV0029,STU0076,Technical,2026-09-12,12:00,13:00,Offline,Scheduled
INT1743,DRV0029,STU0083,HR,2026-09-12,11:00,12:00,Offline,Scheduled
INT1744,DRV0029,STU0112,Technical,2026-09-14,15:00,16:00,Online,Scheduled
INT1745,DRV0029,STU0147,Technical,2026-09-11,09:00,10:00,Online,Scheduled
INT1746,DRV0029,STU0156,Technical,2026-10-14,10:00,11:00,Offline,Scheduled
INT1747,DRV0029,STU0165,Technical,2026-09-13,13:00,14:00,Offline,Scheduled
INT1748,DRV0029,STU0167,Technical,2026-09-10,11:00,12:00,Offline,Scheduled
INT1749,DRV0029,STU0181,Technical,2026-09-15,15:00,16:00,Offline,Scheduled
INT1750,DRV0029,STU0186,Technical,2026-09-15,10:00,11:00,Online,Scheduled
INT1751,DRV0029,STU0189,Technical,2026-09-14,11:00,12:00,Online,Scheduled
INT1752,DRV0029,STU0233,Technical,2026-09-09,13:00,14:00,Online,Scheduled
INT1753,DRV0029,STU0251,Technical,2026-09-13,12:00,13:00,Online,Scheduled
INT1754,DRV0029,STU0257,Technical,2026-09-14,16:00,17:00,Online,Scheduled
INT1755,DRV0029,STU0262,HR,2026-09-12,09:00,10:00,Online,Scheduled
INT1756,DRV0029,STU0264,HR,2026-09-11,14:00,15:00,Offline,Scheduled
INT1757,DRV0029,STU0306,Technical,2026-09-10,14:00,15:00,Online,Scheduled
INT1758,DRV0029,STU0307,Technical,2026-09-09,14:00,15:00,Offline,Scheduled
INT1759,DRV0029,STU0323,HR,2026-09-13,10:00,11:00,Online,Scheduled
INT1760,DRV0029,STU0327,HR,2026-09-12,14:00,15:00,Offline,Scheduled
INT1761,DRV0029,STU0328,Technical,2026-09-14,09:00,10:00,Offline,Scheduled
INT1762,DRV0029,STU0331,HR,2026-09-15,14:00,15:00,Online,Scheduled
INT1763,DRV0029,STU0335,Technical,2026-09-10,15:00,16:00,Online,Scheduled
INT1764,DRV0029,STU0338,Technical,2026-09-14,10:00,11:00,Online,Scheduled
INT1765,DRV0029,STU0348,Technical,2026-09-12,10:00,11:00,Offline,Scheduled
INT1766,DRV0029,STU0349,Technical,2026-09-13,09:00,10:00,Online,Scheduled
INT1767,DRV0029,STU0352,HR,2026-09-12,13:00,14:00,Offline,Scheduled
INT1768,DRV0029,STU0356,HR,2026-09-14,10:00,11:00,Online,Scheduled
INT1769,DRV0029,STU0364,Technical,2026-09-13,09:00,10:00,Offline,Scheduled
INT1770,DRV0029,STU0371,Technical,2026-09-10,13:00,14:00,Online,Scheduled
INT1771,DRV0029,STU0383,HR,2026-09-12,11:00,12:00,Online,Scheduled
INT1772,DRV0029,STU0386,HR,2026-09-15,15:00,16:00,Offline,Scheduled
INT1773,DRV0029,STU0388,Technical,2026-09-10,11:00,12:00,Online,Scheduled
INT1774,DRV0029,STU0389,HR,2026-09-13,09:00,10:00,Offline,Scheduled
INT1775,DRV0029,STU0391,HR,2026-09-10,13:00,14:00,Online,Scheduled
INT1776,DRV0029,STU0392,HR,2026-09-09,12:00,13:00,Online,Scheduled
INT1777,DRV0029,STU0395,HR,2026-09-11,11:00,12:00,Online,Scheduled
INT1778,DRV0029,STU0410,Technical,2026-09-10,12:00,13:00,Online,Scheduled
INT1779,DRV0029,STU0411,HR,2026-09-14,14:00,15:00,Online,Scheduled
INT1780,DRV0029,STU0418,HR,2026-09-10,15:00,16:00,Offline,Scheduled
INT1781,DRV0029,STU0436,Technical,2026-09-22,16:00,17:00,Offline,Scheduled
INT1782,DRV0029,STU0443,HR,2026-09-09,10:00,11:00,Offline,Scheduled
INT1783,DRV0029,STU0462,HR,2026-09-13,12:00,13:00,Online,Scheduled
INT1784,DRV0029,STU0470,Technical,2026-09-10,15:00,16:00,Offline,Scheduled
INT1785,DRV0029,STU0475,HR,2026-09-14,15:00,16:00,Online,Scheduled
INT1786,DRV0029,STU0521,Technical,2026-09-10,16:00,17:00,Online,Scheduled
INT1787,DRV0029,STU0526,HR,2026-09-12,11:00,12:00,Online,Scheduled
INT1788,DRV0029,STU0534,Technical,2026-09-10,15:00,16:00,Online,Scheduled
INT1789,DRV0029,STU0539,HR,2026-09-15,15:00,16:00,Offline,Scheduled
INT1790,DRV0029,STU0540,Technical,2026-09-13,11:00,12:00,Online,Scheduled
INT1791,DRV0029,STU0557,Technical,2026-09-09,10:00,11:00,Online,Scheduled
INT1792,DRV0029,STU0563,HR,2026-09-15,10:00,11:00,Online,Scheduled
INT1793,DRV0029,STU0596,Technical,2026-09-15,09:00,10:00,Offline,Scheduled
INT1794,DRV0030,STU0001,HR,2026-10-05,16:00,17:00,Online,Scheduled
INT1795,DRV0030,STU0004,Technical,2026-10-10,15:00,16:00,Online,Scheduled
INT1796,DRV0030,STU0010,Technical,2026-10-06,10:00,11:00,Online,Scheduled
INT1797,DRV0030,STU0021,HR,2026-10-07,09:00,10:00,Online,Scheduled
INT1798,DRV0030,STU0031,Technical,2026-10-05,09:00,10:00,Offline,Scheduled
INT1799,DRV0030,STU0032,Technical,2026-10-06,13:00,14:00,Offline,Scheduled
INT1800,DRV0030,STU0038,HR,2026-10-09,10:00,11:00,Online,Scheduled
INT1801,DRV0030,STU0047,Technical,2026-10-06,14:00,15:00,Offline,Scheduled
INT1802,DRV0030,STU0057,Technical,2026-10-04,09:00,10:00,Online,Scheduled
INT1803,DRV0030,STU0061,HR,2026-10-06,11:00,12:00,Online,Scheduled
INT1804,DRV0030,STU0074,HR,2026-10-08,13:00,14:00,Online,Scheduled
INT1805,DRV0030,STU0086,HR,2026-10-06,15:00,16:00,Online,Scheduled
INT1806,DRV0030,STU0109,HR,2026-10-08,09:00,10:00,Offline,Scheduled
INT1807,DRV0030,STU0122,Technical,2026-10-07,13:00,14:00,Online,Scheduled
INT1808,DRV0030,STU0131,HR,2026-10-05,11:00,12:00,Offline,Scheduled
INT1809,DRV0030,STU0133,HR,2026-10-07,16:00,17:00,Offline,Scheduled
INT1810,DRV0030,STU0145,HR,2026-10-09,12:00,13:00,Offline,Scheduled
INT1811,DRV0030,STU0147,Technical,2026-10-08,16:00,17:00,Offline,Scheduled
INT1812,DRV0030,STU0149,Technical,2026-10-05,13:00,14:00,Online,Scheduled
INT1813,DRV0030,STU0155,Technical,2026-10-07,12:00,13:00,Offline,Scheduled
INT1814,DRV0030,STU0166,Technical,2026-10-10,10:00,11:00,Offline,Scheduled
INT1815,DRV0030,STU0170,HR,2026-10-10,11:00,12:00,Offline,Scheduled
INT1816,DRV0030,STU0171,Technical,2026-10-10,15:00,16:00,Online,Scheduled
INT1817,DRV0030,STU0182,Technical,2026-10-09,11:00,12:00,Offline,Scheduled
INT1818,DRV0030,STU0183,HR,2026-10-07,14:00,15:00,Online,Scheduled
INT1819,DRV0030,STU0186,HR,2026-10-09,10:00,11:00,Online,Scheduled
INT1820,DRV0030,STU0195,Technical,2026-10-06,11:00,12:00,Online,Scheduled
INT1821,DRV0030,STU0205,Technical,2026-10-08,15:00,16:00,Online,Scheduled
INT1822,DRV0030,STU0210,HR,2026-10-05,13:00,14:00,Offline,Scheduled
INT1823,DRV0030,STU0213,HR,2026-10-07,09:00,10:00,Online,Scheduled
INT1824,DRV0030,STU0218,Technical,2026-10-09,13:00,14:00,Online,Scheduled
INT1825,DRV0030,STU0224,HR,2026-10-10,15:00,16:00,Offline,Scheduled
INT1826,DRV0030,STU0227,HR,2026-10-04,12:00,13:00,Online,Scheduled
INT1827,DRV0030,STU0229,Technical,2026-10-04,15:00,16:00,Online,Scheduled
INT1828,DRV0030,STU0233,HR,2026-10-04,12:00,13:00,Online,Scheduled
INT1829,DRV0030,STU0258,HR,2026-10-04,16:00,17:00,Offline,Scheduled
INT1830,DRV0030,STU0261,Technical,2026-10-07,15:00,16:00,Online,Scheduled
INT1831,DRV0030,STU0270,Technical,2026-10-05,13:00,14:00,Online,Scheduled
INT1832,DRV0030,STU0274,Technical,2026-10-08,14:00,15:00,Online,Scheduled
INT1833,DRV0030,STU0280,Technical,2026-10-08,10:00,11:00,Online,Scheduled
INT1834,DRV0030,STU0285,Technical,2026-10-10,13:00,14:00,Online,Scheduled
INT1835,DRV0030,STU0292,HR,2026-10-04,12:00,13:00,Online,Scheduled
INT1836,DRV0030,STU0306,Technical,2026-10-08,16:00,17:00,Online,Scheduled
INT1837,DRV0030,STU0310,HR,2026-10-05,09:00,10:00,Offline,Scheduled
INT1838,DRV0030,STU0323,HR,2026-10-05,12:00,13:00,Online,Scheduled
INT1839,DRV0030,STU0324,HR,2026-10-04,14:00,15:00,Online,Scheduled
INT1840,DRV0030,STU0335,Technical,2026-10-10,11:00,12:00,Offline,Scheduled
INT1841,DRV0030,STU0336,HR,2026-10-10,13:00,14:00,Online,Scheduled
INT1842,DRV0030,STU0337,Technical,2026-10-07,10:00,11:00,Online,Scheduled
INT1843,DRV0030,STU0356,HR,2026-10-05,12:00,13:00,Offline,Scheduled
INT1844,DRV0030,STU0364,Technical,2026-10-05,12:00,13:00,Offline,Scheduled
INT1845,DRV0030,STU0369,Technical,2026-10-04,13:00,14:00,Offline,Scheduled
INT1846,DRV0030,STU0371,HR,2026-10-04,11:00,12:00,Online,Scheduled
INT1847,DRV0030,STU0375,Technical,2026-10-07,14:00,15:00,Offline,Scheduled
INT1848,DRV0030,STU0381,HR,2026-10-06,14:00,15:00,Online,Scheduled
INT1849,DRV0030,STU0382,HR,2026-10-09,16:00,17:00,Offline,Scheduled
INT1850,DRV0030,STU0388,HR,2026-10-04,12:00,13:00,Online,Scheduled
INT1851,DRV0030,STU0390,HR,2026-10-05,11:00,12:00,Online,Scheduled
INT1852,DRV0030,STU0391,HR,2026-10-08,14:00,15:00,Online,Scheduled
INT1853,DRV0030,STU0394,HR,2026-10-08,16:00,17:00,Online,Scheduled
INT1854,DRV0030,STU0395,Technical,2026-10-09,09:00,10:00,Online,Scheduled
INT1855,DRV0030,STU0396,HR,2026-10-04,13:00,14:00,Online,Scheduled
INT1856,DRV0030,STU0408,Technical,2026-10-05,09:00,10:00,Offline,Scheduled
INT1857,DRV0030,STU0411,HR,2026-10-06,16:00,17:00,Offline,Scheduled
INT1858,DRV0030,STU0413,HR,2026-10-05,10:00,11:00,Offline,Scheduled
INT1859,DRV0030,STU0417,HR,2026-10-09,11:00,12:00,Offline,Scheduled
INT1860,DRV0030,STU0436,Technical,2026-10-09,16:00,17:00,Offline,Scheduled
INT1861,DRV0030,STU0443,HR,2026-10-07,09:00,10:00,Online,Scheduled
INT1862,DRV0030,STU0456,HR,2026-10-05,14:00,15:00,Online,Scheduled
INT1863,DRV0030,STU0471,Technical,2026-10-07,16:00,17:00,Online,Scheduled
INT1864,DRV0030,STU0497,HR,2026-10-04,15:00,16:00,Offline,Scheduled
INT1865,DRV0030,STU0506,Technical,2026-10-04,11:00,12:00,Offline,Scheduled
INT1866,DRV0030,STU0507,HR,2026-10-06,16:00,17:00,Online,Scheduled
INT1867,DRV0030,STU0517,Technical,2026-10-06,11:00,12:00,Online,Scheduled
INT1868,DRV0030,STU0522,Technical,2026-10-10,13:00,14:00,Online,Scheduled
INT1869,DRV0030,STU0523,HR,2026-10-07,16:00,17:00,Online,Scheduled
INT1870,DRV0030,STU0528,Technical,2026-10-09,15:00,16:00,Online,Scheduled
INT1871,DRV0030,STU0529,HR,2026-10-09,11:00,12:00,Offline,Scheduled
INT1872,DRV0030,STU0536,HR,2026-10-07,11:00,12:00,Offline,Scheduled
INT1873,DRV0030,STU0537,HR,2026-10-10,15:00,16:00,Online,Scheduled
INT1874,DRV0030,STU0553,Technical,2026-10-09,10:00,11:00,Online,Scheduled
INT1875,DRV0030,STU0555,Technical,2026-10-05,15:00,16:00,Offline,Scheduled
INT1876,DRV0030,STU0556,Technical,2026-10-05,12:00,13:00,Offline,Scheduled
INT1877,DRV0030,STU0563,HR,2026-10-06,10:00,11:00,Offline,Scheduled
INT1878,DRV0030,STU0577,HR,2026-10-06,14:00,15:00,Offline,Scheduled
INT1879,DRV0030,STU0578,HR,2026-10-06,11:00,12:00,Offline,Scheduled
INT1880,DRV0030,STU0580,HR,2026-10-08,11:00,12:00,Offline,Scheduled
INT1881,DRV0030,STU0584,HR,2026-10-09,15:00,16:00,Online,Scheduled
INT1882,DRV0031,STU0011,HR,2026-09-26,12:00,13:00,Online,Scheduled
INT1883,DRV0031,STU0013,HR,2026-09-28,12:00,13:00,Online,Scheduled
INT1884,DRV0031,STU0019,Technical,2026-10-01,15:00,16:00,Online,Scheduled
INT1885,DRV0031,STU0021,HR,2026-09-25,12:00,13:00,Online,Scheduled
INT1886,DRV0031,STU0028,HR,2026-09-25,10:00,11:00,Offline,Scheduled
INT1887,DRV0031,STU0031,HR,2026-09-27,12:00,13:00,Offline,Scheduled
INT1888,DRV0031,STU0038,Technical,2026-10-01,15:00,16:00,Online,Scheduled
INT1889,DRV0031,STU0044,Technical,2026-09-25,09:00,10:00,Offline,Scheduled
INT1890,DRV0031,STU0049,HR,2026-10-03,11:00,12:00,Online,Scheduled
INT1891,DRV0031,STU0061,HR,2026-09-28,12:00,13:00,Online,Scheduled
INT1892,DRV0031,STU0067,Technical,2026-09-26,15:00,16:00,Offline,Scheduled
INT1893,DRV0031,STU0074,Technical,2026-10-01,14:00,15:00,Online,Scheduled
INT1894,DRV0031,STU0076,HR,2026-09-30,15:00,16:00,Online,Scheduled
INT1895,DRV0031,STU0090,HR,2026-09-27,16:00,17:00,Online,Scheduled
INT1896,DRV0031,STU0091,Technical,2026-09-25,15:00,16:00,Online,Scheduled
INT1897,DRV0031,STU0094,HR,2026-09-25,11:00,12:00,Offline,Scheduled
INT1898,DRV0031,STU0096,HR,2026-10-01,14:00,15:00,Online,Scheduled
INT1899,DRV0031,STU0099,HR,2026-09-26,16:00,17:00,Online,Scheduled
INT1900,DRV0031,STU0100,Technical,2026-09-26,12:00,13:00,Online,Scheduled
INT1901,DRV0031,STU0102,Technical,2026-09-29,10:00,11:00,Online,Scheduled
INT1902,DRV0031,STU0103,Technical,2026-09-26,10:00,11:00,Offline,Scheduled
INT1903,DRV0031,STU0131,Technical,2026-10-02,12:00,13:00,Offline,Scheduled
INT1904,DRV0031,STU0136,Technical,2026-10-02,12:00,13:00,Offline,Scheduled
INT1905,DRV0031,STU0137,Technical,2026-09-27,16:00,17:00,Online,Scheduled
INT1906,DRV0031,STU0143,Technical,2026-09-26,09:00,10:00,Offline,Scheduled
INT1907,DRV0031,STU0159,Technical,2026-09-26,16:00,17:00,Offline,Scheduled
INT1908,DRV0031,STU0170,Technical,2026-09-25,09:00,10:00,Online,Scheduled
INT1909,DRV0031,STU0181,HR,2026-09-26,09:00,10:00,Online,Scheduled
INT1910,DRV0031,STU0186,HR,2026-09-30,11:00,12:00,Offline,Scheduled
INT1911,DRV0031,STU0187,HR,2026-09-25,14:00,15:00,Offline,Scheduled
INT1912,DRV0031,STU0195,HR,2026-09-28,15:00,16:00,Online,Scheduled
INT1913,DRV0031,STU0200,HR,2026-10-08,10:00,11:00,Online,Scheduled
INT1914,DRV0031,STU0201,Technical,2026-09-26,12:00,13:00,Online,Scheduled
INT1915,DRV0031,STU0211,HR,2026-09-28,15:00,16:00,Offline,Scheduled
INT1916,DRV0031,STU0213,HR,2026-09-29,15:00,16:00,Online,Scheduled
INT1917,DRV0031,STU0218,HR,2026-09-27,10:00,11:00,Online,Scheduled
INT1918,DRV0031,STU0230,HR,2026-09-28,13:00,14:00,Offline,Scheduled
INT1919,DRV0031,STU0233,HR,2026-09-26,14:00,15:00,Online,Scheduled
INT1920,DRV0031,STU0237,HR,2026-10-01,09:00,10:00,Offline,Scheduled
INT1921,DRV0031,STU0249,Technical,2026-10-01,15:00,16:00,Offline,Scheduled
INT1922,DRV0031,STU0250,Technical,2026-09-28,09:00,10:00,Offline,Scheduled
INT1923,DRV0031,STU0251,Technical,2026-09-27,12:00,13:00,Offline,Scheduled
INT1924,DRV0031,STU0257,Technical,2026-09-26,12:00,13:00,Offline,Scheduled
INT1925,DRV0031,STU0258,HR,2026-10-01,10:00,11:00,Offline,Scheduled
INT1926,DRV0031,STU0262,Technical,2026-09-27,12:00,13:00,Online,Scheduled
INT1927,DRV0031,STU0274,Technical,2026-09-27,15:00,16:00,Online,Scheduled
INT1928,DRV0031,STU0276,HR,2026-09-29,14:00,15:00,Online,Scheduled
INT1929,DRV0031,STU0278,Technical,2026-09-25,13:00,14:00,Offline,Scheduled
INT1930,DRV0031,STU0280,Technical,2026-10-01,15:00,16:00,Online,Scheduled
INT1931,DRV0031,STU0285,HR,2026-09-27,09:00,10:00,Online,Scheduled
INT1932,DRV0031,STU0302,HR,2026-09-27,13:00,14:00,Offline,Scheduled
INT1933,DRV0031,STU0303,HR,2026-09-29,09:00,10:00,Online,Scheduled
INT1934,DRV0031,STU0306,HR,2026-09-30,16:00,17:00,Online,Scheduled
INT1935,DRV0031,STU0313,Technical,2026-09-26,09:00,10:00,Online,Scheduled
INT1936,DRV0031,STU0315,Technical,2026-09-27,09:00,10:00,Online,Scheduled
INT1937,DRV0031,STU0320,Technical,2026-09-30,14:00,15:00,Online,Scheduled
INT1938,DRV0031,STU0323,Technical,2026-10-01,09:00,10:00,Online,Scheduled
INT1939,DRV0031,STU0325,HR,2026-09-27,15:00,16:00,Online,Scheduled
INT1940,DRV0031,STU0328,HR,2026-09-25,11:00,12:00,Online,Scheduled
INT1941,DRV0031,STU0336,Technical,2026-09-28,10:00,11:00,Offline,Scheduled
INT1942,DRV0031,STU0338,HR,2026-09-27,14:00,15:00,Online,Scheduled
INT1943,DRV0031,STU0344,Technical,2026-09-29,16:00,17:00,Offline,Scheduled
INT1944,DRV0031,STU0346,Technical,2026-09-25,09:00,10:00,Online,Scheduled
INT1945,DRV0031,STU0348,Technical,2026-09-28,09:00,10:00,Online,Scheduled
INT1946,DRV0031,STU0350,Technical,2026-09-28,09:00,10:00,Offline,Scheduled
INT1947,DRV0031,STU0356,HR,2026-09-26,14:00,15:00,Offline,Scheduled
INT1948,DRV0031,STU0366,Technical,2026-10-01,10:00,11:00,Online,Scheduled
INT1949,DRV0031,STU0390,HR,2026-09-28,12:00,13:00,Online,Scheduled
INT1950,DRV0031,STU0394,HR,2026-09-28,11:00,12:00,Online,Scheduled
INT1951,DRV0031,STU0399,Technical,2026-09-26,16:00,17:00,Online,Scheduled
INT1952,DRV0031,STU0405,HR,2026-09-25,16:00,17:00,Offline,Scheduled
INT1953,DRV0031,STU0409,HR,2026-09-29,10:00,11:00,Offline,Scheduled
INT1954,DRV0031,STU0411,HR,2026-09-28,15:00,16:00,Online,Scheduled
INT1955,DRV0031,STU0412,Technical,2026-09-30,16:00,17:00,Offline,Scheduled
INT1956,DRV0031,STU0413,HR,2026-09-28,12:00,13:00,Online,Scheduled
INT1957,DRV0031,STU0419,HR,2026-10-03,10:00,11:00,Offline,Scheduled
INT1958,DRV0031,STU0431,Technical,2026-09-25,12:00,13:00,Online,Scheduled
INT1959,DRV0031,STU0449,Technical,2026-09-29,14:00,15:00,Online,Scheduled
INT1960,DRV0031,STU0450,HR,2026-09-27,12:00,13:00,Offline,Scheduled
INT1961,DRV0031,STU0452,HR,2026-09-27,15:00,16:00,Online,Scheduled
INT1962,DRV0031,STU0456,HR,2026-10-05,14:00,15:00,Offline,Scheduled
INT1963,DRV0031,STU0461,HR,2026-09-25,11:00,12:00,Offline,Scheduled
INT1964,DRV0031,STU0464,Technical,2026-09-26,14:00,15:00,Online,Scheduled
INT1965,DRV0031,STU0465,Technical,2026-09-28,11:00,12:00,Offline,Scheduled
INT1966,DRV0031,STU0469,HR,2026-09-25,11:00,12:00,Online,Scheduled
INT1967,DRV0031,STU0472,HR,2026-10-01,09:00,10:00,Offline,Scheduled
INT1968,DRV0031,STU0481,HR,2026-09-28,12:00,13:00,Online,Scheduled
INT1969,DRV0031,STU0495,Technical,2026-09-25,13:00,14:00,Online,Scheduled
INT1970,DRV0031,STU0505,HR,2026-10-01,14:00,15:00,Offline,Scheduled
INT1971,DRV0031,STU0506,HR,2026-09-29,13:00,14:00,Offline,Scheduled
INT1972,DRV0031,STU0507,HR,2026-09-27,10:00,11:00,Offline,Scheduled
INT1973,DRV0031,STU0525,Technical,2026-09-25,13:00,14:00,Online,Scheduled
INT1974,DRV0031,STU0543,HR,2026-09-26,09:00,10:00,Online,Scheduled
INT1975,DRV0031,STU0544,HR,2026-09-25,10:00,11:00,Online,Scheduled
INT1976,DRV0031,STU0553,Technical,2026-09-29,15:00,16:00,Offline,Scheduled
INT1977,DRV0031,STU0560,HR,2026-09-28,11:00,12:00,Offline,Scheduled
INT1978,DRV0031,STU0577,HR,2026-09-30,09:00,10:00,Online,Scheduled
INT1979,DRV0031,STU0578,Technical,2026-09-29,14:00,15:00,Offline,Scheduled
INT1980,DRV0031,STU0582,HR,2026-10-01,14:00,15:00,Online,Scheduled
INT1981,DRV0031,STU0590,HR,2026-09-30,11:00,12:00,Online,Scheduled
INT1982,DRV0031,STU0596,HR,2026-09-26,11:00,12:00,Offline,Scheduled
INT1983,DRV0032,STU0013,Technical,2026-10-10,13:00,14:00,Offline,Scheduled
INT1984,DRV0032,STU0020,Technical,2026-10-08,11:00,12:00,Offline,Scheduled
INT1985,DRV0032,STU0031,Technical,2026-10-07,14:00,15:00,Online,Scheduled
INT1986,DRV0032,STU0033,Technical,2026-10-06,13:00,14:00,Online,Scheduled
INT1987,DRV0032,STU0042,HR,2026-10-05,12:00,13:00,Online,Scheduled
INT1988,DRV0032,STU0052,HR,2026-10-04,16:00,17:00,Online,Scheduled
INT1989,DRV0032,STU0065,Technical,2026-10-07,15:00,16:00,Offline,Scheduled
INT1990,DRV0032,STU0131,HR,2026-10-05,15:00,16:00,Online,Scheduled
INT1991,DRV0032,STU0136,Technical,2026-10-05,13:00,14:00,Offline,Scheduled
INT1992,DRV0032,STU0147,Technical,2026-10-06,13:00,14:00,Offline,Scheduled
INT1993,DRV0032,STU0165,Technical,2026-10-09,16:00,17:00,Offline,Scheduled
INT1994,DRV0032,STU0177,HR,2026-10-08,16:00,17:00,Offline,Scheduled
INT1995,DRV0032,STU0182,HR,2026-10-07,16:00,17:00,Offline,Scheduled
INT1996,DRV0032,STU0187,HR,2026-10-08,09:00,10:00,Online,Scheduled
INT1997,DRV0032,STU0200,HR,2026-10-06,12:00,13:00,Online,Scheduled
INT1998,DRV0032,STU0206,Technical,2026-10-08,13:00,14:00,Offline,Scheduled
INT1999,DRV0032,STU0226,HR,2026-10-08,10:00,11:00,Offline,Scheduled
INT2000,DRV0032,STU0230,HR,2026-10-06,10:00,11:00,Online,Scheduled
INT2001,DRV0032,STU0257,Technical,2026-10-09,14:00,15:00,Online,Scheduled
INT2002,DRV0032,STU0258,Technical,2026-10-09,09:00,10:00,Online,Scheduled
INT2003,DRV0032,STU0261,Technical,2026-10-07,11:00,12:00,Online,Scheduled
INT2004,DRV0032,STU0274,HR,2026-10-06,09:00,10:00,Online,Scheduled
INT2005,DRV0032,STU0276,Technical,2026-10-04,11:00,12:00,Online,Scheduled
INT2006,DRV0032,STU0283,Technical,2026-10-10,14:00,15:00,Offline,Scheduled
INT2007,DRV0032,STU0286,HR,2026-10-04,13:00,14:00,Offline,Scheduled
INT2008,DRV0032,STU0327,Technical,2026-10-10,16:00,17:00,Offline,Scheduled
INT2009,DRV0032,STU0334,Technical,2026-10-04,11:00,12:00,Online,Scheduled
INT2010,DRV0032,STU0337,HR,2026-10-09,12:00,13:00,Offline,Scheduled
INT2011,DRV0032,STU0338,HR,2026-10-09,10:00,11:00,Offline,Scheduled
INT2012,DRV0032,STU0344,Technical,2026-10-07,15:00,16:00,Offline,Scheduled
INT2013,DRV0032,STU0349,Technical,2026-10-07,11:00,12:00,Offline,Scheduled
INT2014,DRV0032,STU0357,Technical,2026-10-08,15:00,16:00,Offline,Scheduled
INT2015,DRV0032,STU0364,Technical,2026-10-09,16:00,17:00,Offline,Scheduled
INT2016,DRV0032,STU0394,HR,2026-10-10,11:00,12:00,Online,Scheduled
INT2017,DRV0032,STU0409,HR,2026-10-08,11:00,12:00,Offline,Scheduled
INT2018,DRV0032,STU0418,HR,2026-10-05,13:00,14:00,Offline,Scheduled
INT2019,DRV0032,STU0450,HR,2026-10-10,11:00,12:00,Offline,Scheduled
INT2020,DRV0032,STU0481,HR,2026-10-10,16:00,17:00,Offline,Scheduled
INT2021,DRV0032,STU0495,Technical,2026-10-05,13:00,14:00,Offline,Scheduled
INT2022,DRV0032,STU0508,HR,2026-10-08,14:00,15:00,Online,Scheduled
INT2023,DRV0032,STU0521,Technical,2026-10-10,11:00,12:00,Online,Scheduled
INT2024,DRV0032,STU0549,HR,2026-10-07,16:00,17:00,Online,Scheduled
INT2025,DRV0032,STU0596,Technical,2026-10-05,10:00,11:00,Offline,Scheduled
INT2026,DRV0032,STU0600,HR,2026-10-04,09:00,10:00,Online,Scheduled
INT2027,DRV0033,STU0010,HR,2026-10-12,11:00,12:00,Offline,Scheduled
INT2028,DRV0033,STU0019,Technical,2026-10-08,16:00,17:00,Offline,Scheduled
INT2029,DRV0033,STU0031,Technical,2026-10-10,15:00,16:00,Online,Scheduled
INT2030,DRV0033,STU0039,HR,2026-10-10,16:00,17:00,Online,Scheduled
INT2031,DRV0033,STU0076,Technical,2026-10-08,15:00,16:00,Online,Scheduled
INT2032,DRV0033,STU0094,Technical,2026-10-12,10:00,11:00,Online,Scheduled
INT2033,DRV0033,STU0181,HR,2026-10-10,10:00,11:00,Online,Scheduled
INT2034,DRV0033,STU0224,Technical,2026-10-12,16:00,17:00,Online,Scheduled
INT2035,DRV0033,STU0226,HR,2026-10-10,14:00,15:00,Online,Scheduled
INT2036,DRV0033,STU0278,Technical,2026-10-12,15:00,16:00,Online,Scheduled
INT2037,DRV0033,STU0280,Technical,2026-10-07,15:00,16:00,Online,Scheduled
INT2038,DRV0033,STU0310,Technical,2026-10-07,14:00,15:00,Online,Scheduled
INT2039,DRV0033,STU0337,HR,2026-10-13,13:00,14:00,Offline,Scheduled
INT2040,DRV0033,STU0374,HR,2026-10-13,11:00,12:00,Online,Scheduled
INT2041,DRV0033,STU0381,HR,2026-10-08,13:00,14:00,Online,Scheduled
INT2042,DRV0033,STU0394,HR,2026-10-07,16:00,17:00,Online,Scheduled
INT2043,DRV0033,STU0431,Technical,2026-10-08,11:00,12:00,Offline,Scheduled
INT2044,DRV0033,STU0452,Technical,2026-10-08,14:00,15:00,Online,Scheduled
INT2045,DRV0033,STU0465,HR,2026-10-13,09:00,10:00,Online,Scheduled
INT2046,DRV0033,STU0508,HR,2026-10-10,13:00,14:00,Online,Scheduled
INT2047,DRV0033,STU0521,Technical,2026-10-11,13:00,14:00,Offline,Scheduled
INT2048,DRV0033,STU0525,HR,2026-10-12,14:00,15:00,Offline,Scheduled
INT2049,DRV0033,STU0528,Technical,2026-10-10,10:00,11:00,Online,Scheduled
INT2050,DRV0033,STU0540,HR,2026-10-13,12:00,13:00,Online,Scheduled
INT2051,DRV0033,STU0596,HR,2026-10-07,15:00,16:00,Online,Scheduled
INT2052,DRV0033,STU0600,Technical,2026-10-10,11:00,12:00,Offline,Scheduled
INT2053,DRV0034,STU0012,HR,2026-08-26,14:00,15:00,Online,Scheduled
INT2054,DRV0034,STU0018,Technical,2026-08-22,12:00,13:00,Online,Scheduled
INT2055,DRV0034,STU0021,Technical,2026-08-23,15:00,16:00,Online,Scheduled
INT2056,DRV0034,STU0026,Technical,2026-09-06,16:00,17:00,Online,Scheduled
INT2057,DRV0034,STU0027,HR,2026-09-23,12:00,13:00,Offline,Scheduled
INT2058,DRV0034,STU0032,Technical,2026-10-11,14:00,15:00,Offline,Scheduled
INT2059,DRV0034,STU0042,Technical,2026-08-22,10:00,11:00,Offline,Scheduled
INT2060,DRV0034,STU0049,Technical,2026-08-27,14:00,15:00,Offline,Scheduled
INT2061,DRV0034,STU0050,Technical,2026-08-24,13:00,14:00,Offline,Scheduled
INT2062,DRV0034,STU0058,Technical,2026-08-26,10:00,11:00,Offline,Scheduled
INT2063,DRV0034,STU0066,HR,2026-09-29,11:00,12:00,Online,Scheduled
INT2064,DRV0034,STU0073,HR,2026-10-02,11:00,12:00,Online,Scheduled
INT2065,DRV0034,STU0077,Technical,2026-08-27,11:00,12:00,Online,Scheduled
INT2066,DRV0034,STU0083,Technical,2026-08-27,16:00,17:00,Online,Scheduled
INT2067,DRV0034,STU0087,HR,2026-09-18,16:00,17:00,Offline,Scheduled
INT2068,DRV0034,STU0091,HR,2026-08-22,09:00,10:00,Offline,Scheduled
INT2069,DRV0034,STU0096,HR,2026-10-01,14:00,15:00,Offline,Scheduled
INT2070,DRV0034,STU0098,Technical,2026-09-20,09:00,10:00,Offline,Scheduled
INT2071,DRV0034,STU0100,Technical,2026-08-27,13:00,14:00,Offline,Scheduled
INT2072,DRV0034,STU0109,Technical,2026-08-28,13:00,14:00,Online,Scheduled
INT2073,DRV0034,STU0112,HR,2026-08-28,15:00,16:00,Online,Scheduled
INT2074,DRV0034,STU0133,HR,2026-08-27,13:00,14:00,Offline,Scheduled
INT2075,DRV0034,STU0137,Technical,2026-09-27,16:00,17:00,Offline,Scheduled
INT2076,DRV0034,STU0142,Technical,2026-08-23,11:00,12:00,Offline,Scheduled
INT2077,DRV0034,STU0148,HR,2026-08-23,13:00,14:00,Offline,Scheduled
INT2078,DRV0034,STU0151,HR,2026-10-02,11:00,12:00,Offline,Scheduled
INT2079,DRV0034,STU0164,HR,2026-09-23,16:00,17:00,Offline,Scheduled
INT2080,DRV0034,STU0171,Technical,2026-08-22,16:00,17:00,Offline,Scheduled
INT2081,DRV0034,STU0173,Technical,2026-08-27,14:00,15:00,Offline,Scheduled
INT2082,DRV0034,STU0175,HR,2026-08-22,13:00,14:00,Online,Scheduled
INT2083,DRV0034,STU0176,HR,2026-08-24,13:00,14:00,Offline,Scheduled
INT2084,DRV0034,STU0177,Technical,2026-08-27,11:00,12:00,Online,Scheduled
INT2085,DRV0034,STU0179,Technical,2026-08-27,09:00,10:00,Offline,Scheduled
INT2086,DRV0034,STU0182,Technical,2026-08-22,12:00,13:00,Offline,Scheduled
INT2087,DRV0034,STU0187,Technical,2026-08-28,14:00,15:00,Online,Scheduled
INT2088,DRV0034,STU0188,Technical,2026-08-22,16:00,17:00,Online,Scheduled
INT2089,DRV0034,STU0189,HR,2026-08-24,14:00,15:00,Online,Scheduled
INT2090,DRV0034,STU0192,Technical,2026-09-19,15:00,16:00,Offline,Scheduled
INT2091,DRV0034,STU0195,HR,2026-08-24,14:00,15:00,Offline,Scheduled
INT2092,DRV0034,STU0197,Technical,2026-10-05,10:00,11:00,Offline,Scheduled
INT2093,DRV0034,STU0205,Technical,2026-08-23,09:00,10:00,Online,Scheduled
INT2094,DRV0034,STU0218,Technical,2026-08-28,14:00,15:00,Offline,Scheduled
INT2095,DRV0034,STU0227,HR,2026-08-27,11:00,12:00,Online,Scheduled
INT2096,DRV0034,STU0239,Technical,2026-10-04,12:00,13:00,Online,Scheduled
INT2097,DRV0034,STU0244,HR,2026-08-22,11:00,12:00,Offline,Scheduled
INT2098,DRV0034,STU0249,Technical,2026-08-26,13:00,14:00,Offline,Scheduled
INT2099,DRV0034,STU0257,Technical,2026-08-28,14:00,15:00,Offline,Scheduled
INT2100,DRV0034,STU0261,HR,2026-08-22,12:00,13:00,Offline,Scheduled
INT2101,DRV0034,STU0263,HR,2026-10-05,10:00,11:00,Offline,Scheduled
INT2102,DRV0034,STU0264,Technical,2026-08-25,15:00,16:00,Online,Scheduled
INT2103,DRV0034,STU0283,HR,2026-08-25,11:00,12:00,Offline,Scheduled
INT2104,DRV0034,STU0292,HR,2026-08-22,10:00,11:00,Offline,Scheduled
INT2105,DRV0034,STU0294,Technical,2026-09-20,15:00,16:00,Online,Scheduled
INT2106,DRV0034,STU0304,HR,2026-09-26,13:00,14:00,Offline,Scheduled
INT2107,DRV0034,STU0313,HR,2026-08-23,09:00,10:00,Online,Scheduled
INT2108,DRV0034,STU0321,HR,2026-08-22,11:00,12:00,Offline,Scheduled
INT2109,DRV0034,STU0322,HR,2026-10-13,11:00,12:00,Online,Scheduled
INT2110,DRV0034,STU0328,Technical,2026-08-28,14:00,15:00,Online,Scheduled
INT2111,DRV0034,STU0331,HR,2026-08-24,16:00,17:00,Offline,Scheduled
INT2112,DRV0034,STU0332,HR,2026-08-25,13:00,14:00,Online,Scheduled
INT2113,DRV0034,STU0333,Technical,2026-09-28,13:00,14:00,Online,Scheduled
INT2114,DRV0034,STU0336,HR,2026-08-24,16:00,17:00,Offline,Scheduled
INT2115,DRV0034,STU0337,Technical,2026-08-26,13:00,14:00,Online,Scheduled
INT2116,DRV0034,STU0338,HR,2026-08-24,09:00,10:00,Offline,Scheduled
INT2117,DRV0034,STU0341,Technical,2026-08-24,11:00,12:00,Online,Scheduled
INT2118,DRV0034,STU0367,HR,2026-08-27,12:00,13:00,Offline,Scheduled
INT2119,DRV0034,STU0370,Technical,2026-08-26,14:00,15:00,Offline,Scheduled
INT2120,DRV0034,STU0372,HR,2026-10-02,15:00,16:00,Offline,Scheduled
INT2121,DRV0034,STU0373,HR,2026-08-23,13:00,14:00,Online,Scheduled
INT2122,DRV0034,STU0379,Technical,2026-09-29,15:00,16:00,Online,Scheduled
INT2123,DRV0034,STU0381,Technical,2026-08-22,12:00,13:00,Offline,Scheduled
INT2124,DRV0034,STU0386,HR,2026-09-16,09:00,10:00,Offline,Scheduled
INT2125,DRV0034,STU0388,HR,2026-08-28,16:00,17:00,Online,Scheduled
INT2126,DRV0034,STU0392,HR,2026-08-28,10:00,11:00,Offline,Scheduled
INT2127,DRV0034,STU0394,HR,2026-08-22,11:00,12:00,Online,Scheduled
INT2128,DRV0034,STU0397,HR,2026-08-23,10:00,11:00,Online,Scheduled
INT2129,DRV0034,STU0399,Technical,2026-09-26,16:00,17:00,Offline,Scheduled
INT2130,DRV0034,STU0401,Technical,2026-10-04,16:00,17:00,Online,Scheduled
INT2131,DRV0034,STU0408,HR,2026-08-23,11:00,12:00,Online,Scheduled
INT2132,DRV0034,STU0413,Technical,2026-08-24,16:00,17:00,Offline,Scheduled
INT2133,DRV0034,STU0424,Technical,2026-08-24,11:00,12:00,Online,Scheduled
INT2134,DRV0034,STU0441,Technical,2026-08-22,15:00,16:00,Offline,Scheduled
INT2135,DRV0034,STU0443,Technical,2026-08-23,11:00,12:00,Offline,Scheduled
INT2136,DRV0034,STU0446,Technical,2026-09-26,14:00,15:00,Offline,Scheduled
INT2137,DRV0034,STU0449,HR,2026-09-29,14:00,15:00,Online,Scheduled
INT2138,DRV0034,STU0456,HR,2026-08-25,15:00,16:00,Offline,Scheduled
INT2139,DRV0034,STU0458,HR,2026-08-23,10:00,11:00,Offline,Scheduled
INT2140,DRV0034,STU0463,Technical,2026-08-27,15:00,16:00,Online,Scheduled
INT2141,DRV0034,STU0464,HR,2026-08-24,10:00,11:00,Offline,Scheduled
INT2142,DRV0034,STU0465,HR,2026-08-28,16:00,17:00,Offline,Scheduled
INT2143,DRV0034,STU0469,HR,2026-08-22,13:00,14:00,Online,Scheduled
INT2144,DRV0034,STU0474,HR,2026-08-28,14:00,15:00,Offline,Scheduled
INT2145,DRV0034,STU0478,HR,2026-10-01,09:00,10:00,Offline,Scheduled
INT2146,DRV0034,STU0487,HR,2026-09-30,14:00,15:00,Online,Scheduled
INT2147,DRV0034,STU0490,HR,2026-09-06,14:00,15:00,Offline,Scheduled
INT2148,DRV0034,STU0498,Technical,2026-08-26,11:00,12:00,Online,Scheduled
INT2149,DRV0034,STU0505,Technical,2026-09-23,14:00,15:00,Online,Scheduled
INT2150,DRV0034,STU0512,HR,2026-08-27,14:00,15:00,Online,Scheduled
INT2151,DRV0034,STU0516,HR,2026-10-04,13:00,14:00,Online,Scheduled
INT2152,DRV0034,STU0522,HR,2026-09-20,12:00,13:00,Online,Scheduled
INT2153,DRV0034,STU0529,Technical,2026-08-23,12:00,13:00,Online,Scheduled
INT2154,DRV0034,STU0537,HR,2026-10-10,15:00,16:00,Online,Scheduled
INT2155,DRV0034,STU0538,Technical,2026-08-24,09:00,10:00,Online,Scheduled
INT2156,DRV0034,STU0541,HR,2026-08-27,10:00,11:00,Offline,Scheduled
INT2157,DRV0034,STU0543,Technical,2026-08-27,13:00,14:00,Online,Scheduled
INT2158,DRV0034,STU0545,Technical,2026-10-03,15:00,16:00,Online,Scheduled
INT2159,DRV0034,STU0549,Technical,2026-08-26,11:00,12:00,Offline,Scheduled
INT2160,DRV0034,STU0552,HR,2026-09-04,12:00,13:00,Offline,Scheduled
INT2161,DRV0034,STU0553,HR,2026-08-22,13:00,14:00,Offline,Scheduled
INT2162,DRV0034,STU0555,HR,2026-08-24,16:00,17:00,Offline,Scheduled
INT2163,DRV0034,STU0563,HR,2026-08-28,12:00,13:00,Offline,Scheduled
INT2164,DRV0034,STU0565,HR,2026-09-03,14:00,15:00,Online,Scheduled
INT2165,DRV0034,STU0567,HR,2026-08-24,10:00,11:00,Online,Scheduled
INT2166,DRV0034,STU0572,Technical,2026-09-06,16:00,17:00,Offline,Scheduled
INT2167,DRV0034,STU0578,HR,2026-08-26,10:00,11:00,Offline,Scheduled
INT2168,DRV0034,STU0580,Technical,2026-10-04,12:00,13:00,Online,Scheduled
INT2169,DRV0034,STU0582,Technical,2026-08-25,12:00,13:00,Online,Scheduled
INT2170,DRV0034,STU0590,Technical,2026-08-27,13:00,14:00,Online,Scheduled
INT2171,DRV0034,STU0596,Technical,2026-08-24,14:00,15:00,Online,Scheduled
INT2172,DRV0034,STU0598,Technical,2026-08-26,15:00,16:00,Offline,Scheduled
INT2173,DRV0034,STU0600,HR,2026-08-28,16:00,17:00,Offline,Scheduled
INT2174,DRV0035,STU0013,Technical,2026-08-20,16:00,17:00,Online,Scheduled
INT2175,DRV0035,STU0016,Technical,2026-10-09,13:00,14:00,Online,Scheduled
INT2176,DRV0035,STU0020,Technical,2026-08-22,10:00,11:00,Online,Scheduled
INT2177,DRV0035,STU0025,HR,2026-08-19,15:00,16:00,Offline,Scheduled
INT2178,DRV0035,STU0028,Technical,2026-08-23,16:00,17:00,Offline,Scheduled
INT2179,DRV0035,STU0032,HR,2026-08-19,10:00,11:00,Offline,Scheduled
INT2180,DRV0035,STU0037,HR,2026-08-22,13:00,14:00,Offline,Scheduled
INT2181,DRV0035,STU0039,HR,2026-10-15,15:00,16:00,Online,Scheduled
INT2182,DRV0035,STU0052,HR,2026-08-21,10:00,11:00,Offline,Scheduled
INT2183,DRV0035,STU0056,Technical,2026-08-20,09:00,10:00,Offline,Scheduled
INT2184,DRV0035,STU0060,Technical,2026-08-20,11:00,12:00,Offline,Scheduled
INT2185,DRV0035,STU0061,Technical,2026-08-17,13:00,14:00,Online,Scheduled
INT2186,DRV0035,STU0062,HR,2026-10-10,16:00,17:00,Online,Scheduled
INT2187,DRV0035,STU0083,Technical,2026-08-20,11:00,12:00,Offline,Scheduled
INT2188,DRV0035,STU0092,Technical,2026-08-18,14:00,15:00,Online,Scheduled
INT2189,DRV0035,STU0101,HR,2026-08-23,15:00,16:00,Offline,Scheduled
INT2190,DRV0035,STU0102,Technical,2026-08-20,13:00,14:00,Online,Scheduled
INT2191,DRV0035,STU0119,HR,2026-08-17,12:00,13:00,Online,Scheduled
INT2192,DRV0035,STU0122,HR,2026-09-14,11:00,12:00,Offline,Scheduled
INT2193,DRV0035,STU0131,HR,2026-08-23,13:00,14:00,Online,Scheduled
INT2194,DRV0035,STU0136,Technical,2026-08-23,12:00,13:00,Online,Scheduled
INT2195,DRV0035,STU0171,HR,2026-08-18,11:00,12:00,Online,Scheduled
INT2196,DRV0035,STU0174,HR,2026-09-11,09:00,10:00,Offline,Scheduled
INT2197,DRV0035,STU0181,Technical,2026-08-19,13:00,14:00,Online,Scheduled
INT2198,DRV0035,STU0182,HR,2026-08-20,15:00,16:00,Offline,Scheduled
INT2199,DRV0035,STU0187,Technical,2026-08-21,14:00,15:00,Online,Scheduled
INT2200,DRV0035,STU0214,HR,2026-10-09,16:00,17:00,Offline,Scheduled
INT2201,DRV0035,STU0225,HR,2026-08-18,13:00,14:00,Offline,Scheduled
INT2202,DRV0035,STU0230,HR,2026-08-23,14:00,15:00,Offline,Scheduled
INT2203,DRV0035,STU0233,HR,2026-08-18,12:00,13:00,Offline,Scheduled
INT2204,DRV0035,STU0235,Technical,2026-08-23,14:00,15:00,Offline,Scheduled
INT2205,DRV0035,STU0251,HR,2026-08-23,15:00,16:00,Offline,Scheduled
INT2206,DRV0035,STU0257,Technical,2026-09-14,16:00,17:00,Offline,Scheduled
INT2207,DRV0035,STU0258,HR,2026-08-19,16:00,17:00,Online,Scheduled
INT2208,DRV0035,STU0262,Technical,2026-08-19,09:00,10:00,Offline,Scheduled
INT2209,DRV0035,STU0267,HR,2026-08-21,15:00,16:00,Online,Scheduled
INT2210,DRV0035,STU0276,Technical,2026-08-17,11:00,12:00,Online,Scheduled
INT2211,DRV0035,STU0278,Technical,2026-08-23,10:00,11:00,Offline,Scheduled
INT2212,DRV0035,STU0283,Technical,2026-08-17,14:00,15:00,Offline,Scheduled
INT2213,DRV0035,STU0286,HR,2026-08-21,09:00,10:00,Offline,Scheduled
INT2214,DRV0035,STU0306,Technical,2026-10-05,16:00,17:00,Offline,Scheduled
INT2215,DRV0035,STU0309,Technical,2026-08-22,09:00,10:00,Online,Scheduled
INT2216,DRV0035,STU0321,Technical,2026-08-22,13:00,14:00,Online,Scheduled
INT2217,DRV0035,STU0328,HR,2026-08-19,12:00,13:00,Online,Scheduled
INT2218,DRV0035,STU0335,HR,2026-08-23,09:00,10:00,Offline,Scheduled
INT2219,DRV0035,STU0337,HR,2026-08-17,14:00,15:00,Online,Scheduled
INT2220,DRV0035,STU0339,Technical,2026-08-20,10:00,11:00,Online,Scheduled
INT2221,DRV0035,STU0347,HR,2026-08-17,11:00,12:00,Online,Scheduled
INT2222,DRV0035,STU0351,Technical,2026-08-19,16:00,17:00,Online,Scheduled
INT2223,DRV0035,STU0352,Technical,2026-08-22,12:00,13:00,Offline,Scheduled
INT2224,DRV0035,STU0357,Technical,2026-08-22,13:00,14:00,Offline,Scheduled
INT2225,DRV0035,STU0364,Technical,2026-08-19,15:00,16:00,Online,Scheduled
INT2226,DRV0035,STU0383,HR,2026-09-12,11:00,12:00,Offline,Scheduled
INT2227,DRV0035,STU0392,HR,2026-08-19,10:00,11:00,Offline,Scheduled
INT2228,DRV0035,STU0394,Technical,2026-08-19,16:00,17:00,Online,Scheduled
INT2229,DRV0035,STU0396,HR,2026-08-18,12:00,13:00,Offline,Scheduled
INT2230,DRV0035,STU0405,Technical,2026-08-22,13:00,14:00,Offline,Scheduled
INT2231,DRV0035,STU0409,Technical,2026-08-21,13:00,14:00,Online,Scheduled
INT2232,DRV0035,STU0410,Technical,2026-08-20,13:00,14:00,Online,Scheduled
INT2233,DRV0035,STU0417,HR,2026-10-09,11:00,12:00,Online,Scheduled
INT2234,DRV0035,STU0422,HR,2026-08-19,14:00,15:00,Online,Scheduled
INT2235,DRV0035,STU0423,Technical,2026-08-17,14:00,15:00,Online,Scheduled
INT2236,DRV0035,STU0425,Technical,2026-08-21,16:00,17:00,Online,Scheduled
INT2237,DRV0035,STU0443,Technical,2026-08-20,11:00,12:00,Offline,Scheduled
INT2238,DRV0035,STU0458,HR,2026-08-19,09:00,10:00,Offline,Scheduled
INT2239,DRV0035,STU0463,HR,2026-08-19,14:00,15:00,Offline,Scheduled
INT2240,DRV0035,STU0469,HR,2026-10-11,13:00,14:00,Offline,Scheduled
INT2241,DRV0035,STU0485,Technical,2026-08-17,11:00,12:00,Offline,Scheduled
INT2242,DRV0035,STU0527,Technical,2026-08-22,10:00,11:00,Offline,Scheduled
INT2243,DRV0035,STU0539,Technical,2026-08-17,13:00,14:00,Offline,Scheduled
INT2244,DRV0035,STU0540,Technical,2026-08-18,16:00,17:00,Online,Scheduled
INT2245,DRV0035,STU0546,HR,2026-08-18,13:00,14:00,Online,Scheduled
INT2246,DRV0035,STU0555,HR,2026-08-23,12:00,13:00,Online,Scheduled
INT2247,DRV0035,STU0562,Technical,2026-08-23,14:00,15:00,Offline,Scheduled
INT2248,DRV0035,STU0563,HR,2026-08-17,16:00,17:00,Online,Scheduled
INT2249,DRV0035,STU0571,Technical,2026-08-23,16:00,17:00,Online,Scheduled
INT2250,DRV0035,STU0583,HR,2026-08-19,11:00,12:00,Offline,Scheduled
INT2251,DRV0035,STU0594,Technical,2026-08-20,15:00,16:00,Offline,Scheduled
INT2252,DRV0035,STU0596,Technical,2026-08-22,09:00,10:00,Online,Scheduled
INT2253,DRV0036,STU0001,HR,2026-09-28,09:00,10:00,Online,Scheduled
INT2254,DRV0036,STU0019,Technical,2026-09-27,16:00,17:00,Online,Scheduled
INT2255,DRV0036,STU0020,HR,2026-09-29,10:00,11:00,Offline,Scheduled
INT2256,DRV0036,STU0021,HR,2026-09-29,11:00,12:00,Offline,Scheduled
INT2257,DRV0036,STU0033,Technical,2026-10-02,16:00,17:00,Offline,Scheduled
INT2258,DRV0036,STU0059,Technical,2026-09-27,15:00,16:00,Offline,Scheduled
INT2259,DRV0036,STU0075,HR,2026-10-02,16:00,17:00,Online,Scheduled
INT2260,DRV0036,STU0083,HR,2026-09-27,15:00,16:00,Online,Scheduled
INT2261,DRV0036,STU0092,HR,2026-10-01,15:00,16:00,Online,Scheduled
INT2262,DRV0036,STU0094,HR,2026-09-28,10:00,11:00,Offline,Scheduled
INT2263,DRV0036,STU0102,Technical,2026-10-02,14:00,15:00,Online,Scheduled
INT2264,DRV0036,STU0122,Technical,2026-09-29,10:00,11:00,Online,Scheduled
INT2265,DRV0036,STU0123,Technical,2026-09-26,09:00,10:00,Offline,Scheduled
INT2266,DRV0036,STU0131,Technical,2026-10-02,12:00,13:00,Online,Scheduled
INT2267,DRV0036,STU0174,HR,2026-09-26,14:00,15:00,Offline,Scheduled
INT2268,DRV0036,STU0177,HR,2026-09-28,09:00,10:00,Online,Scheduled
INT2269,DRV0036,STU0178,HR,2026-09-29,09:00,10:00,Offline,Scheduled
INT2270,DRV0036,STU0186,HR,2026-09-26,10:00,11:00,Online,Scheduled
INT2271,DRV0036,STU0189,Technical,2026-09-29,12:00,13:00,Online,Scheduled
INT2272,DRV0036,STU0192,HR,2026-09-27,11:00,12:00,Offline,Scheduled
INT2273,DRV0036,STU0205,HR,2026-09-29,12:00,13:00,Online,Scheduled
INT2274,DRV0036,STU0228,Technical,2026-09-28,11:00,12:00,Online,Scheduled
INT2275,DRV0036,STU0234,HR,2026-09-26,14:00,15:00,Offline,Scheduled
INT2276,DRV0036,STU0248,HR,2026-09-26,11:00,12:00,Online,Scheduled
INT2277,DRV0036,STU0276,HR,2026-09-26,12:00,13:00,Offline,Scheduled
INT2278,DRV0036,STU0278,Technical,2026-09-30,12:00,13:00,Offline,Scheduled
INT2279,DRV0036,STU0280,HR,2026-09-27,15:00,16:00,Online,Scheduled
INT2280,DRV0036,STU0283,HR,2026-10-01,09:00,10:00,Online,Scheduled
INT2281,DRV0036,STU0285,HR,2026-09-28,09:00,10:00,Online,Scheduled
INT2282,DRV0036,STU0286,HR,2026-09-29,11:00,12:00,Offline,Scheduled
INT2283,DRV0036,STU0295,Technical,2026-09-30,14:00,15:00,Online,Scheduled
INT2284,DRV0036,STU0296,Technical,2026-10-01,14:00,15:00,Online,Scheduled
INT2285,DRV0036,STU0303,HR,2026-10-01,16:00,17:00,Offline,Scheduled
INT2286,DRV0036,STU0307,HR,2026-09-29,09:00,10:00,Offline,Scheduled
INT2287,DRV0036,STU0321,Technical,2026-10-02,16:00,17:00,Offline,Scheduled
INT2288,DRV0036,STU0332,HR,2026-09-30,11:00,12:00,Offline,Scheduled
INT2289,DRV0036,STU0350,HR,2026-10-01,10:00,11:00,Offline,Scheduled
INT2290,DRV0036,STU0357,HR,2026-09-27,10:00,11:00,Offline,Scheduled
INT2291,DRV0036,STU0369,Technical,2026-09-29,09:00,10:00,Online,Scheduled
INT2292,DRV0036,STU0372,HR,2026-09-30,15:00,16:00,Online,Scheduled
INT2293,DRV0036,STU0386,Technical,2026-10-01,16:00,17:00,Offline,Scheduled
INT2294,DRV0036,STU0391,Technical,2026-09-30,10:00,11:00,Offline,Scheduled
INT2295,DRV0036,STU0394,Technical,2026-09-26,13:00,14:00,Online,Scheduled
INT2296,DRV0036,STU0413,HR,2026-09-28,12:00,13:00,Offline,Scheduled
INT2297,DRV0036,STU0415,HR,2026-10-02,12:00,13:00,Offline,Scheduled
INT2298,DRV0036,STU0431,HR,2026-09-29,16:00,17:00,Offline,Scheduled
INT2299,DRV0036,STU0470,HR,2026-10-02,11:00,12:00,Offline,Scheduled
INT2300,DRV0036,STU0494,HR,2026-10-02,14:00,15:00,Online,Scheduled
INT2301,DRV0036,STU0499,HR,2026-09-26,15:00,16:00,Offline,Scheduled
INT2302,DRV0036,STU0508,Technical,2026-10-01,09:00,10:00,Online,Scheduled
INT2303,DRV0036,STU0534,HR,2026-09-30,13:00,14:00,Online,Scheduled
INT2304,DRV0036,STU0542,HR,2026-09-29,11:00,12:00,Online,Scheduled
INT2305,DRV0036,STU0564,Technical,2026-09-30,15:00,16:00,Online,Scheduled
INT2306,DRV0036,STU0572,Technical,2026-10-01,12:00,13:00,Offline,Scheduled
INT2307,DRV0037,STU0003,Technical,2026-08-21,10:00,11:00,Online,Scheduled
INT2308,DRV0037,STU0010,HR,2026-08-22,12:00,13:00,Online,Scheduled
INT2309,DRV0037,STU0031,Technical,2026-08-19,14:00,15:00,Online,Scheduled
INT2310,DRV0037,STU0033,Technical,2026-08-19,09:00,10:00,Offline,Scheduled
INT2311,DRV0037,STU0067,Technical,2026-08-22,13:00,14:00,Online,Scheduled
INT2312,DRV0037,STU0074,HR,2026-10-01,14:00,15:00,Offline,Scheduled
INT2313,DRV0037,STU0092,HR,2026-08-19,14:00,15:00,Offline,Scheduled
INT2314,DRV0037,STU0099,Technical,2026-08-19,10:00,11:00,Offline,Scheduled
INT2315,DRV0037,STU0101,Technical,2026-08-25,10:00,11:00,Offline,Scheduled
INT2316,DRV0037,STU0120,Technical,2026-10-09,16:00,17:00,Offline,Scheduled
INT2317,DRV0037,STU0131,Technical,2026-08-19,14:00,15:00,Offline,Scheduled
INT2318,DRV0037,STU0152,HR,2026-08-25,11:00,12:00,Offline,Scheduled
INT2319,DRV0037,STU0162,HR,2026-08-24,14:00,15:00,Offline,Scheduled
INT2320,DRV0037,STU0166,Technical,2026-08-25,11:00,12:00,Offline,Scheduled
INT2321,DRV0037,STU0171,HR,2026-08-21,14:00,15:00,Offline,Scheduled
INT2322,DRV0037,STU0187,HR,2026-08-24,09:00,10:00,Offline,Scheduled
INT2323,DRV0037,STU0189,Technical,2026-08-20,11:00,12:00,Offline,Scheduled
INT2324,DRV0037,STU0205,Technical,2026-08-20,09:00,10:00,Offline,Scheduled
INT2325,DRV0037,STU0223,HR,2026-08-23,14:00,15:00,Offline,Scheduled
INT2326,DRV0037,STU0224,Technical,2026-08-20,14:00,15:00,Offline,Scheduled
INT2327,DRV0037,STU0229,Technical,2026-08-22,16:00,17:00,Offline,Scheduled
INT2328,DRV0037,STU0233,Technical,2026-08-22,09:00,10:00,Offline,Scheduled
INT2329,DRV0037,STU0257,Technical,2026-08-20,12:00,13:00,Offline,Scheduled
INT2330,DRV0037,STU0261,Technical,2026-08-24,10:00,11:00,Offline,Scheduled
INT2331,DRV0037,STU0262,Technical,2026-08-23,09:00,10:00,Online,Scheduled
INT2332,DRV0037,STU0264,Technical,2026-09-16,15:00,16:00,Offline,Scheduled
INT2333,DRV0037,STU0276,Technical,2026-08-21,10:00,11:00,Offline,Scheduled
INT2334,DRV0037,STU0280,HR,2026-08-20,12:00,13:00,Online,Scheduled
INT2335,DRV0037,STU0286,Technical,2026-08-24,12:00,13:00,Offline,Scheduled
INT2336,DRV0037,STU0292,HR,2026-10-08,16:00,17:00,Online,Scheduled
INT2337,DRV0037,STU0299,Technical,2026-08-24,11:00,12:00,Offline,Scheduled
INT2338,DRV0037,STU0303,HR,2026-09-29,09:00,10:00,Offline,Scheduled
INT2339,DRV0037,STU0310,HR,2026-08-25,09:00,10:00,Online,Scheduled
INT2340,DRV0037,STU0323,Technical,2026-08-19,16:00,17:00,Offline,Scheduled
INT2341,DRV0037,STU0327,HR,2026-08-23,12:00,13:00,Offline,Scheduled
INT2342,DRV0037,STU0334,Technical,2026-08-25,15:00,16:00,Offline,Scheduled
INT2343,DRV0037,STU0337,Technical,2026-08-25,16:00,17:00,Offline,Scheduled
INT2344,DRV0037,STU0339,HR,2026-08-28,10:00,11:00,Offline,Scheduled
INT2345,DRV0037,STU0344,HR,2026-08-24,13:00,14:00,Online,Scheduled
INT2346,DRV0037,STU0347,HR,2026-08-22,14:00,15:00,Online,Scheduled
INT2347,DRV0037,STU0362,HR,2026-10-07,14:00,15:00,Online,Scheduled
INT2348,DRV0037,STU0364,HR,2026-08-25,15:00,16:00,Online,Scheduled
INT2349,DRV0037,STU0383,Technical,2026-08-24,11:00,12:00,Online,Scheduled
INT2350,DRV0037,STU0392,HR,2026-08-23,13:00,14:00,Offline,Scheduled
INT2351,DRV0037,STU0394,Technical,2026-08-21,12:00,13:00,Offline,Scheduled
INT2352,DRV0037,STU0396,Technical,2026-08-25,15:00,16:00,Online,Scheduled
INT2353,DRV0037,STU0397,HR,2026-09-21,11:00,12:00,Offline,Scheduled
INT2354,DRV0037,STU0409,HR,2026-08-21,16:00,17:00,Offline,Scheduled
INT2355,DRV0037,STU0410,HR,2026-09-24,13:00,14:00,Offline,Scheduled
INT2356,DRV0037,STU0411,HR,2026-10-09,11:00,12:00,Online,Scheduled
INT2357,DRV0037,STU0415,Technical,2026-10-02,12:00,13:00,Offline,Scheduled
INT2358,DRV0037,STU0423,Technical,2026-08-20,09:00,10:00,Offline,Scheduled
INT2359,DRV0037,STU0432,HR,2026-08-21,09:00,10:00,Offline,Scheduled
INT2360,DRV0037,STU0465,Technical,2026-08-23,12:00,13:00,Offline,Scheduled
INT2361,DRV0037,STU0477,HR,2026-08-25,16:00,17:00,Offline,Scheduled
INT2362,DRV0037,STU0495,HR,2026-09-12,12:00,13:00,Online,Scheduled
INT2363,DRV0037,STU0506,Technical,2026-08-23,15:00,16:00,Online,Scheduled
INT2364,DRV0037,STU0508,HR,2026-10-10,13:00,14:00,Offline,Scheduled
INT2365,DRV0037,STU0517,HR,2026-08-20,10:00,11:00,Offline,Scheduled
INT2366,DRV0037,STU0527,Technical,2026-08-22,10:00,11:00,Offline,Scheduled
INT2367,DRV0037,STU0534,HR,2026-08-23,13:00,14:00,Online,Scheduled
INT2368,DRV0037,STU0547,HR,2026-08-25,10:00,11:00,Offline,Scheduled
INT2369,DRV0037,STU0555,HR,2026-08-20,11:00,12:00,Offline,Scheduled
INT2370,DRV0037,STU0556,Technical,2026-08-21,14:00,15:00,Offline,Scheduled
INT2371,DRV0037,STU0563,Technical,2026-08-28,12:00,13:00,Online,Scheduled
INT2372,DRV0037,STU0564,HR,2026-08-22,15:00,16:00,Online,Scheduled
INT2373,DRV0037,STU0582,Technical,2026-08-23,14:00,15:00,Offline,Scheduled
INT2374,DRV0038,STU0001,HR,2026-10-13,16:00,17:00,Offline,Scheduled
INT2375,DRV0038,STU0019,Technical,2026-10-14,10:00,11:00,Online,Scheduled
INT2376,DRV0038,STU0025,HR,2026-10-15,10:00,11:00,Online,Scheduled
INT2377,DRV0038,STU0050,HR,2026-10-11,16:00,17:00,Online,Scheduled
INT2378,DRV0038,STU0061,HR,2026-10-09,11:00,12:00,Offline,Scheduled
INT2379,DRV0038,STU0065,Technical,2026-10-14,15:00,16:00,Offline,Scheduled
INT2380,DRV0038,STU0067,Technical,2026-10-11,15:00,16:00,Online,Scheduled
INT2381,DRV0038,STU0088,HR,2026-10-12,11:00,12:00,Online,Scheduled
INT2382,DRV0038,STU0092,HR,2026-10-14,15:00,16:00,Online,Scheduled
INT2383,DRV0038,STU0147,Technical,2026-10-11,11:00,12:00,Online,Scheduled
INT2384,DRV0038,STU0156,Technical,2026-10-14,10:00,11:00,Online,Scheduled
INT2385,DRV0038,STU0174,HR,2026-10-09,14:00,15:00,Online,Scheduled
INT2386,DRV0038,STU0177,Technical,2026-10-10,13:00,14:00,Offline,Scheduled
INT2387,DRV0038,STU0200,Technical,2026-10-10,14:00,15:00,Online,Scheduled
INT2388,DRV0038,STU0257,HR,2026-10-12,09:00,10:00,Online,Scheduled
INT2389,DRV0038,STU0258,HR,2026-10-15,09:00,10:00,Online,Scheduled
INT2390,DRV0038,STU0264,Technical,2026-10-12,10:00,11:00,Online,Scheduled
INT2391,DRV0038,STU0274,Technical,2026-10-10,15:00,16:00,Online,Scheduled
INT2392,DRV0038,STU0280,HR,2026-10-12,14:00,15:00,Offline,Scheduled
INT2393,DRV0038,STU0283,HR,2026-10-09,14:00,15:00,Offline,Scheduled
INT2394,DRV0038,STU0296,Technical,2026-10-12,09:00,10:00,Offline,Scheduled
INT2395,DRV0038,STU0322,HR,2026-10-13,11:00,12:00,Offline,Scheduled
INT2396,DRV0038,STU0332,Technical,2026-10-15,13:00,14:00,Online,Scheduled
INT2397,DRV0038,STU0337,HR,2026-10-10,11:00,12:00,Online,Scheduled
INT2398,DRV0038,STU0349,Technical,2026-10-14,14:00,15:00,Online,Scheduled
INT2399,DRV0038,STU0374,Technical,2026-10-09,11:00,12:00,Online,Scheduled
INT2400,DRV0038,STU0381,Technical,2026-10-15,09:00,10:00,Online,Scheduled
INT2401,DRV0038,STU0394,Technical,2026-10-11,15:00,16:00,Offline,Scheduled
INT2402,DRV0038,STU0396,Technical,2026-10-13,11:00,12:00,Offline,Scheduled
INT2403,DRV0038,STU0431,HR,2026-10-10,09:00,10:00,Online,Scheduled
INT2404,DRV0038,STU0432,HR,2026-10-14,14:00,15:00,Offline,Scheduled
INT2405,DRV0038,STU0463,Technical,2026-10-09,14:00,15:00,Offline,Scheduled
INT2406,DRV0038,STU0470,HR,2026-10-13,13:00,14:00,Online,Scheduled
INT2407,DRV0038,STU0494,Technical,2026-10-15,11:00,12:00,Online,Scheduled
INT2408,DRV0038,STU0495,HR,2026-10-10,10:00,11:00,Online,Scheduled
INT2409,DRV0038,STU0506,HR,2026-10-12,16:00,17:00,Offline,Scheduled
INT2410,DRV0038,STU0508,HR,2026-10-13,09:00,10:00,Offline,Scheduled
INT2411,DRV0038,STU0528,HR,2026-10-11,11:00,12:00,Offline,Scheduled
INT2412,DRV0038,STU0549,HR,2026-10-09,16:00,17:00,Online,Scheduled
INT2413,DRV0038,STU0557,Technical,2026-10-12,13:00,14:00,Online,Scheduled
INT2414,DRV0038,STU0564,HR,2026-10-14,10:00,11:00,Offline,Scheduled
INT2415,DRV0038,STU0600,Technical,2026-10-10,13:00,14:00,Offline,Scheduled
INT2416,DRV0039,STU0001,Technical,2026-09-09,13:00,14:00,Offline,Scheduled
INT2417,DRV0039,STU0003,Technical,2026-09-11,11:00,12:00,Offline,Scheduled
INT2418,DRV0039,STU0010,Technical,2026-09-12,12:00,13:00,Online,Scheduled
INT2419,DRV0039,STU0019,Technical,2026-09-06,12:00,13:00,Offline,Scheduled
INT2420,DRV0039,STU0020,HR,2026-09-10,16:00,17:00,Offline,Scheduled
INT2421,DRV0039,STU0031,HR,2026-09-12,15:00,16:00,Online,Scheduled
INT2422,DRV0039,STU0039,Technical,2026-09-08,16:00,17:00,Offline,Scheduled
INT2423,DRV0039,STU0166,HR,2026-09-10,14:00,15:00,Online,Scheduled
INT2424,DRV0039,STU0177,HR,2026-09-12,16:00,17:00,Online,Scheduled
INT2425,DRV0039,STU0178,Technical,2026-09-08,13:00,14:00,Offline,Scheduled
INT2426,DRV0039,STU0182,Technical,2026-10-09,11:00,12:00,Online,Scheduled
INT2427,DRV0039,STU0205,Technical,2026-09-11,13:00,14:00,Offline,Scheduled
INT2428,DRV0039,STU0226,Technical,2026-09-09,10:00,11:00,Offline,Scheduled
INT2429,DRV0039,STU0303,Technical,2026-09-07,12:00,13:00,Online,Scheduled
INT2430,DRV0039,STU0306,Technical,2026-09-08,11:00,12:00,Offline,Scheduled
INT2431,DRV0039,STU0307,HR,2026-09-11,11:00,12:00,Online,Scheduled
INT2432,DRV0039,STU0321,Technical,2026-09-07,12:00,13:00,Offline,Scheduled
INT2433,DRV0039,STU0344,HR,2026-09-09,13:00,14:00,Offline,Scheduled
INT2434,DRV0039,STU0381,Technical,2026-09-07,13:00,14:00,Online,Scheduled
INT2435,DRV0039,STU0386,Technical,2026-09-10,13:00,14:00,Online,Scheduled
INT2436,DRV0039,STU0394,Technical,2026-10-10,11:00,12:00,Offline,Scheduled
INT2437,DRV0039,STU0458,HR,2026-09-12,11:00,12:00,Offline,Scheduled
INT2438,DRV0039,STU0463,Technical,2026-09-09,14:00,15:00,Online,Scheduled
INT2439,DRV0039,STU0508,Technical,2026-09-09,10:00,11:00,Online,Scheduled
INT2440,DRV0039,STU0525,HR,2026-09-11,13:00,14:00,Online,Scheduled
INT2441,DRV0039,STU0534,Technical,2026-09-10,13:00,14:00,Offline,Scheduled
INT2442,DRV0039,STU0557,Technical,2026-09-09,13:00,14:00,Offline,Scheduled
INT2443,DRV0039,STU0563,HR,2026-09-12,14:00,15:00,Online,Scheduled
INT2444,DRV0039,STU0582,HR,2026-09-08,10:00,11:00,Offline,Scheduled
INT2445,DRV0039,STU0590,HR,2026-09-11,16:00,17:00,Online,Scheduled
INT2446,DRV0040,STU0001,Technical,2026-09-04,14:00,15:00,Offline,Scheduled
INT2447,DRV0040,STU0021,HR,2026-09-09,10:00,11:00,Offline,Scheduled
INT2448,DRV0040,STU0042,HR,2026-09-06,15:00,16:00,Offline,Scheduled
INT2449,DRV0040,STU0053,Technical,2026-09-04,16:00,17:00,Offline,Scheduled
INT2450,DRV0040,STU0057,Technical,2026-09-07,13:00,14:00,Offline,Scheduled
INT2451,DRV0040,STU0074,HR,2026-09-10,15:00,16:00,Online,Scheduled
INT2452,DRV0040,STU0083,Technical,2026-09-08,10:00,11:00,Online,Scheduled
INT2453,DRV0040,STU0101,HR,2026-09-08,15:00,16:00,Online,Scheduled
INT2454,DRV0040,STU0103,HR,2026-09-10,16:00,17:00,Online,Scheduled
INT2455,DRV0040,STU0173,Technical,2026-09-10,15:00,16:00,Online,Scheduled
INT2456,DRV0040,STU0177,Technical,2026-09-04,14:00,15:00,Offline,Scheduled
INT2457,DRV0040,STU0188,HR,2026-09-10,13:00,14:00,Offline,Scheduled
INT2458,DRV0040,STU0202,HR,2026-09-09,14:00,15:00,Online,Scheduled
INT2459,DRV0040,STU0213,Technical,2026-09-09,13:00,14:00,Online,Scheduled
INT2460,DRV0040,STU0226,HR,2026-09-10,14:00,15:00,Offline,Scheduled
INT2461,DRV0040,STU0252,HR,2026-09-16,09:00,10:00,Offline,Scheduled
INT2462,DRV0040,STU0261,HR,2026-09-09,12:00,13:00,Offline,Scheduled
INT2463,DRV0040,STU0264,HR,2026-09-09,10:00,11:00,Offline,Scheduled
INT2464,DRV0040,STU0278,HR,2026-09-09,11:00,12:00,Online,Scheduled
INT2465,DRV0040,STU0280,HR,2026-09-09,16:00,17:00,Offline,Scheduled
INT2466,DRV0040,STU0321,HR,2026-09-04,12:00,13:00,Offline,Scheduled
INT2467,DRV0040,STU0335,Technical,2026-09-07,10:00,11:00,Online,Scheduled
INT2468,DRV0040,STU0352,HR,2026-09-08,15:00,16:00,Online,Scheduled
INT2469,DRV0040,STU0360,HR,2026-09-18,13:00,14:00,Online,Scheduled
INT2470,DRV0040,STU0373,Technical,2026-09-08,10:00,11:00,Offline,Scheduled
INT2471,DRV0040,STU0381,Technical,2026-09-04,12:00,13:00,Offline,Scheduled
INT2472,DRV0040,STU0389,Technical,2026-09-05,12:00,13:00,Online,Scheduled
INT2473,DRV0040,STU0391,Technical,2026-09-15,10:00,11:00,Online,Scheduled
INT2474,DRV0040,STU0397,HR,2026-09-04,16:00,17:00,Offline,Scheduled
INT2475,DRV0040,STU0409,HR,2026-09-08,12:00,13:00,Online,Scheduled
INT2476,DRV0040,STU0413,HR,2026-09-09,15:00,16:00,Offline,Scheduled
INT2477,DRV0040,STU0417,Technical,2026-09-06,14:00,15:00,Offline,Scheduled
INT2478,DRV0040,STU0424,HR,2026-09-04,11:00,12:00,Online,Scheduled
INT2479,DRV0040,STU0488,HR,2026-09-04,16:00,17:00,Online,Scheduled
INT2480,DRV0040,STU0499,Technical,2026-09-09,14:00,15:00,Offline,Scheduled
INT2481,DRV0040,STU0508,HR,2026-09-10,09:00,10:00,Offline,Scheduled
INT2482,DRV0040,STU0521,Technical,2026-10-11,13:00,14:00,Online,Scheduled
INT2483,DRV0040,STU0526,HR,2026-09-08,09:00,10:00,Offline,Scheduled
INT2484,DRV0040,STU0534,Technical,2026-09-09,14:00,15:00,Offline,Scheduled
INT2485,DRV0040,STU0539,HR,2026-09-09,09:00,10:00,Offline,Scheduled
INT2486,DRV0040,STU0542,Technical,2026-09-05,15:00,16:00,Offline,Scheduled
INT2487,DRV0040,STU0549,HR,2026-09-07,09:00,10:00,Online,Scheduled
INT2488,DRV0040,STU0552,Technical,2026-09-04,12:00,13:00,Offline,Scheduled
INT2489,DRV0040,STU0591,Technical,2026-09-10,14:00,15:00,Online,Scheduled
INT2490,DRV0040,STU0599,Technical,2026-09-18,13:00,14:00,Online,Scheduled
