Registration_ID,Student_ID,Drive_ID,Registration_Date,Registration_Status
REG0001,STU0003,DRV0001,2026-09-12,Registered
REG0002,STU0010,DRV0001,2026-09-11,Registered
REG0003,STU0021,DRV0001,2026-09-13,Registered
REG0004,STU0028,DRV0001,2026-09-10,Registered
REG0005,STU0031,DRV0001,2026-09-14,Registered
REG0006,STU0053,DRV0001,2026-09-13,Registered
REG0007,STU0074,DRV0001,2026-09-11,Registered
REG0008,STU0092,DRV0001,2026-09-11,Registered
REG0009,STU0094,DRV0001,2026-09-12,Registered
REG0010,STU0099,DRV0001,2026-09-13,Registered
REG0011,STU0102,DRV0001,2026-09-12,Registered
REG0012,STU0132,DRV0001,2026-09-14,Registered
REG0013,STU0145,DRV0001,2026-09-15,Registered
REG0014,STU0177,DRV0001,2026-09-11,Registered
REG0015,STU0188,DRV0001,2026-09-13,Registered
REG0016,STU0192,DRV0001,2026-09-12,Registered
REG0017,STU0200,DRV0001,2026-09-15,Registered
REG0018,STU0205,DRV0001,2026-09-15,Registered
REG0019,STU0226,DRV0001,2026-09-15,Registered
REG0020,STU0227,DRV0001,2026-09-13,Registered
REG0021,STU0230,DRV0001,2026-09-15,Registered
REG0022,STU0233,DRV0001,2026-09-12,Registered
REG0023,STU0252,DRV0001,2026-09-10,Registered
REG0024,STU0264,DRV0001,2026-09-10,Registered
REG0025,STU0273,DRV0001,2026-09-14,Registered
REG0026,STU0278,DRV0001,2026-09-15,Registered
REG0027,STU0295,DRV0001,2026-09-11,Registered
REG0028,STU0296,DRV0001,2026-09-14,Registered
REG0029,STU0306,DRV0001,2026-09-14,Registered
REG0030,STU0307,DRV0001,2026-09-11,Registered
REG0031,STU0320,DRV0001,2026-09-13,Registered
REG0032,STU0321,DRV0001,2026-09-10,Registered
REG0033,STU0323,DRV0001,2026-09-11,Registered
REG0034,STU0327,DRV0001,2026-09-10,Registered
REG0035,STU0331,DRV0001,2026-09-14,Registered
REG0036,STU0350,DRV0001,2026-09-15,Registered
REG0037,STU0352,DRV0001,2026-09-14,Registered
REG0038,STU0358,DRV0001,2026-09-12,Registered
REG0039,STU0360,DRV0001,2026-09-13,Registered
REG0040,STU0366,DRV0001,2026-09-15,Registered
REG0041,STU0372,DRV0001,2026-09-14,Registered
REG0042,STU0384,DRV0001,2026-09-15,Registered
REG0043,STU0386,DRV0001,2026-09-15,Registered
REG0044,STU0394,DRV0001,2026-09-12,Registered
REG0045,STU0410,DRV0001,2026-09-12,Registered
REG0046,STU0413,DRV0001,2026-09-12,Registered
REG0047,STU0421,DRV0001,2026-09-10,Registered
REG0048,STU0424,DRV0001,2026-09-14,Registered
REG0049,STU0457,DRV0001,2026-09-13,Registered
REG0050,STU0470,DRV0001,2026-09-15,Registered
REG0051,STU0494,DRV0001,2026-09-14,Registered
REG0052,STU0495,DRV0001,2026-09-11,Registered
REG0053,STU0508,DRV0001,2026-09-15,Registered
REG0054,STU0525,DRV0001,2026-09-14,Registered
REG0055,STU0529,DRV0001,2026-09-10,Registered
REG0056,STU0534,DRV0001,2026-09-14,Registered
REG0057,STU0545,DRV0001,2026-09-15,Registered
REG0058,STU0552,DRV0001,2026-09-10,Registered
REG0059,STU0557,DRV0001,2026-09-11,Registered
REG0060,STU0563,DRV0001,2026-09-13,Registered
REG0061,STU0572,DRV0001,2026-09-11,Registered
REG0062,STU0583,DRV0001,2026-09-13,Registered
REG0063,STU0001,DRV0002,2026-08-10,Registered
REG0064,STU0005,DRV0002,2026-08-15,Registered
REG0065,STU0013,DRV0002,2026-08-15,Registered
REG0066,STU0019,DRV0002,2026-08-12,Registered
REG0067,STU0020,DRV0002,2026-08-16,Registered
REG0068,STU0021,DRV0002,2026-08-11,Registered
REG0069,STU0025,DRV0002,2026-08-12,Registered
REG0070,STU0028,DRV0002,2026-08-17,Registered
REG0071,STU0031,DRV0002,2026-08-19,Registered
REG0072,STU0039,DRV0002,2026-08-16,Registered
REG0073,STU0044,DRV0002,2026-08-09,Registered
REG0074,STU0052,DRV0002,2026-08-16,Registered
REG0075,STU0056,DRV0002,2026-08-17,Registered
REG0076,STU0061,DRV0002,2026-08-12,Registered
REG0077,STU0076,DRV0002,2026-08-18,Registered
REG0078,STU0092,DRV0002,2026-08-17,Registered
REG0079,STU0094,DRV0002,2026-08-11,Registered
REG0080,STU0096,DRV0002,2026-08-10,Registered
REG0081,STU0099,DRV0002,2026-08-10,Registered
REG0082,STU0103,DRV0002,2026-08-10,Registered
REG0083,STU0104,DRV0002,2026-08-18,Registered
REG0084,STU0112,DRV0002,2026-08-13,Registered
REG0085,STU0114,DRV0002,2026-08-14,Registered
REG0086,STU0119,DRV0002,2026-08-15,Registered
REG0087,STU0120,DRV0002,2026-08-19,Registered
REG0088,STU0121,DRV0002,2026-08-14,Registered
REG0089,STU0131,DRV0002,2026-08-18,Registered
REG0090,STU0135,DRV0002,2026-08-12,Registered
REG0091,STU0143,DRV0002,2026-08-14,Registered
REG0092,STU0149,DRV0002,2026-08-11,Registered
REG0093,STU0152,DRV0002,2026-08-17,Registered
REG0094,STU0165,DRV0002,2026-08-17,Registered
REG0095,STU0166,DRV0002,2026-08-19,Registered
REG0096,STU0167,DRV0002,2026-08-11,Registered
REG0097,STU0171,DRV0002,2026-08-10,Registered
REG0098,STU0174,DRV0002,2026-08-13,Registered
REG0099,STU0181,DRV0002,2026-08-19,Registered
REG0100,STU0186,DRV0002,2026-08-09,Registered
REG0101,STU0187,DRV0002,2026-08-15,Registered
REG0102,STU0189,DRV0002,2026-08-14,Registered
REG0103,STU0195,DRV0002,2026-08-16,Registered
REG0104,STU0199,DRV0002,2026-08-09,Registered
REG0105,STU0200,DRV0002,2026-08-11,Registered
REG0106,STU0206,DRV0002,2026-08-11,Registered
REG0107,STU0210,DRV0002,2026-08-14,Registered
REG0108,STU0220,DRV0002,2026-08-12,Registered
REG0109,STU0224,DRV0002,2026-08-17,Registered
REG0110,STU0226,DRV0002,2026-08-18,Registered
REG0111,STU0230,DRV0002,2026-08-11,Registered
REG0112,STU0237,DRV0002,2026-08-14,Registered
REG0113,STU0241,DRV0002,2026-08-19,Registered
REG0114,STU0248,DRV0002,2026-08-10,Registered
REG0115,STU0249,DRV0002,2026-08-09,Registered
REG0116,STU0251,DRV0002,2026-08-16,Registered
REG0117,STU0252,DRV0002,2026-08-12,Registered
REG0118,STU0257,DRV0002,2026-08-19,Registered
REG0119,STU0258,DRV0002,2026-08-14,Registered
REG0120,STU0261,DRV0002,2026-08-10,Registered
REG0121,STU0264,DRV0002,2026-08-19,Registered
REG0122,STU0276,DRV0002,2026-08-09,Registered
REG0123,STU0278,DRV0002,2026-08-13,Registered
REG0124,STU0280,DRV0002,2026-08-13,Registered
REG0125,STU0281,DRV0002,2026-08-18,Registered
REG0126,STU0282,DRV0002,2026-08-14,Registered
REG0127,STU0283,DRV0002,2026-08-17,Registered
REG0128,STU0285,DRV0002,2026-08-18,Registered
REG0129,STU0286,DRV0002,2026-08-09,Registered
REG0130,STU0292,DRV0002,2026-08-17,Registered
REG0131,STU0298,DRV0002,2026-08-15,Registered
REG0132,STU0299,DRV0002,2026-08-19,Registered
REG0133,STU0307,DRV0002,2026-08-13,Registered
REG0134,STU0313,DRV0002,2026-08-13,Registered
REG0135,STU0320,DRV0002,2026-08-19,Registered
REG0136,STU0325,DRV0002,2026-08-17,Registered
REG0137,STU0328,DRV0002,2026-08-12,Registered
REG0138,STU0331,DRV0002,2026-08-18,Registered
REG0139,STU0334,DRV0002,2026-08-16,Registered
REG0140,STU0335,DRV0002,2026-08-12,Registered
REG0141,STU0347,DRV0002,2026-08-19,Registered
REG0142,STU0349,DRV0002,2026-08-12,Registered
REG0143,STU0351,DRV0002,2026-08-12,Registered
REG0144,STU0352,DRV0002,2026-08-09,Registered
REG0145,STU0354,DRV0002,2026-08-16,Registered
REG0146,STU0366,DRV0002,2026-08-15,Registered
REG0147,STU0368,DRV0002,2026-08-19,Registered
REG0148,STU0377,DRV0002,2026-08-17,Registered
REG0149,STU0386,DRV0002,2026-08-11,Registered
REG0150,STU0413,DRV0002,2026-08-12,Registered
REG0151,STU0417,DRV0002,2026-08-17,Registered
REG0152,STU0421,DRV0002,2026-08-16,Registered
REG0153,STU0422,DRV0002,2026-08-13,Registered
REG0154,STU0423,DRV0002,2026-08-14,Registered
REG0155,STU0424,DRV0002,2026-08-17,Registered
REG0156,STU0425,DRV0002,2026-08-11,Registered
REG0157,STU0431,DRV0002,2026-08-11,Registered
REG0158,STU0436,DRV0002,2026-08-15,Registered
REG0159,STU0438,DRV0002,2026-08-16,Registered
REG0160,STU0443,DRV0002,2026-08-12,Registered
REG0161,STU0450,DRV0002,2026-08-18,Registered
REG0162,STU0458,DRV0002,2026-08-18,Registered
REG0163,STU0461,DRV0002,2026-08-09,Registered
REG0164,STU0463,DRV0002,2026-08-15,Registered
REG0165,STU0469,DRV0002,2026-08-17,Registered
REG0166,STU0477,DRV0002,2026-08-16,Registered
REG0167,STU0480,DRV0002,2026-08-14,Registered
REG0168,STU0503,DRV0002,2026-08-15,Registered
REG0169,STU0506,DRV0002,2026-08-16,Registered
REG0170,STU0508,DRV0002,2026-08-13,Registered
REG0171,STU0512,DRV0002,2026-08-12,Registered
REG0172,STU0521,DRV0002,2026-08-15,Registered
REG0173,STU0525,DRV0002,2026-08-15,Registered
REG0174,STU0526,DRV0002,2026-08-10,Registered
REG0175,STU0529,DRV0002,2026-08-14,Registered
REG0176,STU0534,DRV0002,2026-08-10,Registered
REG0177,STU0543,DRV0002,2026-08-09,Registered
REG0178,STU0545,DRV0002,2026-08-16,Registered
REG0179,STU0549,DRV0002,2026-08-13,Registered
REG0180,STU0551,DRV0002,2026-08-18,Registered
REG0181,STU0557,DRV0002,2026-08-13,Registered
REG0182,STU0562,DRV0002,2026-08-09,Registered
REG0183,STU0568,DRV0002,2026-08-12,Registered
REG0184,STU0571,DRV0002,2026-08-19,Registered
REG0185,STU0572,DRV0002,2026-08-13,Registered
REG0186,STU0579,DRV0002,2026-08-18,Registered
REG0187,STU0582,DRV0002,2026-08-15,Registered
REG0188,STU0590,DRV0002,2026-08-19,Registered
REG0189,STU0591,DRV0002,2026-08-15,Registered
REG0190,STU0596,DRV0002,2026-08-14,Registered
REG0191,STU0001,DRV0003,2026-08-14,Registered
REG0192,STU0008,DRV0003,2026-08-14,Registered
REG0193,STU0019,DRV0003,2026-08-09,Registered
REG0194,STU0021,DRV0003,2026-08-13,Registered
REG0195,STU0025,DRV0003,2026-08-13,Registered
REG0196,STU0032,DRV0003,2026-08-13,Registered
REG0197,STU0037,DRV0003,2026-08-09,Registered
REG0198,STU0038,DRV0003,2026-08-10,Registered
REG0199,STU0039,DRV0003,2026-08-15,Registered
REG0200,STU0042,DRV0003,2026-08-06,Registered
REG0201,STU0050,DRV0003,2026-08-09,Registered
REG0202,STU0067,DRV0003,2026-08-09,Registered
REG0203,STU0074,DRV0003,2026-08-09,Registered
REG0204,STU0076,DRV0003,2026-08-15,Registered
REG0205,STU0083,DRV0003,2026-08-14,Registered
REG0206,STU0092,DRV0003,2026-08-14,Registered
REG0207,STU0094,DRV0003,2026-08-13,Registered
REG0208,STU0099,DRV0003,2026-08-10,Registered
REG0209,STU0100,DRV0003,2026-08-09,Registered
REG0210,STU0101,DRV0003,2026-08-14,Registered
REG0211,STU0112,DRV0003,2026-08-13,Registered
REG0212,STU0114,DRV0003,2026-08-15,Registered
REG0213,STU0122,DRV0003,2026-08-07,Registered
REG0214,STU0131,DRV0003,2026-08-11,Registered
REG0215,STU0133,DRV0003,2026-08-06,Registered
REG0216,STU0136,DRV0003,2026-08-06,Registered
REG0217,STU0156,DRV0003,2026-08-13,Registered
REG0218,STU0162,DRV0003,2026-08-06,Registered
REG0219,STU0167,DRV0003,2026-08-08,Registered
REG0220,STU0174,DRV0003,2026-08-13,Registered
REG0221,STU0177,DRV0003,2026-08-07,Registered
REG0222,STU0178,DRV0003,2026-08-07,Registered
REG0223,STU0186,DRV0003,2026-08-15,Registered
REG0224,STU0189,DRV0003,2026-08-09,Registered
REG0225,STU0191,DRV0003,2026-08-12,Registered
REG0226,STU0200,DRV0003,2026-08-14,Registered
REG0227,STU0202,DRV0003,2026-08-13,Registered
REG0228,STU0205,DRV0003,2026-08-15,Registered
REG0229,STU0210,DRV0003,2026-08-15,Registered
REG0230,STU0213,DRV0003,2026-08-07,Registered
REG0231,STU0218,DRV0003,2026-08-09,Registered
REG0232,STU0223,DRV0003,2026-08-07,Registered
REG0233,STU0224,DRV0003,2026-08-08,Registered
REG0234,STU0226,DRV0003,2026-08-12,Registered
REG0235,STU0230,DRV0003,2026-08-09,Registered
REG0236,STU0233,DRV0003,2026-08-10,Registered
REG0237,STU0264,DRV0003,2026-08-14,Registered
REG0238,STU0267,DRV0003,2026-08-08,Registered
REG0239,STU0278,DRV0003,2026-08-08,Registered
REG0240,STU0286,DRV0003,2026-08-13,Registered
REG0241,STU0303,DRV0003,2026-08-06,Registered
REG0242,STU0310,DRV0003,2026-08-09,Registered
REG0243,STU0324,DRV0003,2026-08-06,Registered
REG0244,STU0327,DRV0003,2026-08-14,Registered
REG0245,STU0332,DRV0003,2026-08-15,Registered
REG0246,STU0334,DRV0003,2026-08-13,Registered
REG0247,STU0338,DRV0003,2026-08-11,Registered
REG0248,STU0347,DRV0003,2026-08-13,Registered
REG0249,STU0348,DRV0003,2026-08-12,Registered
REG0250,STU0354,DRV0003,2026-08-11,Registered
REG0251,STU0356,DRV0003,2026-08-12,Registered
REG0252,STU0362,DRV0003,2026-08-14,Registered
REG0253,STU0366,DRV0003,2026-08-14,Registered
REG0254,STU0368,DRV0003,2026-08-13,Registered
REG0255,STU0374,DRV0003,2026-08-14,Registered
REG0256,STU0381,DRV0003,2026-08-10,Registered
REG0257,STU0383,DRV0003,2026-08-13,Registered
REG0258,STU0386,DRV0003,2026-08-15,Registered
REG0259,STU0391,DRV0003,2026-08-06,Registered
REG0260,STU0394,DRV0003,2026-08-07,Registered
REG0261,STU0396,DRV0003,2026-08-08,Registered
REG0262,STU0405,DRV0003,2026-08-13,Registered
REG0263,STU0410,DRV0003,2026-08-14,Registered
REG0264,STU0411,DRV0003,2026-08-09,Registered
REG0265,STU0422,DRV0003,2026-08-12,Registered
REG0266,STU0423,DRV0003,2026-08-14,Registered
REG0267,STU0425,DRV0003,2026-08-06,Registered
REG0268,STU0431,DRV0003,2026-08-10,Registered
REG0269,STU0449,DRV0003,2026-08-13,Registered
REG0270,STU0450,DRV0003,2026-08-14,Registered
REG0271,STU0458,DRV0003,2026-08-11,Registered
REG0272,STU0463,DRV0003,2026-08-12,Registered
REG0273,STU0465,DRV0003,2026-08-12,Registered
REG0274,STU0469,DRV0003,2026-08-13,Registered
REG0275,STU0475,DRV0003,2026-08-08,Registered
REG0276,STU0481,DRV0003,2026-08-14,Registered
REG0277,STU0493,DRV0003,2026-08-07,Registered
REG0278,STU0495,DRV0003,2026-08-14,Registered
REG0279,STU0500,DRV0003,2026-08-08,Registered
REG0280,STU0506,DRV0003,2026-08-08,Registered
REG0281,STU0508,DRV0003,2026-08-10,Registered
REG0282,STU0512,DRV0003,2026-08-12,Registered
REG0283,STU0527,DRV0003,2026-08-11,Registered
REG0284,STU0540,DRV0003,2026-08-10,Registered
REG0285,STU0549,DRV0003,2026-08-07,Registered
REG0286,STU0556,DRV0003,2026-08-08,Registered
REG0287,STU0563,DRV0003,2026-08-06,Registered
REG0288,STU0564,DRV0003,2026-08-11,Registered
REG0289,STU0568,DRV0003,2026-08-09,Registered
REG0290,STU0583,DRV0003,2026-08-07,Registered
REG0291,STU0591,DRV0003,2026-08-09,Registered
REG0292,STU0599,DRV0003,2026-08-10,Registered
REG0293,STU0010,DRV0004,2026-08-23,Registered
REG0294,STU0011,DRV0004,2026-08-22,Registered
REG0295,STU0020,DRV0004,2026-08-21,Registered
REG0296,STU0028,DRV0004,2026-08-21,Registered
REG0297,STU0032,DRV0004,2026-08-21,Registered
REG0298,STU0041,DRV0004,2026-08-21,Registered
REG0299,STU0042,DRV0004,2026-08-24,Registered
REG0300,STU0060,DRV0004,2026-08-20,Registered
REG0301,STU0061,DRV0004,2026-08-18,Registered
REG0302,STU0087,DRV0004,2026-08-22,Registered
REG0303,STU0088,DRV0004,2026-08-20,Registered
REG0304,STU0092,DRV0004,2026-08-19,Registered
REG0305,STU0094,DRV0004,2026-08-21,Registered
REG0306,STU0098,DRV0004,2026-08-17,Registered
REG0307,STU0101,DRV0004,2026-08-23,Registered
REG0308,STU0107,DRV0004,2026-08-22,Registered
REG0309,STU0112,DRV0004,2026-08-20,Registered
REG0310,STU0122,DRV0004,2026-08-18,Registered
REG0311,STU0147,DRV0004,2026-08-21,Registered
REG0312,STU0148,DRV0004,2026-08-23,Registered
REG0313,STU0155,DRV0004,2026-08-20,Registered
REG0314,STU0170,DRV0004,2026-08-18,Registered
REG0315,STU0177,DRV0004,2026-08-24,Registered
REG0316,STU0178,DRV0004,2026-08-16,Registered
REG0317,STU0189,DRV0004,2026-08-15,Registered
REG0318,STU0199,DRV0004,2026-08-22,Registered
REG0319,STU0200,DRV0004,2026-08-18,Registered
REG0320,STU0202,DRV0004,2026-08-22,Registered
REG0321,STU0203,DRV0004,2026-08-23,Registered
REG0322,STU0205,DRV0004,2026-08-17,Registered
REG0323,STU0224,DRV0004,2026-08-20,Registered
REG0324,STU0226,DRV0004,2026-08-22,Registered
REG0325,STU0230,DRV0004,2026-08-20,Registered
REG0326,STU0250,DRV0004,2026-08-21,Registered
REG0327,STU0251,DRV0004,2026-08-16,Registered
REG0328,STU0261,DRV0004,2026-08-18,Registered
REG0329,STU0264,DRV0004,2026-08-20,Registered
REG0330,STU0270,DRV0004,2026-08-17,Registered
REG0331,STU0276,DRV0004,2026-08-23,Registered
REG0332,STU0278,DRV0004,2026-08-18,Registered
REG0333,STU0283,DRV0004,2026-08-17,Registered
REG0334,STU0289,DRV0004,2026-08-17,Registered
REG0335,STU0296,DRV0004,2026-08-15,Registered
REG0336,STU0302,DRV0004,2026-08-20,Registered
REG0337,STU0306,DRV0004,2026-08-20,Registered
REG0338,STU0307,DRV0004,2026-08-19,Registered
REG0339,STU0309,DRV0004,2026-08-21,Registered
REG0340,STU0321,DRV0004,2026-08-23,Registered
REG0341,STU0322,DRV0004,2026-08-24,Registered
REG0342,STU0323,DRV0004,2026-08-23,Registered
REG0343,STU0324,DRV0004,2026-08-15,Registered
REG0344,STU0325,DRV0004,2026-08-22,Registered
REG0345,STU0328,DRV0004,2026-08-16,Registered
REG0346,STU0334,DRV0004,2026-08-16,Registered
REG0347,STU0335,DRV0004,2026-08-17,Registered
REG0348,STU0336,DRV0004,2026-08-19,Registered
REG0349,STU0344,DRV0004,2026-08-24,Registered
REG0350,STU0351,DRV0004,2026-08-16,Registered
REG0351,STU0364,DRV0004,2026-08-22,Registered
REG0352,STU0369,DRV0004,2026-08-22,Registered
REG0353,STU0371,DRV0004,2026-08-16,Registered
REG0354,STU0374,DRV0004,2026-08-20,Registered
REG0355,STU0381,DRV0004,2026-08-17,Registered
REG0356,STU0384,DRV0004,2026-08-16,Registered
REG0357,STU0386,DRV0004,2026-08-16,Registered
REG0358,STU0389,DRV0004,2026-08-17,Registered
REG0359,STU0394,DRV0004,2026-08-16,Registered
REG0360,STU0395,DRV0004,2026-08-21,Registered
REG0361,STU0404,DRV0004,2026-08-24,Registered
REG0362,STU0408,DRV0004,2026-08-22,Registered
REG0363,STU0409,DRV0004,2026-08-16,Registered
REG0364,STU0410,DRV0004,2026-08-23,Registered
REG0365,STU0411,DRV0004,2026-08-19,Registered
REG0366,STU0432,DRV0004,2026-08-19,Registered
REG0367,STU0436,DRV0004,2026-08-19,Registered
REG0368,STU0443,DRV0004,2026-08-20,Registered
REG0369,STU0449,DRV0004,2026-08-17,Registered
REG0370,STU0456,DRV0004,2026-08-17,Registered
REG0371,STU0461,DRV0004,2026-08-23,Registered
REG0372,STU0462,DRV0004,2026-08-21,Registered
REG0373,STU0464,DRV0004,2026-08-19,Registered
REG0374,STU0471,DRV0004,2026-08-15,Registered
REG0375,STU0472,DRV0004,2026-08-24,Registered
REG0376,STU0475,DRV0004,2026-08-16,Registered
REG0377,STU0481,DRV0004,2026-08-21,Registered
REG0378,STU0485,DRV0004,2026-08-19,Registered
REG0379,STU0494,DRV0004,2026-08-23,Registered
REG0380,STU0495,DRV0004,2026-08-21,Registered
REG0381,STU0497,DRV0004,2026-08-24,Registered
REG0382,STU0507,DRV0004,2026-08-21,Registered
REG0383,STU0512,DRV0004,2026-08-18,Registered
REG0384,STU0517,DRV0004,2026-08-18,Registered
REG0385,STU0523,DRV0004,2026-08-16,Registered
REG0386,STU0525,DRV0004,2026-08-21,Registered
REG0387,STU0526,DRV0004,2026-08-21,Registered
REG0388,STU0529,DRV0004,2026-08-23,Registered
REG0389,STU0537,DRV0004,2026-08-15,Registered
REG0390,STU0538,DRV0004,2026-08-22,Registered
REG0391,STU0555,DRV0004,2026-08-16,Registered
REG0392,STU0556,DRV0004,2026-08-20,Registered
REG0393,STU0557,DRV0004,2026-08-24,Registered
REG0394,STU0563,DRV0004,2026-08-21,Registered
REG0395,STU0566,DRV0004,2026-08-24,Registered
REG0396,STU0568,DRV0004,2026-08-16,Registered
REG0397,STU0577,DRV0004,2026-08-19,Registered
REG0398,STU0579,DRV0004,2026-08-17,Registered
REG0399,STU0580,DRV0004,2026-08-16,Registered
REG0400,STU0583,DRV0004,2026-08-20,Registered
REG0401,STU0590,DRV0004,2026-08-17,Registered
REG0402,STU0591,DRV0004,2026-08-17,Registered
REG0403,STU0595,DRV0004,2026-08-17,Registered
REG0404,STU0001,DRV0005,2026-09-02,Registered
REG0405,STU0033,DRV0005,2026-09-01,Registered
REG0406,STU0038,DRV0005,2026-08-30,Registered
REG0407,STU0039,DRV0005,2026-08-30,Registered
REG0408,STU0057,DRV0005,2026-08-27,Registered
REG0409,STU0067,DRV0005,2026-08-30,Registered
REG0410,STU0074,DRV0005,2026-08-29,Registered
REG0411,STU0092,DRV0005,2026-09-02,Registered
REG0412,STU0098,DRV0005,2026-08-31,Registered
REG0413,STU0107,DRV0005,2026-09-02,Registered
REG0414,STU0121,DRV0005,2026-08-31,Registered
REG0415,STU0131,DRV0005,2026-08-27,Registered
REG0416,STU0166,DRV0005,2026-09-01,Registered
REG0417,STU0167,DRV0005,2026-08-28,Registered
REG0418,STU0183,DRV0005,2026-08-29,Registered
REG0419,STU0186,DRV0005,2026-09-02,Registered
REG0420,STU0188,DRV0005,2026-08-31,Registered
REG0421,STU0189,DRV0005,2026-09-01,Registered
REG0422,STU0202,DRV0005,2026-08-27,Registered
REG0423,STU0211,DRV0005,2026-08-29,Registered
REG0424,STU0233,DRV0005,2026-08-31,Registered
REG0425,STU0261,DRV0005,2026-09-01,Registered
REG0426,STU0276,DRV0005,2026-08-31,Registered
REG0427,STU0280,DRV0005,2026-08-31,Registered
REG0428,STU0283,DRV0005,2026-09-02,Registered
REG0429,STU0285,DRV0005,2026-08-28,Registered
REG0430,STU0306,DRV0005,2026-08-29,Registered
REG0431,STU0307,DRV0005,2026-08-29,Registered
REG0432,STU0310,DRV0005,2026-08-28,Registered
REG0433,STU0320,DRV0005,2026-09-02,Registered
REG0434,STU0322,DRV0005,2026-08-28,Registered
REG0435,STU0323,DRV0005,2026-08-29,Registered
REG0436,STU0327,DRV0005,2026-09-02,Registered
REG0437,STU0357,DRV0005,2026-08-28,Registered
REG0438,STU0375,DRV0005,2026-08-30,Registered
REG0439,STU0381,DRV0005,2026-08-29,Registered
REG0440,STU0384,DRV0005,2026-08-30,Registered
REG0441,STU0394,DRV0005,2026-08-28,Registered
REG0442,STU0396,DRV0005,2026-09-02,Registered
REG0443,STU0405,DRV0005,2026-09-01,Registered
REG0444,STU0413,DRV0005,2026-08-30,Registered
REG0445,STU0417,DRV0005,2026-08-28,Registered
REG0446,STU0431,DRV0005,2026-08-29,Registered
REG0447,STU0432,DRV0005,2026-08-30,Registered
REG0448,STU0463,DRV0005,2026-09-02,Registered
REG0449,STU0470,DRV0005,2026-08-27,Registered
REG0450,STU0475,DRV0005,2026-08-31,Registered
REG0451,STU0494,DRV0005,2026-08-30,Registered
REG0452,STU0495,DRV0005,2026-08-28,Registered
REG0453,STU0503,DRV0005,2026-08-30,Registered
REG0454,STU0521,DRV0005,2026-08-27,Registered
REG0455,STU0525,DRV0005,2026-08-27,Registered
REG0456,STU0526,DRV0005,2026-08-27,Registered
REG0457,STU0539,DRV0005,2026-08-29,Registered
REG0458,STU0572,DRV0005,2026-08-28,Registered
REG0459,STU0590,DRV0005,2026-08-29,Registered
REG0460,STU0591,DRV0005,2026-08-27,Registered
REG0461,STU0599,DRV0005,2026-08-30,Registered
REG0462,STU0011,DRV0006,2026-09-24,Registered
REG0463,STU0031,DRV0006,2026-09-22,Registered
REG0464,STU0056,DRV0006,2026-09-18,Registered
REG0465,STU0083,DRV0006,2026-09-21,Registered
REG0466,STU0092,DRV0006,2026-09-23,Registered
REG0467,STU0094,DRV0006,2026-09-20,Registered
REG0468,STU0102,DRV0006,2026-09-22,Registered
REG0469,STU0171,DRV0006,2026-09-24,Registered
REG0470,STU0195,DRV0006,2026-09-18,Registered
REG0471,STU0226,DRV0006,2026-09-18,Registered
REG0472,STU0229,DRV0006,2026-09-23,Registered
REG0473,STU0264,DRV0006,2026-09-22,Registered
REG0474,STU0280,DRV0006,2026-09-18,Registered
REG0475,STU0296,DRV0006,2026-09-20,Registered
REG0476,STU0323,DRV0006,2026-09-24,Registered
REG0477,STU0332,DRV0006,2026-09-19,Registered
REG0478,STU0334,DRV0006,2026-09-24,Registered
REG0479,STU0352,DRV0006,2026-09-19,Registered
REG0480,STU0357,DRV0006,2026-09-19,Registered
REG0481,STU0381,DRV0006,2026-09-20,Registered
REG0482,STU0409,DRV0006,2026-09-24,Registered
REG0483,STU0411,DRV0006,2026-09-24,Registered
REG0484,STU0438,DRV0006,2026-09-18,Registered
REG0485,STU0470,DRV0006,2026-09-21,Registered
REG0486,STU0495,DRV0006,2026-09-19,Registered
REG0487,STU0549,DRV0006,2026-09-22,Registered
REG0488,STU0001,DRV0007,2026-08-18,Registered
REG0489,STU0003,DRV0007,2026-08-15,Registered
REG0490,STU0005,DRV0007,2026-08-18,Registered
REG0491,STU0010,DRV0007,2026-08-20,Registered
REG0492,STU0011,DRV0007,2026-08-21,Registered
REG0493,STU0012,DRV0007,2026-08-14,Registered
REG0494,STU0020,DRV0007,2026-08-14,Registered
REG0495,STU0021,DRV0007,2026-08-20,Registered
REG0496,STU0025,DRV0007,2026-08-16,Registered
REG0497,STU0028,DRV0007,2026-08-21,Registered
REG0498,STU0031,DRV0007,2026-08-15,Registered
REG0499,STU0032,DRV0007,2026-08-19,Registered
REG0500,STU0033,DRV0007,2026-08-14,Registered
REG0501,STU0041,DRV0007,2026-08-15,Registered
REG0502,STU0044,DRV0007,2026-08-18,Registered
REG0503,STU0050,DRV0007,2026-08-15,Registered
REG0504,STU0052,DRV0007,2026-08-16,Registered
REG0505,STU0057,DRV0007,2026-08-15,Registered
REG0506,STU0060,DRV0007,2026-08-18,Registered
REG0507,STU0065,DRV0007,2026-08-18,Registered
REG0508,STU0076,DRV0007,2026-08-16,Registered
REG0509,STU0092,DRV0007,2026-08-15,Registered
REG0510,STU0102,DRV0007,2026-08-18,Registered
REG0511,STU0122,DRV0007,2026-08-17,Registered
REG0512,STU0132,DRV0007,2026-08-21,Registered
REG0513,STU0133,DRV0007,2026-08-19,Registered
REG0514,STU0145,DRV0007,2026-08-15,Registered
REG0515,STU0147,DRV0007,2026-08-20,Registered
REG0516,STU0167,DRV0007,2026-08-19,Registered
REG0517,STU0173,DRV0007,2026-08-19,Registered
REG0518,STU0174,DRV0007,2026-08-16,Registered
REG0519,STU0178,DRV0007,2026-08-14,Registered
REG0520,STU0183,DRV0007,2026-08-16,Registered
REG0521,STU0186,DRV0007,2026-08-17,Registered
REG0522,STU0187,DRV0007,2026-08-18,Registered
REG0523,STU0189,DRV0007,2026-08-18,Registered
REG0524,STU0192,DRV0007,2026-08-18,Registered
REG0525,STU0199,DRV0007,2026-08-16,Registered
REG0526,STU0202,DRV0007,2026-08-19,Registered
REG0527,STU0211,DRV0007,2026-08-14,Registered
REG0528,STU0220,DRV0007,2026-08-17,Registered
REG0529,STU0226,DRV0007,2026-08-14,Registered
REG0530,STU0230,DRV0007,2026-08-18,Registered
REG0531,STU0241,DRV0007,2026-08-15,Registered
REG0532,STU0244,DRV0007,2026-08-20,Registered
REG0533,STU0249,DRV0007,2026-08-16,Registered
REG0534,STU0250,DRV0007,2026-08-19,Registered
REG0535,STU0258,DRV0007,2026-08-19,Registered
REG0536,STU0262,DRV0007,2026-08-17,Registered
REG0537,STU0273,DRV0007,2026-08-17,Registered
REG0538,STU0274,DRV0007,2026-08-14,Registered
REG0539,STU0276,DRV0007,2026-08-20,Registered
REG0540,STU0280,DRV0007,2026-08-16,Registered
REG0541,STU0290,DRV0007,2026-08-16,Registered
REG0542,STU0298,DRV0007,2026-08-14,Registered
REG0543,STU0302,DRV0007,2026-08-20,Registered
REG0544,STU0307,DRV0007,2026-08-19,Registered
REG0545,STU0309,DRV0007,2026-08-18,Registered
REG0546,STU0323,DRV0007,2026-08-18,Registered
REG0547,STU0327,DRV0007,2026-08-20,Registered
REG0548,STU0328,DRV0007,2026-08-17,Registered
REG0549,STU0331,DRV0007,2026-08-18,Registered
REG0550,STU0332,DRV0007,2026-08-21,Registered
REG0551,STU0335,DRV0007,2026-08-15,Registered
REG0552,STU0336,DRV0007,2026-08-15,Registered
REG0553,STU0337,DRV0007,2026-08-19,Registered
REG0554,STU0339,DRV0007,2026-08-16,Registered
REG0555,STU0344,DRV0007,2026-08-20,Registered
REG0556,STU0349,DRV0007,2026-08-16,Registered
REG0557,STU0356,DRV0007,2026-08-16,Registered
REG0558,STU0357,DRV0007,2026-08-19,Registered
REG0559,STU0358,DRV0007,2026-08-18,Registered
REG0560,STU0374,DRV0007,2026-08-19,Registered
REG0561,STU0389,DRV0007,2026-08-21,Registered
REG0562,STU0391,DRV0007,2026-08-17,Registered
REG0563,STU0395,DRV0007,2026-08-20,Registered
REG0564,STU0396,DRV0007,2026-08-17,Registered
REG0565,STU0397,DRV0007,2026-08-15,Registered
REG0566,STU0400,DRV0007,2026-08-21,Registered
REG0567,STU0403,DRV0007,2026-08-16,Registered
REG0568,STU0405,DRV0007,2026-08-17,Registered
REG0569,STU0409,DRV0007,2026-08-21,Registered
REG0570,STU0413,DRV0007,2026-08-16,Registered
REG0571,STU0424,DRV0007,2026-08-16,Registered
REG0572,STU0452,DRV0007,2026-08-21,Registered
REG0573,STU0458,DRV0007,2026-08-17,Registered
REG0574,STU0461,DRV0007,2026-08-18,Registered
REG0575,STU0462,DRV0007,2026-08-18,Registered
REG0576,STU0485,DRV0007,2026-08-20,Registered
REG0577,STU0494,DRV0007,2026-08-19,Registered
REG0578,STU0497,DRV0007,2026-08-18,Registered
REG0579,STU0503,DRV0007,2026-08-21,Registered
REG0580,STU0512,DRV0007,2026-08-18,Registered
REG0581,STU0525,DRV0007,2026-08-17,Registered
REG0582,STU0526,DRV0007,2026-08-17,Registered
REG0583,STU0529,DRV0007,2026-08-20,Registered
REG0584,STU0534,DRV0007,2026-08-21,Registered
REG0585,STU0538,DRV0007,2026-08-16,Registered
REG0586,STU0539,DRV0007,2026-08-16,Registered
REG0587,STU0540,DRV0007,2026-08-21,Registered
REG0588,STU0543,DRV0007,2026-08-18,Registered
REG0589,STU0544,DRV0007,2026-08-14,Registered
REG0590,STU0547,DRV0007,2026-08-17,Registered
REG0591,STU0556,DRV0007,2026-08-16,Registered
REG0592,STU0562,DRV0007,2026-08-20,Registered
REG0593,STU0564,DRV0007,2026-08-18,Registered
REG0594,STU0568,DRV0007,2026-08-15,Registered
REG0595,STU0573,DRV0007,2026-08-21,Registered
REG0596,STU0598,DRV0007,2026-08-15,Registered
REG0597,STU0599,DRV0007,2026-08-21,Registered
REG0598,STU0003,DRV0008,2026-09-29,Registered
REG0599,STU0020,DRV0008,2026-09-30,Registered
REG0600,STU0031,DRV0008,2026-09-25,Registered
REG0601,STU0033,DRV0008,2026-09-26,Registered
REG0602,STU0041,DRV0008,2026-09-30,Registered
REG0603,STU0042,DRV0008,2026-09-28,Registered
REG0604,STU0057,DRV0008,2026-09-24,Registered
REG0605,STU0067,DRV0008,2026-09-29,Registered
REG0606,STU0083,DRV0008,2026-09-25,Registered
REG0607,STU0094,DRV0008,2026-09-28,Registered
REG0608,STU0101,DRV0008,2026-09-27,Registered
REG0609,STU0102,DRV0008,2026-09-26,Registered
REG0610,STU0122,DRV0008,2026-10-01,Registered
REG0611,STU0189,DRV0008,2026-09-25,Registered
REG0612,STU0200,DRV0008,2026-09-27,Registered
REG0613,STU0205,DRV0008,2026-09-29,Registered
REG0614,STU0226,DRV0008,2026-09-27,Registered
REG0615,STU0250,DRV0008,2026-09-24,Registered
REG0616,STU0278,DRV0008,2026-10-01,Registered
REG0617,STU0283,DRV0008,2026-09-24,Registered
REG0618,STU0285,DRV0008,2026-09-24,Registered
REG0619,STU0296,DRV0008,2026-09-29,Registered
REG0620,STU0306,DRV0008,2026-09-25,Registered
REG0621,STU0320,DRV0008,2026-09-26,Registered
REG0622,STU0327,DRV0008,2026-09-30,Registered
REG0623,STU0331,DRV0008,2026-09-30,Registered
REG0624,STU0332,DRV0008,2026-09-26,Registered
REG0625,STU0338,DRV0008,2026-09-26,Registered
REG0626,STU0352,DRV0008,2026-09-26,Registered
REG0627,STU0358,DRV0008,2026-09-24,Registered
REG0628,STU0383,DRV0008,2026-09-30,Registered
REG0629,STU0386,DRV0008,2026-09-29,Registered
REG0630,STU0389,DRV0008,2026-09-27,Registered
REG0631,STU0396,DRV0008,2026-09-30,Registered
REG0632,STU0409,DRV0008,2026-09-25,Registered
REG0633,STU0410,DRV0008,2026-09-24,Registered
REG0634,STU0411,DRV0008,2026-09-24,Registered
REG0635,STU0413,DRV0008,2026-09-24,Registered
REG0636,STU0415,DRV0008,2026-09-27,Registered
REG0637,STU0432,DRV0008,2026-09-28,Registered
REG0638,STU0458,DRV0008,2026-09-29,Registered
REG0639,STU0470,DRV0008,2026-09-26,Registered
REG0640,STU0494,DRV0008,2026-09-28,Registered
REG0641,STU0495,DRV0008,2026-09-26,Registered
REG0642,STU0508,DRV0008,2026-10-01,Registered
REG0643,STU0521,DRV0008,2026-09-29,Registered
REG0644,STU0529,DRV0008,2026-09-30,Registered
REG0645,STU0534,DRV0008,2026-09-28,Registered
REG0646,STU0539,DRV0008,2026-10-01,Registered
REG0647,STU0549,DRV0008,2026-09-27,Registered
REG0648,STU0556,DRV0008,2026-09-26,Registered
REG0649,STU0583,DRV0008,2026-09-27,Registered
REG0650,STU0590,DRV0008,2026-09-29,Registered
REG0651,STU0011,DRV0009,2026-09-09,Registered
REG0652,STU0020,DRV0009,2026-09-07,Registered
REG0653,STU0050,DRV0009,2026-09-08,Registered
REG0654,STU0092,DRV0009,2026-09-04,Registered
REG0655,STU0094,DRV0009,2026-09-05,Registered
REG0656,STU0101,DRV0009,2026-09-07,Registered
REG0657,STU0165,DRV0009,2026-09-05,Registered
REG0658,STU0171,DRV0009,2026-09-08,Registered
REG0659,STU0177,DRV0009,2026-09-06,Registered
REG0660,STU0226,DRV0009,2026-09-09,Registered
REG0661,STU0278,DRV0009,2026-09-07,Registered
REG0662,STU0280,DRV0009,2026-09-05,Registered
REG0663,STU0296,DRV0009,2026-09-08,Registered
REG0664,STU0324,DRV0009,2026-09-05,Registered
REG0665,STU0327,DRV0009,2026-09-05,Registered
REG0666,STU0328,DRV0009,2026-09-05,Registered
REG0667,STU0352,DRV0009,2026-09-07,Registered
REG0668,STU0389,DRV0009,2026-09-06,Registered
REG0669,STU0391,DRV0009,2026-09-09,Registered
REG0670,STU0396,DRV0009,2026-09-08,Registered
REG0671,STU0431,DRV0009,2026-09-09,Registered
REG0672,STU0438,DRV0009,2026-09-04,Registered
REG0673,STU0452,DRV0009,2026-09-09,Registered
REG0674,STU0470,DRV0009,2026-09-09,Registered
REG0675,STU0472,DRV0009,2026-09-05,Registered
REG0676,STU0494,DRV0009,2026-09-08,Registered
REG0677,STU0528,DRV0009,2026-09-08,Registered
REG0678,STU0549,DRV0009,2026-09-08,Registered
REG0679,STU0600,DRV0009,2026-09-08,Registered
REG0680,STU0019,DRV0010,2026-08-20,Registered
REG0681,STU0021,DRV0010,2026-08-28,Registered
REG0682,STU0033,DRV0010,2026-08-25,Registered
REG0683,STU0038,DRV0010,2026-08-25,Registered
REG0684,STU0042,DRV0010,2026-08-22,Registered
REG0685,STU0050,DRV0010,2026-08-20,Registered
REG0686,STU0076,DRV0010,2026-08-25,Registered
REG0687,STU0083,DRV0010,2026-08-26,Registered
REG0688,STU0092,DRV0010,2026-08-19,Registered
REG0689,STU0100,DRV0010,2026-08-25,Registered
REG0690,STU0102,DRV0010,2026-08-20,Registered
REG0691,STU0147,DRV0010,2026-08-28,Registered
REG0692,STU0166,DRV0010,2026-08-20,Registered
REG0693,STU0171,DRV0010,2026-08-27,Registered
REG0694,STU0177,DRV0010,2026-08-24,Registered
REG0695,STU0178,DRV0010,2026-08-22,Registered
REG0696,STU0195,DRV0010,2026-08-20,Registered
REG0697,STU0200,DRV0010,2026-08-28,Registered
REG0698,STU0205,DRV0010,2026-08-25,Registered
REG0699,STU0229,DRV0010,2026-08-21,Registered
REG0700,STU0261,DRV0010,2026-08-24,Registered
REG0701,STU0262,DRV0010,2026-08-25,Registered
REG0702,STU0264,DRV0010,2026-08-20,Registered
REG0703,STU0276,DRV0010,2026-08-28,Registered
REG0704,STU0280,DRV0010,2026-08-24,Registered
REG0705,STU0283,DRV0010,2026-08-23,Registered
REG0706,STU0296,DRV0010,2026-08-27,Registered
REG0707,STU0306,DRV0010,2026-08-29,Registered
REG0708,STU0310,DRV0010,2026-08-28,Registered
REG0709,STU0321,DRV0010,2026-08-22,Registered
REG0710,STU0323,DRV0010,2026-08-21,Registered
REG0711,STU0324,DRV0010,2026-08-29,Registered
REG0712,STU0327,DRV0010,2026-08-25,Registered
REG0713,STU0328,DRV0010,2026-08-20,Registered
REG0714,STU0332,DRV0010,2026-08-23,Registered
REG0715,STU0334,DRV0010,2026-08-23,Registered
REG0716,STU0337,DRV0010,2026-08-20,Registered
REG0717,STU0338,DRV0010,2026-08-26,Registered
REG0718,STU0349,DRV0010,2026-08-20,Registered
REG0719,STU0352,DRV0010,2026-08-20,Registered
REG0720,STU0381,DRV0010,2026-08-25,Registered
REG0721,STU0386,DRV0010,2026-08-20,Registered
REG0722,STU0394,DRV0010,2026-08-27,Registered
REG0723,STU0396,DRV0010,2026-08-25,Registered
REG0724,STU0397,DRV0010,2026-08-23,Registered
REG0725,STU0409,DRV0010,2026-08-26,Registered
REG0726,STU0410,DRV0010,2026-08-21,Registered
REG0727,STU0411,DRV0010,2026-08-25,Registered
REG0728,STU0413,DRV0010,2026-08-20,Registered
REG0729,STU0415,DRV0010,2026-08-22,Registered
REG0730,STU0438,DRV0010,2026-08-19,Registered
REG0731,STU0452,DRV0010,2026-08-28,Registered
REG0732,STU0458,DRV0010,2026-08-24,Registered
REG0733,STU0462,DRV0010,2026-08-25,Registered
REG0734,STU0472,DRV0010,2026-08-24,Registered
REG0735,STU0508,DRV0010,2026-08-25,Registered
REG0736,STU0517,DRV0010,2026-08-29,Registered
REG0737,STU0526,DRV0010,2026-08-25,Registered
REG0738,STU0528,DRV0010,2026-08-25,Registered
REG0739,STU0534,DRV0010,2026-08-28,Registered
REG0740,STU0539,DRV0010,2026-08-27,Registered
REG0741,STU0540,DRV0010,2026-08-27,Registered
REG0742,STU0547,DRV0010,2026-08-26,Registered
REG0743,STU0555,DRV0010,2026-08-23,Registered
REG0744,STU0557,DRV0010,2026-08-25,Registered
REG0745,STU0564,DRV0010,2026-08-23,Registered
REG0746,STU0582,DRV0010,2026-08-29,Registered
REG0747,STU0583,DRV0010,2026-08-25,Registered
REG0748,STU0591,DRV0010,2026-08-28,Registered
REG0749,STU0599,DRV0010,2026-08-27,Registered
REG0750,STU0003,DRV0011,2026-08-13,Registered
REG0751,STU0011,DRV0011,2026-08-21,Registered
REG0752,STU0020,DRV0011,2026-08-16,Registered
REG0753,STU0028,DRV0011,2026-08-23,Registered
REG0754,STU0041,DRV0011,2026-08-19,Registered
REG0755,STU0042,DRV0011,2026-08-14,Registered
REG0756,STU0050,DRV0011,2026-08-21,Registered
REG0757,STU0060,DRV0011,2026-08-18,Registered
REG0758,STU0067,DRV0011,2026-08-23,Registered
REG0759,STU0083,DRV0011,2026-08-13,Registered
REG0760,STU0094,DRV0011,2026-08-14,Registered
REG0761,STU0096,DRV0011,2026-08-15,Registered
REG0762,STU0098,DRV0011,2026-08-18,Registered
REG0763,STU0100,DRV0011,2026-08-20,Registered
REG0764,STU0101,DRV0011,2026-08-14,Registered
REG0765,STU0102,DRV0011,2026-08-20,Registered
REG0766,STU0103,DRV0011,2026-08-17,Registered
REG0767,STU0104,DRV0011,2026-08-14,Registered
REG0768,STU0107,DRV0011,2026-08-18,Registered
REG0769,STU0122,DRV0011,2026-08-16,Registered
REG0770,STU0136,DRV0011,2026-08-19,Registered
REG0771,STU0145,DRV0011,2026-08-19,Registered
REG0772,STU0149,DRV0011,2026-08-23,Registered
REG0773,STU0165,DRV0011,2026-08-13,Registered
REG0774,STU0171,DRV0011,2026-08-19,Registered
REG0775,STU0173,DRV0011,2026-08-16,Registered
REG0776,STU0174,DRV0011,2026-08-14,Registered
REG0777,STU0182,DRV0011,2026-08-16,Registered
REG0778,STU0186,DRV0011,2026-08-20,Registered
REG0779,STU0200,DRV0011,2026-08-20,Registered
REG0780,STU0213,DRV0011,2026-08-22,Registered
REG0781,STU0227,DRV0011,2026-08-16,Registered
REG0782,STU0229,DRV0011,2026-08-15,Registered
REG0783,STU0230,DRV0011,2026-08-15,Registered
REG0784,STU0236,DRV0011,2026-08-15,Registered
REG0785,STU0242,DRV0011,2026-08-20,Registered
REG0786,STU0264,DRV0011,2026-08-18,Registered
REG0787,STU0285,DRV0011,2026-08-19,Registered
REG0788,STU0298,DRV0011,2026-08-20,Registered
REG0789,STU0303,DRV0011,2026-08-13,Registered
REG0790,STU0307,DRV0011,2026-08-13,Registered
REG0791,STU0310,DRV0011,2026-08-21,Registered
REG0792,STU0313,DRV0011,2026-08-20,Registered
REG0793,STU0325,DRV0011,2026-08-21,Registered
REG0794,STU0328,DRV0011,2026-08-13,Registered
REG0795,STU0332,DRV0011,2026-08-16,Registered
REG0796,STU0335,DRV0011,2026-08-23,Registered
REG0797,STU0338,DRV0011,2026-08-13,Registered
REG0798,STU0339,DRV0011,2026-08-18,Registered
REG0799,STU0349,DRV0011,2026-08-14,Registered
REG0800,STU0352,DRV0011,2026-08-22,Registered
REG0801,STU0360,DRV0011,2026-08-22,Registered
REG0802,STU0366,DRV0011,2026-08-16,Registered
REG0803,STU0375,DRV0011,2026-08-17,Registered
REG0804,STU0381,DRV0011,2026-08-17,Registered
REG0805,STU0391,DRV0011,2026-08-19,Registered
REG0806,STU0397,DRV0011,2026-08-15,Registered
REG0807,STU0403,DRV0011,2026-08-18,Registered
REG0808,STU0415,DRV0011,2026-08-19,Registered
REG0809,STU0417,DRV0011,2026-08-14,Registered
REG0810,STU0424,DRV0011,2026-08-21,Registered
REG0811,STU0463,DRV0011,2026-08-20,Registered
REG0812,STU0472,DRV0011,2026-08-19,Registered
REG0813,STU0494,DRV0011,2026-08-17,Registered
REG0814,STU0495,DRV0011,2026-08-22,Registered
REG0815,STU0496,DRV0011,2026-08-20,Registered
REG0816,STU0508,DRV0011,2026-08-23,Registered
REG0817,STU0521,DRV0011,2026-08-15,Registered
REG0818,STU0525,DRV0011,2026-08-13,Registered
REG0819,STU0528,DRV0011,2026-08-15,Registered
REG0820,STU0534,DRV0011,2026-08-17,Registered
REG0821,STU0539,DRV0011,2026-08-18,Registered
REG0822,STU0540,DRV0011,2026-08-18,Registered
REG0823,STU0547,DRV0011,2026-08-23,Registered
REG0824,STU0549,DRV0011,2026-08-16,Registered
REG0825,STU0551,DRV0011,2026-08-14,Registered
REG0826,STU0555,DRV0011,2026-08-20,Registered
REG0827,STU0556,DRV0011,2026-08-22,Registered
REG0828,STU0557,DRV0011,2026-08-23,Registered
REG0829,STU0563,DRV0011,2026-08-13,Registered
REG0830,STU0573,DRV0011,2026-08-15,Registered
REG0831,STU0582,DRV0011,2026-08-14,Registered
REG0832,STU0590,DRV0011,2026-08-18,Registered
REG0833,STU0591,DRV0011,2026-08-17,Registered
REG0834,STU0596,DRV0011,2026-08-15,Registered
REG0835,STU0600,DRV0011,2026-08-22,Registered
REG0836,STU0003,DRV0012,2026-08-11,Registered
REG0837,STU0010,DRV0012,2026-08-08,Registered
REG0838,STU0016,DRV0012,2026-08-09,Registered
REG0839,STU0020,DRV0012,2026-08-07,Registered
REG0840,STU0021,DRV0012,2026-08-06,Registered
REG0841,STU0031,DRV0012,2026-08-06,Registered
REG0842,STU0037,DRV0012,2026-08-09,Registered
REG0843,STU0039,DRV0012,2026-08-07,Registered
REG0844,STU0044,DRV0012,2026-08-11,Registered
REG0845,STU0050,DRV0012,2026-08-10,Registered
REG0846,STU0062,DRV0012,2026-08-11,Registered
REG0847,STU0065,DRV0012,2026-08-12,Registered
REG0848,STU0076,DRV0012,2026-08-10,Registered
REG0849,STU0088,DRV0012,2026-08-09,Registered
REG0850,STU0092,DRV0012,2026-08-06,Registered
REG0851,STU0101,DRV0012,2026-08-09,Registered
REG0852,STU0102,DRV0012,2026-08-09,Registered
REG0853,STU0131,DRV0012,2026-08-06,Registered
REG0854,STU0152,DRV0012,2026-08-12,Registered
REG0855,STU0162,DRV0012,2026-08-10,Registered
REG0856,STU0174,DRV0012,2026-08-06,Registered
REG0857,STU0177,DRV0012,2026-08-07,Registered
REG0858,STU0178,DRV0012,2026-08-06,Registered
REG0859,STU0187,DRV0012,2026-08-08,Registered
REG0860,STU0196,DRV0012,2026-08-11,Registered
REG0861,STU0206,DRV0012,2026-08-11,Registered
REG0862,STU0224,DRV0012,2026-08-08,Registered
REG0863,STU0225,DRV0012,2026-08-07,Registered
REG0864,STU0229,DRV0012,2026-08-08,Registered
REG0865,STU0235,DRV0012,2026-08-11,Registered
REG0866,STU0261,DRV0012,2026-08-09,Registered
REG0867,STU0276,DRV0012,2026-08-06,Registered
REG0868,STU0280,DRV0012,2026-08-10,Registered
REG0869,STU0286,DRV0012,2026-08-11,Registered
REG0870,STU0293,DRV0012,2026-08-06,Registered
REG0871,STU0303,DRV0012,2026-08-08,Registered
REG0872,STU0321,DRV0012,2026-08-07,Registered
REG0873,STU0327,DRV0012,2026-08-06,Registered
REG0874,STU0328,DRV0012,2026-08-09,Registered
REG0875,STU0332,DRV0012,2026-08-06,Registered
REG0876,STU0334,DRV0012,2026-08-10,Registered
REG0877,STU0352,DRV0012,2026-08-12,Registered
REG0878,STU0357,DRV0012,2026-08-08,Registered
REG0879,STU0389,DRV0012,2026-08-11,Registered
REG0880,STU0392,DRV0012,2026-08-12,Registered
REG0881,STU0394,DRV0012,2026-08-06,Registered
REG0882,STU0397,DRV0012,2026-08-07,Registered
REG0883,STU0409,DRV0012,2026-08-12,Registered
REG0884,STU0410,DRV0012,2026-08-12,Registered
REG0885,STU0418,DRV0012,2026-08-08,Registered
REG0886,STU0423,DRV0012,2026-08-11,Registered
REG0887,STU0425,DRV0012,2026-08-12,Registered
REG0888,STU0431,DRV0012,2026-08-08,Registered
REG0889,STU0432,DRV0012,2026-08-11,Registered
REG0890,STU0443,DRV0012,2026-08-12,Registered
REG0891,STU0465,DRV0012,2026-08-09,Registered
REG0892,STU0470,DRV0012,2026-08-09,Registered
REG0893,STU0477,DRV0012,2026-08-06,Registered
REG0894,STU0495,DRV0012,2026-08-07,Registered
REG0895,STU0500,DRV0012,2026-08-12,Registered
REG0896,STU0508,DRV0012,2026-08-10,Registered
REG0897,STU0512,DRV0012,2026-08-08,Registered
REG0898,STU0528,DRV0012,2026-08-10,Registered
REG0899,STU0540,DRV0012,2026-08-06,Registered
REG0900,STU0547,DRV0012,2026-08-10,Registered
REG0901,STU0549,DRV0012,2026-08-12,Registered
REG0902,STU0564,DRV0012,2026-08-08,Registered
REG0903,STU0568,DRV0012,2026-08-11,Registered
REG0904,STU0571,DRV0012,2026-08-11,Registered
REG0905,STU0590,DRV0012,2026-08-10,Registered
REG0906,STU0594,DRV0012,2026-08-06,Registered
REG0907,STU0600,DRV0012,2026-08-08,Registered
REG0908,STU0001,DRV0013,2026-09-13,Registered
REG0909,STU0005,DRV0013,2026-09-11,Registered
REG0910,STU0012,DRV0013,2026-09-10,Registered
REG0911,STU0013,DRV0013,2026-09-12,Registered
REG0912,STU0018,DRV0013,2026-09-14,Registered
REG0913,STU0021,DRV0013,2026-09-15,Registered
REG0914,STU0022,DRV0013,2026-09-14,Registered
REG0915,STU0025,DRV0013,2026-09-13,Registered
REG0916,STU0026,DRV0013,2026-09-11,Registered
REG0917,STU0027,DRV0013,2026-09-12,Registered
REG0918,STU0028,DRV0013,2026-09-15,Registered
REG0919,STU0031,DRV0013,2026-09-15,Registered
REG0920,STU0033,DRV0013,2026-09-14,Registered
REG0921,STU0038,DRV0013,2026-09-14,Registered
REG0922,STU0042,DRV0013,2026-09-15,Registered
REG0923,STU0043,DRV0013,2026-09-13,Registered
REG0924,STU0047,DRV0013,2026-09-10,Registered
REG0925,STU0050,DRV0013,2026-09-12,Registered
REG0926,STU0052,DRV0013,2026-09-16,Registered
REG0927,STU0058,DRV0013,2026-09-11,Registered
REG0928,STU0060,DRV0013,2026-09-10,Registered
REG0929,STU0061,DRV0013,2026-09-13,Registered
REG0930,STU0065,DRV0013,2026-09-16,Registered
REG0931,STU0067,DRV0013,2026-09-11,Registered
REG0932,STU0071,DRV0013,2026-09-11,Registered
REG0933,STU0072,DRV0013,2026-09-11,Registered
REG0934,STU0074,DRV0013,2026-09-17,Registered
REG0935,STU0079,DRV0013,2026-09-15,Registered
REG0936,STU0082,DRV0013,2026-09-17,Registered
REG0937,STU0083,DRV0013,2026-09-16,Registered
REG0938,STU0085,DRV0013,2026-09-10,Registered
REG0939,STU0086,DRV0013,2026-09-16,Registered
REG0940,STU0087,DRV0013,2026-09-13,Registered
REG0941,STU0090,DRV0013,2026-09-17,Registered
REG0942,STU0092,DRV0013,2026-09-13,Registered
REG0943,STU0098,DRV0013,2026-09-16,Registered
REG0944,STU0099,DRV0013,2026-09-13,Registered
REG0945,STU0102,DRV0013,2026-09-10,Registered
REG0946,STU0106,DRV0013,2026-09-17,Registered
REG0947,STU0107,DRV0013,2026-09-15,Registered
REG0948,STU0109,DRV0013,2026-09-12,Registered
REG0949,STU0112,DRV0013,2026-09-13,Registered
REG0950,STU0114,DRV0013,2026-09-14,Registered
REG0951,STU0117,DRV0013,2026-09-17,Registered
REG0952,STU0126,DRV0013,2026-09-13,Registered
REG0953,STU0131,DRV0013,2026-09-10,Registered
REG0954,STU0143,DRV0013,2026-09-12,Registered
REG0955,STU0145,DRV0013,2026-09-15,Registered
REG0956,STU0155,DRV0013,2026-09-15,Registered
REG0957,STU0164,DRV0013,2026-09-17,Registered
REG0958,STU0166,DRV0013,2026-09-10,Registered
REG0959,STU0167,DRV0013,2026-09-13,Registered
REG0960,STU0170,DRV0013,2026-09-17,Registered
REG0961,STU0171,DRV0013,2026-09-13,Registered
REG0962,STU0174,DRV0013,2026-09-12,Registered
REG0963,STU0178,DRV0013,2026-09-10,Registered
REG0964,STU0181,DRV0013,2026-09-12,Registered
REG0965,STU0188,DRV0013,2026-09-16,Registered
REG0966,STU0192,DRV0013,2026-09-15,Registered
REG0967,STU0193,DRV0013,2026-09-12,Registered
REG0968,STU0197,DRV0013,2026-09-17,Registered
REG0969,STU0200,DRV0013,2026-09-15,Registered
REG0970,STU0201,DRV0013,2026-09-12,Registered
REG0971,STU0202,DRV0013,2026-09-14,Registered
REG0972,STU0203,DRV0013,2026-09-10,Registered
REG0973,STU0210,DRV0013,2026-09-10,Registered
REG0974,STU0211,DRV0013,2026-09-15,Registered
REG0975,STU0219,DRV0013,2026-09-11,Registered
REG0976,STU0224,DRV0013,2026-09-11,Registered
REG0977,STU0226,DRV0013,2026-09-15,Registered
REG0978,STU0227,DRV0013,2026-09-11,Registered
REG0979,STU0232,DRV0013,2026-09-10,Registered
REG0980,STU0233,DRV0013,2026-09-13,Registered
REG0981,STU0236,DRV0013,2026-09-11,Registered
REG0982,STU0241,DRV0013,2026-09-17,Registered
REG0983,STU0249,DRV0013,2026-09-16,Registered
REG0984,STU0250,DRV0013,2026-09-17,Registered
REG0985,STU0257,DRV0013,2026-09-17,Registered
REG0986,STU0258,DRV0013,2026-09-10,Registered
REG0987,STU0259,DRV0013,2026-09-15,Registered
REG0988,STU0261,DRV0013,2026-09-11,Registered
REG0989,STU0262,DRV0013,2026-09-12,Registered
REG0990,STU0264,DRV0013,2026-09-11,Registered
REG0991,STU0274,DRV0013,2026-09-17,Registered
REG0992,STU0278,DRV0013,2026-09-12,Registered
REG0993,STU0283,DRV0013,2026-09-10,Registered
REG0994,STU0285,DRV0013,2026-09-13,Registered
REG0995,STU0288,DRV0013,2026-09-14,Registered
REG0996,STU0290,DRV0013,2026-09-11,Registered
REG0997,STU0291,DRV0013,2026-09-17,Registered
REG0998,STU0292,DRV0013,2026-09-15,Registered
REG0999,STU0294,DRV0013,2026-09-11,Registered
REG1000,STU0295,DRV0013,2026-09-17,Registered
REG1001,STU0296,DRV0013,2026-09-10,Registered
REG1002,STU0298,DRV0013,2026-09-14,Registered
REG1003,STU0306,DRV0013,2026-09-16,Registered
REG1004,STU0310,DRV0013,2026-09-16,Registered
REG1005,STU0311,DRV0013,2026-09-16,Registered
REG1006,STU0313,DRV0013,2026-09-17,Registered
REG1007,STU0315,DRV0013,2026-09-17,Registered
REG1008,STU0317,DRV0013,2026-09-14,Registered
REG1009,STU0321,DRV0013,2026-09-11,Registered
REG1010,STU0322,DRV0013,2026-09-15,Registered
REG1011,STU0324,DRV0013,2026-09-13,Registered
REG1012,STU0331,DRV0013,2026-09-17,Registered
REG1013,STU0334,DRV0013,2026-09-14,Registered
REG1014,STU0335,DRV0013,2026-09-10,Registered
REG1015,STU0345,DRV0013,2026-09-17,Registered
REG1016,STU0346,DRV0013,2026-09-12,Registered
REG1017,STU0350,DRV0013,2026-09-16,Registered
REG1018,STU0351,DRV0013,2026-09-16,Registered
REG1019,STU0352,DRV0013,2026-09-12,Registered
REG1020,STU0356,DRV0013,2026-09-11,Registered
REG1021,STU0357,DRV0013,2026-09-16,Registered
REG1022,STU0369,DRV0013,2026-09-16,Registered
REG1023,STU0371,DRV0013,2026-09-12,Registered
REG1024,STU0372,DRV0013,2026-09-11,Registered
REG1025,STU0375,DRV0013,2026-09-14,Registered
REG1026,STU0384,DRV0013,2026-09-17,Registered
REG1027,STU0389,DRV0013,2026-09-16,Registered
REG1028,STU0390,DRV0013,2026-09-16,Registered
REG1029,STU0391,DRV0013,2026-09-15,Registered
REG1030,STU0393,DRV0013,2026-09-17,Registered
REG1031,STU0396,DRV0013,2026-09-14,Registered
REG1032,STU0397,DRV0013,2026-09-17,Registered
REG1033,STU0403,DRV0013,2026-09-14,Registered
REG1034,STU0405,DRV0013,2026-09-15,Registered
REG1035,STU0408,DRV0013,2026-09-16,Registered
REG1036,STU0410,DRV0013,2026-09-17,Registered
REG1037,STU0411,DRV0013,2026-09-16,Registered
REG1038,STU0419,DRV0013,2026-09-14,Registered
REG1039,STU0424,DRV0013,2026-09-10,Registered
REG1040,STU0431,DRV0013,2026-09-13,Registered
REG1041,STU0434,DRV0013,2026-09-17,Registered
REG1042,STU0436,DRV0013,2026-09-15,Registered
REG1043,STU0439,DRV0013,2026-09-17,Registered
REG1044,STU0445,DRV0013,2026-09-10,Registered
REG1045,STU0447,DRV0013,2026-09-17,Registered
REG1046,STU0450,DRV0013,2026-09-17,Registered
REG1047,STU0456,DRV0013,2026-09-12,Registered
REG1048,STU0458,DRV0013,2026-09-11,Registered
REG1049,STU0459,DRV0013,2026-09-16,Registered
REG1050,STU0461,DRV0013,2026-09-13,Registered
REG1051,STU0465,DRV0013,2026-09-16,Registered
REG1052,STU0473,DRV0013,2026-09-12,Registered
REG1053,STU0481,DRV0013,2026-09-14,Registered
REG1054,STU0494,DRV0013,2026-09-16,Registered
REG1055,STU0497,DRV0013,2026-09-14,Registered
REG1056,STU0505,DRV0013,2026-09-11,Registered
REG1057,STU0506,DRV0013,2026-09-15,Registered
REG1058,STU0512,DRV0013,2026-09-11,Registered
REG1059,STU0517,DRV0013,2026-09-14,Registered
REG1060,STU0522,DRV0013,2026-09-14,Registered
REG1061,STU0523,DRV0013,2026-09-13,Registered
REG1062,STU0540,DRV0013,2026-09-16,Registered
REG1063,STU0542,DRV0013,2026-09-10,Registered
REG1064,STU0547,DRV0013,2026-09-13,Registered
REG1065,STU0555,DRV0013,2026-09-14,Registered
REG1066,STU0562,DRV0013,2026-09-11,Registered
REG1067,STU0573,DRV0013,2026-09-13,Registered
REG1068,STU0578,DRV0013,2026-09-15,Registered
REG1069,STU0579,DRV0013,2026-09-14,Registered
REG1070,STU0582,DRV0013,2026-09-10,Registered
REG1071,STU0590,DRV0013,2026-09-13,Registered
REG1072,STU0596,DRV0013,2026-09-14,Registered
REG1073,STU0598,DRV0013,2026-09-12,Registered
REG1074,STU0599,DRV0013,2026-09-13,Registered
REG1075,STU0600,DRV0013,2026-09-17,Registered
REG1076,STU0004,DRV0014,2026-09-16,Registered
REG1077,STU0019,DRV0014,2026-09-24,Registered
REG1078,STU0020,DRV0014,2026-09-21,Registered
REG1079,STU0021,DRV0014,2026-09-16,Registered
REG1080,STU0028,DRV0014,2026-09-15,Registered
REG1081,STU0031,DRV0014,2026-09-20,Registered
REG1082,STU0033,DRV0014,2026-09-21,Registered
REG1083,STU0041,DRV0014,2026-09-14,Registered
REG1084,STU0056,DRV0014,2026-09-14,Registered
REG1085,STU0058,DRV0014,2026-09-19,Registered
REG1086,STU0060,DRV0014,2026-09-15,Registered
REG1087,STU0061,DRV0014,2026-09-23,Registered
REG1088,STU0065,DRV0014,2026-09-15,Registered
REG1089,STU0070,DRV0014,2026-09-18,Registered
REG1090,STU0086,DRV0014,2026-09-24,Registered
REG1091,STU0088,DRV0014,2026-09-21,Registered
REG1092,STU0091,DRV0014,2026-09-17,Registered
REG1093,STU0100,DRV0014,2026-09-20,Registered
REG1094,STU0103,DRV0014,2026-09-17,Registered
REG1095,STU0109,DRV0014,2026-09-14,Registered
REG1096,STU0112,DRV0014,2026-09-19,Registered
REG1097,STU0122,DRV0014,2026-09-24,Registered
REG1098,STU0133,DRV0014,2026-09-22,Registered
REG1099,STU0141,DRV0014,2026-09-15,Registered
REG1100,STU0143,DRV0014,2026-09-15,Registered
REG1101,STU0144,DRV0014,2026-09-20,Registered
REG1102,STU0147,DRV0014,2026-09-18,Registered
REG1103,STU0151,DRV0014,2026-09-24,Registered
REG1104,STU0156,DRV0014,2026-09-24,Registered
REG1105,STU0158,DRV0014,2026-09-22,Registered
REG1106,STU0165,DRV0014,2026-09-23,Registered
REG1107,STU0167,DRV0014,2026-09-15,Registered
REG1108,STU0171,DRV0014,2026-09-15,Registered
REG1109,STU0181,DRV0014,2026-09-20,Registered
REG1110,STU0182,DRV0014,2026-09-14,Registered
REG1111,STU0202,DRV0014,2026-09-14,Registered
REG1112,STU0210,DRV0014,2026-09-15,Registered
REG1113,STU0215,DRV0014,2026-09-15,Registered
REG1114,STU0227,DRV0014,2026-09-14,Registered
REG1115,STU0229,DRV0014,2026-09-16,Registered
REG1116,STU0245,DRV0014,2026-09-24,Registered
REG1117,STU0251,DRV0014,2026-09-15,Registered
REG1118,STU0257,DRV0014,2026-09-14,Registered
REG1119,STU0258,DRV0014,2026-09-16,Registered
REG1120,STU0262,DRV0014,2026-09-19,Registered
REG1121,STU0268,DRV0014,2026-09-15,Registered
REG1122,STU0270,DRV0014,2026-09-19,Registered
REG1123,STU0274,DRV0014,2026-09-20,Registered
REG1124,STU0275,DRV0014,2026-09-21,Registered
REG1125,STU0276,DRV0014,2026-09-20,Registered
REG1126,STU0285,DRV0014,2026-09-16,Registered
REG1127,STU0289,DRV0014,2026-09-14,Registered
REG1128,STU0296,DRV0014,2026-09-23,Registered
REG1129,STU0304,DRV0014,2026-09-23,Registered
REG1130,STU0306,DRV0014,2026-09-19,Registered
REG1131,STU0322,DRV0014,2026-09-15,Registered
REG1132,STU0323,DRV0014,2026-09-19,Registered
REG1133,STU0324,DRV0014,2026-09-24,Registered
REG1134,STU0333,DRV0014,2026-09-24,Registered
REG1135,STU0339,DRV0014,2026-09-17,Registered
REG1136,STU0348,DRV0014,2026-09-22,Registered
REG1137,STU0356,DRV0014,2026-09-16,Registered
REG1138,STU0374,DRV0014,2026-09-21,Registered
REG1139,STU0375,DRV0014,2026-09-19,Registered
REG1140,STU0379,DRV0014,2026-09-17,Registered
REG1141,STU0382,DRV0014,2026-09-17,Registered
REG1142,STU0386,DRV0014,2026-09-21,Registered
REG1143,STU0390,DRV0014,2026-09-21,Registered
REG1144,STU0392,DRV0014,2026-09-15,Registered
REG1145,STU0396,DRV0014,2026-09-20,Registered
REG1146,STU0397,DRV0014,2026-09-22,Registered
REG1147,STU0413,DRV0014,2026-09-14,Registered
REG1148,STU0417,DRV0014,2026-09-23,Registered
REG1149,STU0426,DRV0014,2026-09-21,Registered
REG1150,STU0429,DRV0014,2026-09-24,Registered
REG1151,STU0432,DRV0014,2026-09-19,Registered
REG1152,STU0436,DRV0014,2026-09-24,Registered
REG1153,STU0443,DRV0014,2026-09-22,Registered
REG1154,STU0446,DRV0014,2026-09-15,Registered
REG1155,STU0449,DRV0014,2026-09-16,Registered
REG1156,STU0454,DRV0014,2026-09-18,Registered
REG1157,STU0458,DRV0014,2026-09-20,Registered
REG1158,STU0459,DRV0014,2026-09-17,Registered
REG1159,STU0461,DRV0014,2026-09-20,Registered
REG1160,STU0463,DRV0014,2026-09-24,Registered
REG1161,STU0482,DRV0014,2026-09-21,Registered
REG1162,STU0485,DRV0014,2026-09-14,Registered
REG1163,STU0495,DRV0014,2026-09-23,Registered
REG1164,STU0507,DRV0014,2026-09-23,Registered
REG1165,STU0508,DRV0014,2026-09-16,Registered
REG1166,STU0512,DRV0014,2026-09-24,Registered
REG1167,STU0523,DRV0014,2026-09-23,Registered
REG1168,STU0529,DRV0014,2026-09-19,Registered
REG1169,STU0536,DRV0014,2026-09-20,Registered
REG1170,STU0553,DRV0014,2026-09-22,Registered
REG1171,STU0556,DRV0014,2026-09-23,Registered
REG1172,STU0563,DRV0014,2026-09-24,Registered
REG1173,STU0568,DRV0014,2026-09-22,Registered
REG1174,STU0577,DRV0014,2026-09-15,Registered
REG1175,STU0001,DRV0015,2026-09-04,Registered
REG1176,STU0005,DRV0015,2026-09-06,Registered
REG1177,STU0010,DRV0015,2026-09-04,Registered
REG1178,STU0011,DRV0015,2026-09-06,Registered
REG1179,STU0019,DRV0015,2026-09-04,Registered
REG1180,STU0021,DRV0015,2026-09-12,Registered
REG1181,STU0025,DRV0015,2026-09-11,Registered
REG1182,STU0028,DRV0015,2026-09-14,Registered
REG1183,STU0039,DRV0015,2026-09-08,Registered
REG1184,STU0042,DRV0015,2026-09-10,Registered
REG1185,STU0043,DRV0015,2026-09-14,Registered
REG1186,STU0044,DRV0015,2026-09-12,Registered
REG1187,STU0050,DRV0015,2026-09-08,Registered
REG1188,STU0052,DRV0015,2026-09-11,Registered
REG1189,STU0088,DRV0015,2026-09-06,Registered
REG1190,STU0092,DRV0015,2026-09-06,Registered
REG1191,STU0096,DRV0015,2026-09-04,Registered
REG1192,STU0098,DRV0015,2026-09-12,Registered
REG1193,STU0099,DRV0015,2026-09-06,Registered
REG1194,STU0101,DRV0015,2026-09-09,Registered
REG1195,STU0104,DRV0015,2026-09-09,Registered
REG1196,STU0122,DRV0015,2026-09-13,Registered
REG1197,STU0133,DRV0015,2026-09-09,Registered
REG1198,STU0149,DRV0015,2026-09-12,Registered
REG1199,STU0159,DRV0015,2026-09-07,Registered
REG1200,STU0167,DRV0015,2026-09-08,Registered
REG1201,STU0171,DRV0015,2026-09-13,Registered
REG1202,STU0182,DRV0015,2026-09-14,Registered
REG1203,STU0183,DRV0015,2026-09-07,Registered
REG1204,STU0200,DRV0015,2026-09-05,Registered
REG1205,STU0201,DRV0015,2026-09-12,Registered
REG1206,STU0205,DRV0015,2026-09-12,Registered
REG1207,STU0210,DRV0015,2026-09-12,Registered
REG1208,STU0211,DRV0015,2026-09-04,Registered
REG1209,STU0213,DRV0015,2026-09-14,Registered
REG1210,STU0218,DRV0015,2026-09-12,Registered
REG1211,STU0220,DRV0015,2026-09-05,Registered
REG1212,STU0224,DRV0015,2026-09-12,Registered
REG1213,STU0229,DRV0015,2026-09-14,Registered
REG1214,STU0236,DRV0015,2026-09-05,Registered
REG1215,STU0237,DRV0015,2026-09-10,Registered
REG1216,STU0250,DRV0015,2026-09-11,Registered
REG1217,STU0252,DRV0015,2026-09-05,Registered
REG1218,STU0257,DRV0015,2026-09-08,Registered
REG1219,STU0262,DRV0015,2026-09-08,Registered
REG1220,STU0264,DRV0015,2026-09-11,Registered
REG1221,STU0276,DRV0015,2026-09-04,Registered
REG1222,STU0278,DRV0015,2026-09-05,Registered
REG1223,STU0295,DRV0015,2026-09-12,Registered
REG1224,STU0296,DRV0015,2026-09-14,Registered
REG1225,STU0302,DRV0015,2026-09-05,Registered
REG1226,STU0303,DRV0015,2026-09-11,Registered
REG1227,STU0306,DRV0015,2026-09-14,Registered
REG1228,STU0307,DRV0015,2026-09-06,Registered
REG1229,STU0310,DRV0015,2026-09-10,Registered
REG1230,STU0320,DRV0015,2026-09-14,Registered
REG1231,STU0321,DRV0015,2026-09-14,Registered
REG1232,STU0328,DRV0015,2026-09-12,Registered
REG1233,STU0331,DRV0015,2026-09-04,Registered
REG1234,STU0332,DRV0015,2026-09-13,Registered
REG1235,STU0334,DRV0015,2026-09-12,Registered
REG1236,STU0336,DRV0015,2026-09-09,Registered
REG1237,STU0337,DRV0015,2026-09-14,Registered
REG1238,STU0339,DRV0015,2026-09-06,Registered
REG1239,STU0344,DRV0015,2026-09-08,Registered
REG1240,STU0348,DRV0015,2026-09-06,Registered
REG1241,STU0351,DRV0015,2026-09-12,Registered
REG1242,STU0357,DRV0015,2026-09-05,Registered
REG1243,STU0358,DRV0015,2026-09-07,Registered
REG1244,STU0369,DRV0015,2026-09-06,Registered
REG1245,STU0374,DRV0015,2026-09-08,Registered
REG1246,STU0383,DRV0015,2026-09-11,Registered
REG1247,STU0384,DRV0015,2026-09-14,Registered
REG1248,STU0386,DRV0015,2026-09-13,Registered
REG1249,STU0388,DRV0015,2026-09-13,Registered
REG1250,STU0389,DRV0015,2026-09-09,Registered
REG1251,STU0392,DRV0015,2026-09-09,Registered
REG1252,STU0394,DRV0015,2026-09-07,Registered
REG1253,STU0397,DRV0015,2026-09-09,Registered
REG1254,STU0400,DRV0015,2026-09-09,Registered
REG1255,STU0409,DRV0015,2026-09-08,Registered
REG1256,STU0411,DRV0015,2026-09-14,Registered
REG1257,STU0418,DRV0015,2026-09-12,Registered
REG1258,STU0424,DRV0015,2026-09-14,Registered
REG1259,STU0431,DRV0015,2026-09-05,Registered
REG1260,STU0452,DRV0015,2026-09-04,Registered
REG1261,STU0465,DRV0015,2026-09-07,Registered
REG1262,STU0475,DRV0015,2026-09-12,Registered
REG1263,STU0485,DRV0015,2026-09-12,Registered
REG1264,STU0494,DRV0015,2026-09-07,Registered
REG1265,STU0506,DRV0015,2026-09-12,Registered
REG1266,STU0508,DRV0015,2026-09-06,Registered
REG1267,STU0512,DRV0015,2026-09-13,Registered
REG1268,STU0528,DRV0015,2026-09-07,Registered
REG1269,STU0534,DRV0015,2026-09-08,Registered
REG1270,STU0538,DRV0015,2026-09-04,Registered
REG1271,STU0544,DRV0015,2026-09-11,Registered
REG1272,STU0549,DRV0015,2026-09-14,Registered
REG1273,STU0555,DRV0015,2026-09-12,Registered
REG1274,STU0557,DRV0015,2026-09-08,Registered
REG1275,STU0564,DRV0015,2026-09-10,Registered
REG1276,STU0568,DRV0015,2026-09-14,Registered
REG1277,STU0579,DRV0015,2026-09-08,Registered
REG1278,STU0582,DRV0015,2026-09-07,Registered
REG1279,STU0590,DRV0015,2026-09-09,Registered
REG1280,STU0001,DRV0016,2026-10-01,Registered
REG1281,STU0003,DRV0016,2026-10-07,Registered
REG1282,STU0011,DRV0016,2026-10-01,Registered
REG1283,STU0019,DRV0016,2026-10-08,Registered
REG1284,STU0021,DRV0016,2026-10-02,Registered
REG1285,STU0028,DRV0016,2026-10-04,Registered
REG1286,STU0039,DRV0016,2026-10-01,Registered
REG1287,STU0092,DRV0016,2026-10-02,Registered
REG1288,STU0094,DRV0016,2026-10-08,Registered
REG1289,STU0166,DRV0016,2026-10-07,Registered
REG1290,STU0167,DRV0016,2026-10-08,Registered
REG1291,STU0174,DRV0016,2026-10-01,Registered
REG1292,STU0177,DRV0016,2026-10-01,Registered
REG1293,STU0182,DRV0016,2026-10-08,Registered
REG1294,STU0261,DRV0016,2026-10-08,Registered
REG1295,STU0278,DRV0016,2026-10-05,Registered
REG1296,STU0303,DRV0016,2026-10-09,Registered
REG1297,STU0310,DRV0016,2026-10-09,Registered
REG1298,STU0321,DRV0016,2026-10-06,Registered
REG1299,STU0323,DRV0016,2026-10-05,Registered
REG1300,STU0327,DRV0016,2026-09-30,Registered
REG1301,STU0332,DRV0016,2026-10-07,Registered
REG1302,STU0357,DRV0016,2026-10-01,Registered
REG1303,STU0386,DRV0016,2026-10-08,Registered
REG1304,STU0410,DRV0016,2026-10-09,Registered
REG1305,STU0411,DRV0016,2026-10-08,Registered
REG1306,STU0418,DRV0016,2026-10-09,Registered
REG1307,STU0463,DRV0016,2026-09-29,Registered
REG1308,STU0472,DRV0016,2026-10-06,Registered
REG1309,STU0495,DRV0016,2026-10-08,Registered
REG1310,STU0534,DRV0016,2026-10-03,Registered
REG1311,STU0549,DRV0016,2026-09-30,Registered
REG1312,STU0557,DRV0016,2026-10-07,Registered
REG1313,STU0563,DRV0016,2026-10-02,Registered
REG1314,STU0582,DRV0016,2026-09-29,Registered
REG1315,STU0590,DRV0016,2026-09-29,Registered
REG1316,STU0002,DRV0017,2026-09-24,Registered
REG1317,STU0005,DRV0017,2026-09-25,Registered
REG1318,STU0010,DRV0017,2026-09-26,Registered
REG1319,STU0013,DRV0017,2026-09-27,Registered
REG1320,STU0015,DRV0017,2026-09-25,Registered
REG1321,STU0020,DRV0017,2026-09-24,Registered
REG1322,STU0021,DRV0017,2026-09-27,Registered
REG1323,STU0026,DRV0017,2026-09-27,Registered
REG1324,STU0033,DRV0017,2026-09-24,Registered
REG1325,STU0043,DRV0017,2026-09-28,Registered
REG1326,STU0047,DRV0017,2026-09-27,Registered
REG1327,STU0049,DRV0017,2026-09-25,Registered
REG1328,STU0057,DRV0017,2026-09-26,Registered
REG1329,STU0059,DRV0017,2026-09-23,Registered
REG1330,STU0066,DRV0017,2026-09-25,Registered
REG1331,STU0067,DRV0017,2026-09-23,Registered
REG1332,STU0073,DRV0017,2026-09-28,Registered
REG1333,STU0088,DRV0017,2026-09-24,Registered
REG1334,STU0096,DRV0017,2026-09-27,Registered
REG1335,STU0104,DRV0017,2026-09-28,Registered
REG1336,STU0106,DRV0017,2026-09-24,Registered
REG1337,STU0107,DRV0017,2026-09-25,Registered
REG1338,STU0111,DRV0017,2026-09-26,Registered
REG1339,STU0112,DRV0017,2026-09-24,Registered
REG1340,STU0122,DRV0017,2026-09-23,Registered
REG1341,STU0137,DRV0017,2026-09-25,Registered
REG1342,STU0141,DRV0017,2026-09-24,Registered
REG1343,STU0143,DRV0017,2026-09-23,Registered
REG1344,STU0144,DRV0017,2026-09-26,Registered
REG1345,STU0151,DRV0017,2026-09-23,Registered
REG1346,STU0176,DRV0017,2026-09-23,Registered
REG1347,STU0177,DRV0017,2026-09-26,Registered
REG1348,STU0182,DRV0017,2026-09-25,Registered
REG1349,STU0183,DRV0017,2026-09-25,Registered
REG1350,STU0187,DRV0017,2026-09-25,Registered
REG1351,STU0188,DRV0017,2026-09-23,Registered
REG1352,STU0189,DRV0017,2026-09-28,Registered
REG1353,STU0192,DRV0017,2026-09-24,Registered
REG1354,STU0195,DRV0017,2026-09-27,Registered
REG1355,STU0197,DRV0017,2026-09-28,Registered
REG1356,STU0202,DRV0017,2026-09-28,Registered
REG1357,STU0203,DRV0017,2026-09-25,Registered
REG1358,STU0205,DRV0017,2026-09-24,Registered
REG1359,STU0209,DRV0017,2026-09-23,Registered
REG1360,STU0210,DRV0017,2026-09-23,Registered
REG1361,STU0224,DRV0017,2026-09-26,Registered
REG1362,STU0226,DRV0017,2026-09-25,Registered
REG1363,STU0239,DRV0017,2026-09-24,Registered
REG1364,STU0242,DRV0017,2026-09-27,Registered
REG1365,STU0249,DRV0017,2026-09-28,Registered
REG1366,STU0257,DRV0017,2026-09-27,Registered
REG1367,STU0261,DRV0017,2026-09-24,Registered
REG1368,STU0262,DRV0017,2026-09-23,Registered
REG1369,STU0263,DRV0017,2026-09-27,Registered
REG1370,STU0268,DRV0017,2026-09-25,Registered
REG1371,STU0270,DRV0017,2026-09-26,Registered
REG1372,STU0275,DRV0017,2026-09-24,Registered
REG1373,STU0280,DRV0017,2026-09-28,Registered
REG1374,STU0285,DRV0017,2026-09-26,Registered
REG1375,STU0288,DRV0017,2026-09-24,Registered
REG1376,STU0306,DRV0017,2026-09-28,Registered
REG1377,STU0307,DRV0017,2026-09-23,Registered
REG1378,STU0308,DRV0017,2026-09-26,Registered
REG1379,STU0309,DRV0017,2026-09-28,Registered
REG1380,STU0316,DRV0017,2026-09-27,Registered
REG1381,STU0320,DRV0017,2026-09-23,Registered
REG1382,STU0322,DRV0017,2026-09-25,Registered
REG1383,STU0328,DRV0017,2026-09-25,Registered
REG1384,STU0331,DRV0017,2026-09-25,Registered
REG1385,STU0334,DRV0017,2026-09-23,Registered
REG1386,STU0335,DRV0017,2026-09-25,Registered
REG1387,STU0338,DRV0017,2026-09-27,Registered
REG1388,STU0346,DRV0017,2026-09-25,Registered
REG1389,STU0356,DRV0017,2026-09-25,Registered
REG1390,STU0372,DRV0017,2026-09-27,Registered
REG1391,STU0375,DRV0017,2026-09-24,Registered
REG1392,STU0378,DRV0017,2026-09-25,Registered
REG1393,STU0379,DRV0017,2026-09-25,Registered
REG1394,STU0386,DRV0017,2026-09-26,Registered
REG1395,STU0395,DRV0017,2026-09-23,Registered
REG1396,STU0396,DRV0017,2026-09-24,Registered
REG1397,STU0401,DRV0017,2026-09-24,Registered
REG1398,STU0403,DRV0017,2026-09-23,Registered
REG1399,STU0404,DRV0017,2026-09-26,Registered
REG1400,STU0406,DRV0017,2026-09-26,Registered
REG1401,STU0411,DRV0017,2026-09-27,Registered
REG1402,STU0412,DRV0017,2026-09-28,Registered
REG1403,STU0415,DRV0017,2026-09-24,Registered
REG1404,STU0416,DRV0017,2026-09-25,Registered
REG1405,STU0417,DRV0017,2026-09-24,Registered
REG1406,STU0418,DRV0017,2026-09-24,Registered
REG1407,STU0419,DRV0017,2026-09-28,Registered
REG1408,STU0421,DRV0017,2026-09-25,Registered
REG1409,STU0436,DRV0017,2026-09-28,Registered
REG1410,STU0447,DRV0017,2026-09-28,Registered
REG1411,STU0450,DRV0017,2026-09-25,Registered
REG1412,STU0452,DRV0017,2026-09-23,Registered
REG1413,STU0454,DRV0017,2026-09-25,Registered
REG1414,STU0456,DRV0017,2026-09-24,Registered
REG1415,STU0457,DRV0017,2026-09-23,Registered
REG1416,STU0460,DRV0017,2026-09-25,Registered
REG1417,STU0463,DRV0017,2026-09-26,Registered
REG1418,STU0466,DRV0017,2026-09-26,Registered
REG1419,STU0475,DRV0017,2026-09-27,Registered
REG1420,STU0478,DRV0017,2026-09-24,Registered
REG1421,STU0481,DRV0017,2026-09-28,Registered
REG1422,STU0487,DRV0017,2026-09-23,Registered
REG1423,STU0490,DRV0017,2026-09-24,Registered
REG1424,STU0506,DRV0017,2026-09-28,Registered
REG1425,STU0512,DRV0017,2026-09-23,Registered
REG1426,STU0516,DRV0017,2026-09-25,Registered
REG1427,STU0517,DRV0017,2026-09-26,Registered
REG1428,STU0522,DRV0017,2026-09-27,Registered
REG1429,STU0526,DRV0017,2026-09-24,Registered
REG1430,STU0528,DRV0017,2026-09-27,Registered
REG1431,STU0529,DRV0017,2026-09-23,Registered
REG1432,STU0530,DRV0017,2026-09-24,Registered
REG1433,STU0537,DRV0017,2026-09-24,Registered
REG1434,STU0538,DRV0017,2026-09-24,Registered
REG1435,STU0540,DRV0017,2026-09-25,Registered
REG1436,STU0543,DRV0017,2026-09-28,Registered
REG1437,STU0545,DRV0017,2026-09-24,Registered
REG1438,STU0547,DRV0017,2026-09-26,Registered
REG1439,STU0549,DRV0017,2026-09-26,Registered
REG1440,STU0551,DRV0017,2026-09-25,Registered
REG1441,STU0555,DRV0017,2026-09-28,Registered
REG1442,STU0556,DRV0017,2026-09-26,Registered
REG1443,STU0557,DRV0017,2026-09-23,Registered
REG1444,STU0559,DRV0017,2026-09-28,Registered
REG1445,STU0567,DRV0017,2026-09-25,Registered
REG1446,STU0568,DRV0017,2026-09-28,Registered
REG1447,STU0569,DRV0017,2026-09-27,Registered
REG1448,STU0572,DRV0017,2026-09-28,Registered
REG1449,STU0577,DRV0017,2026-09-25,Registered
REG1450,STU0580,DRV0017,2026-09-23,Registered
REG1451,STU0582,DRV0017,2026-09-26,Registered
REG1452,STU0583,DRV0017,2026-09-24,Registered
REG1453,STU0590,DRV0017,2026-09-24,Registered
REG1454,STU0591,DRV0017,2026-09-23,Registered
REG1455,STU0600,DRV0017,2026-09-23,Registered
REG1456,STU0001,DRV0018,2026-09-02,Registered
REG1457,STU0002,DRV0018,2026-08-31,Registered
REG1458,STU0009,DRV0018,2026-08-28,Registered
REG1459,STU0012,DRV0018,2026-08-29,Registered
REG1460,STU0013,DRV0018,2026-08-31,Registered
REG1461,STU0019,DRV0018,2026-08-29,Registered
REG1462,STU0020,DRV0018,2026-09-01,Registered
REG1463,STU0021,DRV0018,2026-08-28,Registered
REG1464,STU0022,DRV0018,2026-08-26,Registered
REG1465,STU0026,DRV0018,2026-08-30,Registered
REG1466,STU0031,DRV0018,2026-09-02,Registered
REG1467,STU0032,DRV0018,2026-08-28,Registered
REG1468,STU0033,DRV0018,2026-08-28,Registered
REG1469,STU0035,DRV0018,2026-08-30,Registered
REG1470,STU0047,DRV0018,2026-08-29,Registered
REG1471,STU0049,DRV0018,2026-08-27,Registered
REG1472,STU0053,DRV0018,2026-09-02,Registered
REG1473,STU0057,DRV0018,2026-08-30,Registered
REG1474,STU0058,DRV0018,2026-08-31,Registered
REG1475,STU0059,DRV0018,2026-08-27,Registered
REG1476,STU0060,DRV0018,2026-08-28,Registered
REG1477,STU0061,DRV0018,2026-08-26,Registered
REG1478,STU0065,DRV0018,2026-09-02,Registered
REG1479,STU0067,DRV0018,2026-08-26,Registered
REG1480,STU0076,DRV0018,2026-08-31,Registered
REG1481,STU0079,DRV0018,2026-08-27,Registered
REG1482,STU0082,DRV0018,2026-08-29,Registered
REG1483,STU0088,DRV0018,2026-09-01,Registered
REG1484,STU0092,DRV0018,2026-08-30,Registered
REG1485,STU0097,DRV0018,2026-08-29,Registered
REG1486,STU0099,DRV0018,2026-08-29,Registered
REG1487,STU0101,DRV0018,2026-08-29,Registered
REG1488,STU0118,DRV0018,2026-08-27,Registered
REG1489,STU0121,DRV0018,2026-08-28,Registered
REG1490,STU0145,DRV0018,2026-09-01,Registered
REG1491,STU0148,DRV0018,2026-08-29,Registered
REG1492,STU0155,DRV0018,2026-08-30,Registered
REG1493,STU0156,DRV0018,2026-09-02,Registered
REG1494,STU0157,DRV0018,2026-09-01,Registered
REG1495,STU0159,DRV0018,2026-08-26,Registered
REG1496,STU0168,DRV0018,2026-08-30,Registered
REG1497,STU0171,DRV0018,2026-08-31,Registered
REG1498,STU0173,DRV0018,2026-08-30,Registered
REG1499,STU0181,DRV0018,2026-09-02,Registered
REG1500,STU0182,DRV0018,2026-08-28,Registered
REG1501,STU0183,DRV0018,2026-08-29,Registered
REG1502,STU0186,DRV0018,2026-08-30,Registered
REG1503,STU0187,DRV0018,2026-09-01,Registered
REG1504,STU0189,DRV0018,2026-08-27,Registered
REG1505,STU0195,DRV0018,2026-08-27,Registered
REG1506,STU0199,DRV0018,2026-09-01,Registered
REG1507,STU0200,DRV0018,2026-08-26,Registered
REG1508,STU0202,DRV0018,2026-09-01,Registered
REG1509,STU0203,DRV0018,2026-08-27,Registered
REG1510,STU0206,DRV0018,2026-08-26,Registered
REG1511,STU0212,DRV0018,2026-08-26,Registered
REG1512,STU0213,DRV0018,2026-08-28,Registered
REG1513,STU0218,DRV0018,2026-08-29,Registered
REG1514,STU0219,DRV0018,2026-09-01,Registered
REG1515,STU0227,DRV0018,2026-09-01,Registered
REG1516,STU0228,DRV0018,2026-09-01,Registered
REG1517,STU0229,DRV0018,2026-08-31,Registered
REG1518,STU0230,DRV0018,2026-08-26,Registered
REG1519,STU0233,DRV0018,2026-09-01,Registered
REG1520,STU0237,DRV0018,2026-08-28,Registered
REG1521,STU0242,DRV0018,2026-09-01,Registered
REG1522,STU0247,DRV0018,2026-08-29,Registered
REG1523,STU0248,DRV0018,2026-08-30,Registered
REG1524,STU0250,DRV0018,2026-08-27,Registered
REG1525,STU0251,DRV0018,2026-09-01,Registered
REG1526,STU0252,DRV0018,2026-08-31,Registered
REG1527,STU0256,DRV0018,2026-08-31,Registered
REG1528,STU0258,DRV0018,2026-08-30,Registered
REG1529,STU0259,DRV0018,2026-08-31,Registered
REG1530,STU0263,DRV0018,2026-08-28,Registered
REG1531,STU0264,DRV0018,2026-08-29,Registered
REG1532,STU0269,DRV0018,2026-08-31,Registered
REG1533,STU0270,DRV0018,2026-08-27,Registered
REG1534,STU0273,DRV0018,2026-08-26,Registered
REG1535,STU0274,DRV0018,2026-08-28,Registered
REG1536,STU0280,DRV0018,2026-08-27,Registered
REG1537,STU0283,DRV0018,2026-09-02,Registered
REG1538,STU0285,DRV0018,2026-08-29,Registered
REG1539,STU0288,DRV0018,2026-08-30,Registered
REG1540,STU0295,DRV0018,2026-08-26,Registered
REG1541,STU0296,DRV0018,2026-08-26,Registered
REG1542,STU0298,DRV0018,2026-08-30,Registered
REG1543,STU0302,DRV0018,2026-08-26,Registered
REG1544,STU0303,DRV0018,2026-08-30,Registered
REG1545,STU0309,DRV0018,2026-08-27,Registered
REG1546,STU0310,DRV0018,2026-09-01,Registered
REG1547,STU0311,DRV0018,2026-09-01,Registered
REG1548,STU0317,DRV0018,2026-08-29,Registered
REG1549,STU0321,DRV0018,2026-08-29,Registered
REG1550,STU0323,DRV0018,2026-09-02,Registered
REG1551,STU0324,DRV0018,2026-08-28,Registered
REG1552,STU0325,DRV0018,2026-08-31,Registered
REG1553,STU0326,DRV0018,2026-08-30,Registered
REG1554,STU0327,DRV0018,2026-08-30,Registered
REG1555,STU0336,DRV0018,2026-08-30,Registered
REG1556,STU0337,DRV0018,2026-08-31,Registered
REG1557,STU0340,DRV0018,2026-09-01,Registered
REG1558,STU0348,DRV0018,2026-08-28,Registered
REG1559,STU0349,DRV0018,2026-08-30,Registered
REG1560,STU0351,DRV0018,2026-08-28,Registered
REG1561,STU0352,DRV0018,2026-08-28,Registered
REG1562,STU0356,DRV0018,2026-08-28,Registered
REG1563,STU0357,DRV0018,2026-08-28,Registered
REG1564,STU0358,DRV0018,2026-08-28,Registered
REG1565,STU0366,DRV0018,2026-08-27,Registered
REG1566,STU0372,DRV0018,2026-08-31,Registered
REG1567,STU0374,DRV0018,2026-08-26,Registered
REG1568,STU0381,DRV0018,2026-09-01,Registered
REG1569,STU0382,DRV0018,2026-08-30,Registered
REG1570,STU0383,DRV0018,2026-08-29,Registered
REG1571,STU0384,DRV0018,2026-08-28,Registered
REG1572,STU0386,DRV0018,2026-08-30,Registered
REG1573,STU0391,DRV0018,2026-08-26,Registered
REG1574,STU0392,DRV0018,2026-09-02,Registered
REG1575,STU0393,DRV0018,2026-09-02,Registered
REG1576,STU0395,DRV0018,2026-09-01,Registered
REG1577,STU0397,DRV0018,2026-08-29,Registered
REG1578,STU0399,DRV0018,2026-09-01,Registered
REG1579,STU0401,DRV0018,2026-08-30,Registered
REG1580,STU0404,DRV0018,2026-08-29,Registered
REG1581,STU0408,DRV0018,2026-09-02,Registered
REG1582,STU0411,DRV0018,2026-09-02,Registered
REG1583,STU0413,DRV0018,2026-08-26,Registered
REG1584,STU0419,DRV0018,2026-08-26,Registered
REG1585,STU0432,DRV0018,2026-08-29,Registered
REG1586,STU0436,DRV0018,2026-08-26,Registered
REG1587,STU0441,DRV0018,2026-08-30,Registered
REG1588,STU0443,DRV0018,2026-08-30,Registered
REG1589,STU0447,DRV0018,2026-08-28,Registered
REG1590,STU0449,DRV0018,2026-08-26,Registered
REG1591,STU0458,DRV0018,2026-08-27,Registered
REG1592,STU0459,DRV0018,2026-08-28,Registered
REG1593,STU0461,DRV0018,2026-08-31,Registered
REG1594,STU0463,DRV0018,2026-08-29,Registered
REG1595,STU0465,DRV0018,2026-08-31,Registered
REG1596,STU0471,DRV0018,2026-08-27,Registered
REG1597,STU0475,DRV0018,2026-09-01,Registered
REG1598,STU0488,DRV0018,2026-09-01,Registered
REG1599,STU0490,DRV0018,2026-08-28,Registered
REG1600,STU0497,DRV0018,2026-08-28,Registered
REG1601,STU0499,DRV0018,2026-08-26,Registered
REG1602,STU0503,DRV0018,2026-08-30,Registered
REG1603,STU0506,DRV0018,2026-08-28,Registered
REG1604,STU0507,DRV0018,2026-08-28,Registered
REG1605,STU0512,DRV0018,2026-08-30,Registered
REG1606,STU0516,DRV0018,2026-09-02,Registered
REG1607,STU0520,DRV0018,2026-09-02,Registered
REG1608,STU0521,DRV0018,2026-09-02,Registered
REG1609,STU0523,DRV0018,2026-08-26,Registered
REG1610,STU0525,DRV0018,2026-08-30,Registered
REG1611,STU0534,DRV0018,2026-08-28,Registered
REG1612,STU0536,DRV0018,2026-08-31,Registered
REG1613,STU0537,DRV0018,2026-08-26,Registered
REG1614,STU0540,DRV0018,2026-08-27,Registered
REG1615,STU0542,DRV0018,2026-09-01,Registered
REG1616,STU0544,DRV0018,2026-08-30,Registered
REG1617,STU0552,DRV0018,2026-09-02,Registered
REG1618,STU0555,DRV0018,2026-08-26,Registered
REG1619,STU0556,DRV0018,2026-08-30,Registered
REG1620,STU0557,DRV0018,2026-09-01,Registered
REG1621,STU0564,DRV0018,2026-09-02,Registered
REG1622,STU0565,DRV0018,2026-08-30,Registered
REG1623,STU0566,DRV0018,2026-09-01,Registered
REG1624,STU0572,DRV0018,2026-08-27,Registered
REG1625,STU0580,DRV0018,2026-08-31,Registered
REG1626,STU0582,DRV0018,2026-08-31,Registered
REG1627,STU0598,DRV0018,2026-08-30,Registered
REG1628,STU0600,DRV0018,2026-08-26,Registered
REG1629,STU0008,DRV0019,2026-10-05,Registered
REG1630,STU0011,DRV0019,2026-10-01,Registered
REG1631,STU0013,DRV0019,2026-10-06,Registered
REG1632,STU0016,DRV0019,2026-10-06,Registered
REG1633,STU0019,DRV0019,2026-09-30,Registered
REG1634,STU0020,DRV0019,2026-09-27,Registered
REG1635,STU0021,DRV0019,2026-10-04,Registered
REG1636,STU0031,DRV0019,2026-10-01,Registered
REG1637,STU0032,DRV0019,2026-10-05,Registered
REG1638,STU0037,DRV0019,2026-09-28,Registered
REG1639,STU0038,DRV0019,2026-10-01,Registered
REG1640,STU0044,DRV0019,2026-09-28,Registered
REG1641,STU0060,DRV0019,2026-10-02,Registered
REG1642,STU0062,DRV0019,2026-10-04,Registered
REG1643,STU0065,DRV0019,2026-10-06,Registered
REG1644,STU0067,DRV0019,2026-10-04,Registered
REG1645,STU0074,DRV0019,2026-10-05,Registered
REG1646,STU0090,DRV0019,2026-09-28,Registered
REG1647,STU0092,DRV0019,2026-09-26,Registered
REG1648,STU0094,DRV0019,2026-10-02,Registered
REG1649,STU0100,DRV0019,2026-10-05,Registered
REG1650,STU0101,DRV0019,2026-09-30,Registered
REG1651,STU0103,DRV0019,2026-09-26,Registered
REG1652,STU0107,DRV0019,2026-09-27,Registered
REG1653,STU0114,DRV0019,2026-10-03,Registered
REG1654,STU0120,DRV0019,2026-10-04,Registered
REG1655,STU0121,DRV0019,2026-09-27,Registered
REG1656,STU0122,DRV0019,2026-09-26,Registered
REG1657,STU0133,DRV0019,2026-09-26,Registered
REG1658,STU0143,DRV0019,2026-10-01,Registered
REG1659,STU0156,DRV0019,2026-09-27,Registered
REG1660,STU0167,DRV0019,2026-09-26,Registered
REG1661,STU0178,DRV0019,2026-09-26,Registered
REG1662,STU0186,DRV0019,2026-10-03,Registered
REG1663,STU0189,DRV0019,2026-10-06,Registered
REG1664,STU0195,DRV0019,2026-09-30,Registered
REG1665,STU0199,DRV0019,2026-09-29,Registered
REG1666,STU0200,DRV0019,2026-09-30,Registered
REG1667,STU0206,DRV0019,2026-09-28,Registered
REG1668,STU0210,DRV0019,2026-09-26,Registered
REG1669,STU0214,DRV0019,2026-10-04,Registered
REG1670,STU0218,DRV0019,2026-10-01,Registered
REG1671,STU0220,DRV0019,2026-09-30,Registered
REG1672,STU0224,DRV0019,2026-09-30,Registered
REG1673,STU0226,DRV0019,2026-10-03,Registered
REG1674,STU0227,DRV0019,2026-09-26,Registered
REG1675,STU0233,DRV0019,2026-09-26,Registered
REG1676,STU0235,DRV0019,2026-10-02,Registered
REG1677,STU0237,DRV0019,2026-10-05,Registered
REG1678,STU0251,DRV0019,2026-10-01,Registered
REG1679,STU0257,DRV0019,2026-09-29,Registered
REG1680,STU0276,DRV0019,2026-10-03,Registered
REG1681,STU0278,DRV0019,2026-09-30,Registered
REG1682,STU0283,DRV0019,2026-09-29,Registered
REG1683,STU0285,DRV0019,2026-10-05,Registered
REG1684,STU0286,DRV0019,2026-10-01,Registered
REG1685,STU0290,DRV0019,2026-10-06,Registered
REG1686,STU0292,DRV0019,2026-10-01,Registered
REG1687,STU0296,DRV0019,2026-10-03,Registered
REG1688,STU0299,DRV0019,2026-10-03,Registered
REG1689,STU0303,DRV0019,2026-10-01,Registered
REG1690,STU0307,DRV0019,2026-09-27,Registered
REG1691,STU0309,DRV0019,2026-09-27,Registered
REG1692,STU0310,DRV0019,2026-10-06,Registered
REG1693,STU0313,DRV0019,2026-09-30,Registered
REG1694,STU0320,DRV0019,2026-10-02,Registered
REG1695,STU0321,DRV0019,2026-09-29,Registered
REG1696,STU0324,DRV0019,2026-10-01,Registered
REG1697,STU0325,DRV0019,2026-10-05,Registered
REG1698,STU0327,DRV0019,2026-10-02,Registered
REG1699,STU0331,DRV0019,2026-09-29,Registered
REG1700,STU0332,DRV0019,2026-10-06,Registered
REG1701,STU0334,DRV0019,2026-10-05,Registered
REG1702,STU0336,DRV0019,2026-10-05,Registered
REG1703,STU0344,DRV0019,2026-10-02,Registered
REG1704,STU0347,DRV0019,2026-09-27,Registered
REG1705,STU0351,DRV0019,2026-10-06,Registered
REG1706,STU0354,DRV0019,2026-09-28,Registered
REG1707,STU0362,DRV0019,2026-09-28,Registered
REG1708,STU0368,DRV0019,2026-10-05,Registered
REG1709,STU0371,DRV0019,2026-10-06,Registered
REG1710,STU0375,DRV0019,2026-10-06,Registered
REG1711,STU0381,DRV0019,2026-10-02,Registered
REG1712,STU0395,DRV0019,2026-10-04,Registered
REG1713,STU0397,DRV0019,2026-10-04,Registered
REG1714,STU0403,DRV0019,2026-09-30,Registered
REG1715,STU0409,DRV0019,2026-10-05,Registered
REG1716,STU0410,DRV0019,2026-10-01,Registered
REG1717,STU0413,DRV0019,2026-10-02,Registered
REG1718,STU0422,DRV0019,2026-10-02,Registered
REG1719,STU0425,DRV0019,2026-10-02,Registered
REG1720,STU0431,DRV0019,2026-10-06,Registered
REG1721,STU0432,DRV0019,2026-09-26,Registered
REG1722,STU0436,DRV0019,2026-09-26,Registered
REG1723,STU0438,DRV0019,2026-10-03,Registered
REG1724,STU0450,DRV0019,2026-09-28,Registered
REG1725,STU0458,DRV0019,2026-10-03,Registered
REG1726,STU0469,DRV0019,2026-10-03,Registered
REG1727,STU0470,DRV0019,2026-09-29,Registered
REG1728,STU0472,DRV0019,2026-10-05,Registered
REG1729,STU0475,DRV0019,2026-10-03,Registered
REG1730,STU0480,DRV0019,2026-10-04,Registered
REG1731,STU0481,DRV0019,2026-10-04,Registered
REG1732,STU0493,DRV0019,2026-09-26,Registered
REG1733,STU0496,DRV0019,2026-10-03,Registered
REG1734,STU0500,DRV0019,2026-10-04,Registered
REG1735,STU0521,DRV0019,2026-10-05,Registered
REG1736,STU0525,DRV0019,2026-10-03,Registered
REG1737,STU0544,DRV0019,2026-10-03,Registered
REG1738,STU0550,DRV0019,2026-09-30,Registered
REG1739,STU0555,DRV0019,2026-09-26,Registered
REG1740,STU0562,DRV0019,2026-10-05,Registered
REG1741,STU0563,DRV0019,2026-10-06,Registered
REG1742,STU0568,DRV0019,2026-09-26,Registered
REG1743,STU0572,DRV0019,2026-10-05,Registered
REG1744,STU0574,DRV0019,2026-10-03,Registered
REG1745,STU0579,DRV0019,2026-10-04,Registered
REG1746,STU0581,DRV0019,2026-09-30,Registered
REG1747,STU0582,DRV0019,2026-10-05,Registered
REG1748,STU0583,DRV0019,2026-09-30,Registered
REG1749,STU0590,DRV0019,2026-09-27,Registered
REG1750,STU0600,DRV0019,2026-09-28,Registered
REG1751,STU0001,DRV0020,2026-09-29,Registered
REG1752,STU0019,DRV0020,2026-09-27,Registered
REG1753,STU0033,DRV0020,2026-10-02,Registered
REG1754,STU0038,DRV0020,2026-10-03,Registered
REG1755,STU0041,DRV0020,2026-10-05,Registered
REG1756,STU0050,DRV0020,2026-10-06,Registered
REG1757,STU0056,DRV0020,2026-09-27,Registered
REG1758,STU0057,DRV0020,2026-10-03,Registered
REG1759,STU0060,DRV0020,2026-09-30,Registered
REG1760,STU0083,DRV0020,2026-10-06,Registered
REG1761,STU0099,DRV0020,2026-10-02,Registered
REG1762,STU0100,DRV0020,2026-10-03,Registered
REG1763,STU0101,DRV0020,2026-10-01,Registered
REG1764,STU0112,DRV0020,2026-10-04,Registered
REG1765,STU0136,DRV0020,2026-10-06,Registered
REG1766,STU0147,DRV0020,2026-09-30,Registered
REG1767,STU0166,DRV0020,2026-10-05,Registered
REG1768,STU0167,DRV0020,2026-10-06,Registered
REG1769,STU0178,DRV0020,2026-10-01,Registered
REG1770,STU0186,DRV0020,2026-09-26,Registered
REG1771,STU0200,DRV0020,2026-09-27,Registered
REG1772,STU0224,DRV0020,2026-09-30,Registered
REG1773,STU0226,DRV0020,2026-09-26,Registered
REG1774,STU0229,DRV0020,2026-09-27,Registered
REG1775,STU0230,DRV0020,2026-10-05,Registered
REG1776,STU0276,DRV0020,2026-10-05,Registered
REG1777,STU0278,DRV0020,2026-10-06,Registered
REG1778,STU0286,DRV0020,2026-09-27,Registered
REG1779,STU0302,DRV0020,2026-10-03,Registered
REG1780,STU0306,DRV0020,2026-10-03,Registered
REG1781,STU0310,DRV0020,2026-10-02,Registered
REG1782,STU0322,DRV0020,2026-09-27,Registered
REG1783,STU0323,DRV0020,2026-09-26,Registered
REG1784,STU0324,DRV0020,2026-10-01,Registered
REG1785,STU0328,DRV0020,2026-09-30,Registered
REG1786,STU0331,DRV0020,2026-09-27,Registered
REG1787,STU0337,DRV0020,2026-10-03,Registered
REG1788,STU0338,DRV0020,2026-10-04,Registered
REG1789,STU0344,DRV0020,2026-10-06,Registered
REG1790,STU0349,DRV0020,2026-10-03,Registered
REG1791,STU0357,DRV0020,2026-09-27,Registered
REG1792,STU0358,DRV0020,2026-09-30,Registered
REG1793,STU0371,DRV0020,2026-10-03,Registered
REG1794,STU0374,DRV0020,2026-10-06,Registered
REG1795,STU0381,DRV0020,2026-09-26,Registered
REG1796,STU0386,DRV0020,2026-10-01,Registered
REG1797,STU0397,DRV0020,2026-09-27,Registered
REG1798,STU0405,DRV0020,2026-10-03,Registered
REG1799,STU0409,DRV0020,2026-10-04,Registered
REG1800,STU0411,DRV0020,2026-10-06,Registered
REG1801,STU0413,DRV0020,2026-09-26,Registered
REG1802,STU0418,DRV0020,2026-10-04,Registered
REG1803,STU0432,DRV0020,2026-10-03,Registered
REG1804,STU0438,DRV0020,2026-09-29,Registered
REG1805,STU0450,DRV0020,2026-09-26,Registered
REG1806,STU0462,DRV0020,2026-10-02,Registered
REG1807,STU0469,DRV0020,2026-09-27,Registered
REG1808,STU0472,DRV0020,2026-09-29,Registered
REG1809,STU0475,DRV0020,2026-09-29,Registered
REG1810,STU0494,DRV0020,2026-10-05,Registered
REG1811,STU0495,DRV0020,2026-10-02,Registered
REG1812,STU0497,DRV0020,2026-10-04,Registered
REG1813,STU0526,DRV0020,2026-10-01,Registered
REG1814,STU0528,DRV0020,2026-09-26,Registered
REG1815,STU0534,DRV0020,2026-09-29,Registered
REG1816,STU0556,DRV0020,2026-10-05,Registered
REG1817,STU0557,DRV0020,2026-09-27,Registered
REG1818,STU0563,DRV0020,2026-09-28,Registered
REG1819,STU0582,DRV0020,2026-10-05,Registered
REG1820,STU0583,DRV0020,2026-10-06,Registered
REG1821,STU0590,DRV0020,2026-09-28,Registered
REG1822,STU0600,DRV0020,2026-10-05,Registered
REG1823,STU0003,DRV0021,2026-09-26,Registered
REG1824,STU0010,DRV0021,2026-09-18,Registered
REG1825,STU0011,DRV0021,2026-09-26,Registered
REG1826,STU0020,DRV0021,2026-09-20,Registered
REG1827,STU0021,DRV0021,2026-09-23,Registered
REG1828,STU0031,DRV0021,2026-09-26,Registered
REG1829,STU0038,DRV0021,2026-09-20,Registered
REG1830,STU0076,DRV0021,2026-09-18,Registered
REG1831,STU0083,DRV0021,2026-09-23,Registered
REG1832,STU0092,DRV0021,2026-09-22,Registered
REG1833,STU0102,DRV0021,2026-09-26,Registered
REG1834,STU0136,DRV0021,2026-09-18,Registered
REG1835,STU0171,DRV0021,2026-09-19,Registered
REG1836,STU0174,DRV0021,2026-09-24,Registered
REG1837,STU0177,DRV0021,2026-09-17,Registered
REG1838,STU0178,DRV0021,2026-09-18,Registered
REG1839,STU0195,DRV0021,2026-09-24,Registered
REG1840,STU0224,DRV0021,2026-09-21,Registered
REG1841,STU0229,DRV0021,2026-09-19,Registered
REG1842,STU0264,DRV0021,2026-09-19,Registered
REG1843,STU0280,DRV0021,2026-09-21,Registered
REG1844,STU0286,DRV0021,2026-09-17,Registered
REG1845,STU0303,DRV0021,2026-09-25,Registered
REG1846,STU0328,DRV0021,2026-09-17,Registered
REG1847,STU0332,DRV0021,2026-09-19,Registered
REG1848,STU0357,DRV0021,2026-09-17,Registered
REG1849,STU0374,DRV0021,2026-09-22,Registered
REG1850,STU0381,DRV0021,2026-09-23,Registered
REG1851,STU0391,DRV0021,2026-09-26,Registered
REG1852,STU0396,DRV0021,2026-09-17,Registered
REG1853,STU0410,DRV0021,2026-09-17,Registered
REG1854,STU0413,DRV0021,2026-09-20,Registered
REG1855,STU0438,DRV0021,2026-09-20,Registered
REG1856,STU0470,DRV0021,2026-09-18,Registered
REG1857,STU0472,DRV0021,2026-09-18,Registered
REG1858,STU0494,DRV0021,2026-09-23,Registered
REG1859,STU0508,DRV0021,2026-09-20,Registered
REG1860,STU0512,DRV0021,2026-09-26,Registered
REG1861,STU0525,DRV0021,2026-09-26,Registered
REG1862,STU0540,DRV0021,2026-09-19,Registered
REG1863,STU0549,DRV0021,2026-09-22,Registered
REG1864,STU0582,DRV0021,2026-09-19,Registered
REG1865,STU0583,DRV0021,2026-09-26,Registered
REG1866,STU0590,DRV0021,2026-09-19,Registered
REG1867,STU0596,DRV0021,2026-09-24,Registered
REG1868,STU0001,DRV0022,2026-10-02,Registered
REG1869,STU0003,DRV0022,2026-10-01,Registered
REG1870,STU0021,DRV0022,2026-10-05,Registered
REG1871,STU0031,DRV0022,2026-10-05,Registered
REG1872,STU0041,DRV0022,2026-10-03,Registered
REG1873,STU0057,DRV0022,2026-10-02,Registered
REG1874,STU0060,DRV0022,2026-09-30,Registered
REG1875,STU0083,DRV0022,2026-10-06,Registered
REG1876,STU0094,DRV0022,2026-09-27,Registered
REG1877,STU0099,DRV0022,2026-10-04,Registered
REG1878,STU0107,DRV0022,2026-10-03,Registered
REG1879,STU0167,DRV0022,2026-10-05,Registered
REG1880,STU0177,DRV0022,2026-09-30,Registered
REG1881,STU0178,DRV0022,2026-10-01,Registered
REG1882,STU0181,DRV0022,2026-09-28,Registered
REG1883,STU0182,DRV0022,2026-10-01,Registered
REG1884,STU0186,DRV0022,2026-10-04,Registered
REG1885,STU0200,DRV0022,2026-10-04,Registered
REG1886,STU0213,DRV0022,2026-10-03,Registered
REG1887,STU0224,DRV0022,2026-10-02,Registered
REG1888,STU0229,DRV0022,2026-09-28,Registered
REG1889,STU0230,DRV0022,2026-10-02,Registered
REG1890,STU0250,DRV0022,2026-10-01,Registered
REG1891,STU0264,DRV0022,2026-09-28,Registered
REG1892,STU0278,DRV0022,2026-09-27,Registered
REG1893,STU0296,DRV0022,2026-09-27,Registered
REG1894,STU0302,DRV0022,2026-10-02,Registered
REG1895,STU0306,DRV0022,2026-10-02,Registered
REG1896,STU0307,DRV0022,2026-10-05,Registered
REG1897,STU0321,DRV0022,2026-10-02,Registered
REG1898,STU0322,DRV0022,2026-09-28,Registered
REG1899,STU0334,DRV0022,2026-10-01,Registered
REG1900,STU0337,DRV0022,2026-09-27,Registered
REG1901,STU0338,DRV0022,2026-10-02,Registered
REG1902,STU0381,DRV0022,2026-09-28,Registered
REG1903,STU0386,DRV0022,2026-10-04,Registered
REG1904,STU0391,DRV0022,2026-10-03,Registered
REG1905,STU0394,DRV0022,2026-09-28,Registered
REG1906,STU0396,DRV0022,2026-10-01,Registered
REG1907,STU0403,DRV0022,2026-09-29,Registered
REG1908,STU0413,DRV0022,2026-10-05,Registered
REG1909,STU0431,DRV0022,2026-09-27,Registered
REG1910,STU0436,DRV0022,2026-09-28,Registered
REG1911,STU0438,DRV0022,2026-09-30,Registered
REG1912,STU0458,DRV0022,2026-10-06,Registered
REG1913,STU0463,DRV0022,2026-10-02,Registered
REG1914,STU0512,DRV0022,2026-10-01,Registered
REG1915,STU0517,DRV0022,2026-10-02,Registered
REG1916,STU0528,DRV0022,2026-10-02,Registered
REG1917,STU0529,DRV0022,2026-09-29,Registered
REG1918,STU0539,DRV0022,2026-10-05,Registered
REG1919,STU0540,DRV0022,2026-09-29,Registered
REG1920,STU0556,DRV0022,2026-09-30,Registered
REG1921,STU0557,DRV0022,2026-10-02,Registered
REG1922,STU0582,DRV0022,2026-10-02,Registered
REG1923,STU0583,DRV0022,2026-10-05,Registered
REG1924,STU0001,DRV0023,2026-09-09,Registered
REG1925,STU0010,DRV0023,2026-09-06,Registered
REG1926,STU0011,DRV0023,2026-09-02,Registered
REG1927,STU0019,DRV0023,2026-09-09,Registered
REG1928,STU0028,DRV0023,2026-09-10,Registered
REG1929,STU0033,DRV0023,2026-09-06,Registered
REG1930,STU0038,DRV0023,2026-09-04,Registered
REG1931,STU0050,DRV0023,2026-09-03,Registered
REG1932,STU0059,DRV0023,2026-09-10,Registered
REG1933,STU0067,DRV0023,2026-09-02,Registered
REG1934,STU0074,DRV0023,2026-09-05,Registered
REG1935,STU0075,DRV0023,2026-09-03,Registered
REG1936,STU0083,DRV0023,2026-09-05,Registered
REG1937,STU0094,DRV0023,2026-09-06,Registered
REG1938,STU0098,DRV0023,2026-09-03,Registered
REG1939,STU0100,DRV0023,2026-09-03,Registered
REG1940,STU0102,DRV0023,2026-09-09,Registered
REG1941,STU0103,DRV0023,2026-09-10,Registered
REG1942,STU0112,DRV0023,2026-09-04,Registered
REG1943,STU0122,DRV0023,2026-09-08,Registered
REG1944,STU0123,DRV0023,2026-09-06,Registered
REG1945,STU0124,DRV0023,2026-09-06,Registered
REG1946,STU0145,DRV0023,2026-09-09,Registered
REG1947,STU0165,DRV0023,2026-09-09,Registered
REG1948,STU0166,DRV0023,2026-09-08,Registered
REG1949,STU0173,DRV0023,2026-09-03,Registered
REG1950,STU0174,DRV0023,2026-09-06,Registered
REG1951,STU0183,DRV0023,2026-09-08,Registered
REG1952,STU0186,DRV0023,2026-09-08,Registered
REG1953,STU0189,DRV0023,2026-09-04,Registered
REG1954,STU0205,DRV0023,2026-09-04,Registered
REG1955,STU0213,DRV0023,2026-09-09,Registered
REG1956,STU0226,DRV0023,2026-09-06,Registered
REG1957,STU0228,DRV0023,2026-09-10,Registered
REG1958,STU0232,DRV0023,2026-09-02,Registered
REG1959,STU0233,DRV0023,2026-09-06,Registered
REG1960,STU0264,DRV0023,2026-09-09,Registered
REG1961,STU0278,DRV0023,2026-09-06,Registered
REG1962,STU0286,DRV0023,2026-09-09,Registered
REG1963,STU0303,DRV0023,2026-09-10,Registered
REG1964,STU0307,DRV0023,2026-09-06,Registered
REG1965,STU0310,DRV0023,2026-09-02,Registered
REG1966,STU0312,DRV0023,2026-09-09,Registered
REG1967,STU0320,DRV0023,2026-09-04,Registered
REG1968,STU0321,DRV0023,2026-09-07,Registered
REG1969,STU0322,DRV0023,2026-09-07,Registered
REG1970,STU0323,DRV0023,2026-09-06,Registered
REG1971,STU0335,DRV0023,2026-09-03,Registered
REG1972,STU0344,DRV0023,2026-09-07,Registered
REG1973,STU0355,DRV0023,2026-09-07,Registered
REG1974,STU0357,DRV0023,2026-09-07,Registered
REG1975,STU0360,DRV0023,2026-09-10,Registered
REG1976,STU0366,DRV0023,2026-09-09,Registered
REG1977,STU0369,DRV0023,2026-09-04,Registered
REG1978,STU0372,DRV0023,2026-09-04,Registered
REG1979,STU0396,DRV0023,2026-09-03,Registered
REG1980,STU0397,DRV0023,2026-09-04,Registered
REG1981,STU0409,DRV0023,2026-09-07,Registered
REG1982,STU0410,DRV0023,2026-09-09,Registered
REG1983,STU0417,DRV0023,2026-09-06,Registered
REG1984,STU0418,DRV0023,2026-09-03,Registered
REG1985,STU0421,DRV0023,2026-09-04,Registered
REG1986,STU0431,DRV0023,2026-09-05,Registered
REG1987,STU0432,DRV0023,2026-09-03,Registered
REG1988,STU0447,DRV0023,2026-09-03,Registered
REG1989,STU0457,DRV0023,2026-09-09,Registered
REG1990,STU0462,DRV0023,2026-09-03,Registered
REG1991,STU0463,DRV0023,2026-09-10,Registered
REG1992,STU0472,DRV0023,2026-09-06,Registered
REG1993,STU0496,DRV0023,2026-09-05,Registered
REG1994,STU0497,DRV0023,2026-09-07,Registered
REG1995,STU0499,DRV0023,2026-09-04,Registered
REG1996,STU0519,DRV0023,2026-09-04,Registered
REG1997,STU0529,DRV0023,2026-09-02,Registered
REG1998,STU0545,DRV0023,2026-09-10,Registered
REG1999,STU0549,DRV0023,2026-09-03,Registered
REG2000,STU0572,DRV0023,2026-09-03,Registered
REG2001,STU0573,DRV0023,2026-09-07,Registered
REG2002,STU0582,DRV0023,2026-09-10,Registered
REG2003,STU0583,DRV0023,2026-09-03,Registered
REG2004,STU0591,DRV0023,2026-09-09,Registered
REG2005,STU0598,DRV0023,2026-09-04,Registered
REG2006,STU0001,DRV0024,2026-08-14,Registered
REG2007,STU0010,DRV0024,2026-08-15,Registered
REG2008,STU0019,DRV0024,2026-08-17,Registered
REG2009,STU0021,DRV0024,2026-08-17,Registered
REG2010,STU0022,DRV0024,2026-08-16,Registered
REG2011,STU0028,DRV0024,2026-08-16,Registered
REG2012,STU0031,DRV0024,2026-08-11,Registered
REG2013,STU0039,DRV0024,2026-08-10,Registered
REG2014,STU0050,DRV0024,2026-08-17,Registered
REG2015,STU0059,DRV0024,2026-08-16,Registered
REG2016,STU0067,DRV0024,2026-08-19,Registered
REG2017,STU0094,DRV0024,2026-08-15,Registered
REG2018,STU0099,DRV0024,2026-08-19,Registered
REG2019,STU0101,DRV0024,2026-08-13,Registered
REG2020,STU0106,DRV0024,2026-08-19,Registered
REG2021,STU0124,DRV0024,2026-08-20,Registered
REG2022,STU0132,DRV0024,2026-08-17,Registered
REG2023,STU0149,DRV0024,2026-08-17,Registered
REG2024,STU0165,DRV0024,2026-08-14,Registered
REG2025,STU0167,DRV0024,2026-08-12,Registered
REG2026,STU0173,DRV0024,2026-08-10,Registered
REG2027,STU0178,DRV0024,2026-08-12,Registered
REG2028,STU0182,DRV0024,2026-08-20,Registered
REG2029,STU0183,DRV0024,2026-08-14,Registered
REG2030,STU0188,DRV0024,2026-08-11,Registered
REG2031,STU0205,DRV0024,2026-08-17,Registered
REG2032,STU0213,DRV0024,2026-08-15,Registered
REG2033,STU0228,DRV0024,2026-08-10,Registered
REG2034,STU0233,DRV0024,2026-08-17,Registered
REG2035,STU0234,DRV0024,2026-08-16,Registered
REG2036,STU0248,DRV0024,2026-08-10,Registered
REG2037,STU0250,DRV0024,2026-08-18,Registered
REG2038,STU0273,DRV0024,2026-08-16,Registered
REG2039,STU0276,DRV0024,2026-08-16,Registered
REG2040,STU0280,DRV0024,2026-08-20,Registered
REG2041,STU0296,DRV0024,2026-08-10,Registered
REG2042,STU0298,DRV0024,2026-08-17,Registered
REG2043,STU0303,DRV0024,2026-08-20,Registered
REG2044,STU0306,DRV0024,2026-08-14,Registered
REG2045,STU0307,DRV0024,2026-08-10,Registered
REG2046,STU0320,DRV0024,2026-08-15,Registered
REG2047,STU0321,DRV0024,2026-08-19,Registered
REG2048,STU0322,DRV0024,2026-08-20,Registered
REG2049,STU0323,DRV0024,2026-08-11,Registered
REG2050,STU0325,DRV0024,2026-08-15,Registered
REG2051,STU0327,DRV0024,2026-08-10,Registered
REG2052,STU0332,DRV0024,2026-08-20,Registered
REG2053,STU0335,DRV0024,2026-08-11,Registered
REG2054,STU0344,DRV0024,2026-08-14,Registered
REG2055,STU0345,DRV0024,2026-08-12,Registered
REG2056,STU0350,DRV0024,2026-08-15,Registered
REG2057,STU0352,DRV0024,2026-08-20,Registered
REG2058,STU0360,DRV0024,2026-08-17,Registered
REG2059,STU0372,DRV0024,2026-08-16,Registered
REG2060,STU0373,DRV0024,2026-08-11,Registered
REG2061,STU0381,DRV0024,2026-08-20,Registered
REG2062,STU0383,DRV0024,2026-08-17,Registered
REG2063,STU0389,DRV0024,2026-08-19,Registered
REG2064,STU0391,DRV0024,2026-08-16,Registered
REG2065,STU0394,DRV0024,2026-08-20,Registered
REG2066,STU0409,DRV0024,2026-08-10,Registered
REG2067,STU0410,DRV0024,2026-08-19,Registered
REG2068,STU0411,DRV0024,2026-08-13,Registered
REG2069,STU0424,DRV0024,2026-08-19,Registered
REG2070,STU0447,DRV0024,2026-08-11,Registered
REG2071,STU0458,DRV0024,2026-08-14,Registered
REG2072,STU0462,DRV0024,2026-08-18,Registered
REG2073,STU0463,DRV0024,2026-08-16,Registered
REG2074,STU0464,DRV0024,2026-08-19,Registered
REG2075,STU0496,DRV0024,2026-08-17,Registered
REG2076,STU0497,DRV0024,2026-08-17,Registered
REG2077,STU0499,DRV0024,2026-08-20,Registered
REG2078,STU0519,DRV0024,2026-08-19,Registered
REG2079,STU0525,DRV0024,2026-08-13,Registered
REG2080,STU0526,DRV0024,2026-08-12,Registered
REG2081,STU0528,DRV0024,2026-08-20,Registered
REG2082,STU0539,DRV0024,2026-08-11,Registered
REG2083,STU0549,DRV0024,2026-08-14,Registered
REG2084,STU0556,DRV0024,2026-08-19,Registered
REG2085,STU0557,DRV0024,2026-08-13,Registered
REG2086,STU0563,DRV0024,2026-08-13,Registered
REG2087,STU0564,DRV0024,2026-08-14,Registered
REG2088,STU0579,DRV0024,2026-08-20,Registered
REG2089,STU0583,DRV0024,2026-08-14,Registered
REG2090,STU0590,DRV0024,2026-08-14,Registered
REG2091,STU0598,DRV0024,2026-08-18,Registered
REG2092,STU0599,DRV0024,2026-08-10,Registered
REG2093,STU0010,DRV0025,2026-08-26,Registered
REG2094,STU0011,DRV0025,2026-08-29,Registered
REG2095,STU0021,DRV0025,2026-08-30,Registered
REG2096,STU0033,DRV0025,2026-08-27,Registered
REG2097,STU0038,DRV0025,2026-09-02,Registered
REG2098,STU0102,DRV0025,2026-08-26,Registered
REG2099,STU0166,DRV0025,2026-08-26,Registered
REG2100,STU0174,DRV0025,2026-08-31,Registered
REG2101,STU0189,DRV0025,2026-08-26,Registered
REG2102,STU0200,DRV0025,2026-08-29,Registered
REG2103,STU0205,DRV0025,2026-08-29,Registered
REG2104,STU0230,DRV0025,2026-09-02,Registered
REG2105,STU0261,DRV0025,2026-08-26,Registered
REG2106,STU0264,DRV0025,2026-08-31,Registered
REG2107,STU0278,DRV0025,2026-08-29,Registered
REG2108,STU0296,DRV0025,2026-08-30,Registered
REG2109,STU0306,DRV0025,2026-08-25,Registered
REG2110,STU0327,DRV0025,2026-09-02,Registered
REG2111,STU0331,DRV0025,2026-08-30,Registered
REG2112,STU0352,DRV0025,2026-09-01,Registered
REG2113,STU0357,DRV0025,2026-08-31,Registered
REG2114,STU0391,DRV0025,2026-08-28,Registered
REG2115,STU0394,DRV0025,2026-08-27,Registered
REG2116,STU0413,DRV0025,2026-08-25,Registered
REG2117,STU0418,DRV0025,2026-08-26,Registered
REG2118,STU0470,DRV0025,2026-08-30,Registered
REG2119,STU0528,DRV0025,2026-09-02,Registered
REG2120,STU0549,DRV0025,2026-08-25,Registered
REG2121,STU0557,DRV0025,2026-09-01,Registered
REG2122,STU0582,DRV0025,2026-08-31,Registered
REG2123,STU0583,DRV0025,2026-08-29,Registered
REG2124,STU0590,DRV0025,2026-08-26,Registered
REG2125,STU0001,DRV0026,2026-09-06,Registered
REG2126,STU0031,DRV0026,2026-09-08,Registered
REG2127,STU0038,DRV0026,2026-09-06,Registered
REG2128,STU0060,DRV0026,2026-09-08,Registered
REG2129,STU0067,DRV0026,2026-09-08,Registered
REG2130,STU0094,DRV0026,2026-09-05,Registered
REG2131,STU0147,DRV0026,2026-09-10,Registered
REG2132,STU0166,DRV0026,2026-09-09,Registered
REG2133,STU0167,DRV0026,2026-09-07,Registered
REG2134,STU0171,DRV0026,2026-09-07,Registered
REG2135,STU0174,DRV0026,2026-09-09,Registered
REG2136,STU0177,DRV0026,2026-09-10,Registered
REG2137,STU0200,DRV0026,2026-09-06,Registered
REG2138,STU0205,DRV0026,2026-09-07,Registered
REG2139,STU0224,DRV0026,2026-09-08,Registered
REG2140,STU0226,DRV0026,2026-09-08,Registered
REG2141,STU0261,DRV0026,2026-09-10,Registered
REG2142,STU0262,DRV0026,2026-09-06,Registered
REG2143,STU0264,DRV0026,2026-09-06,Registered
REG2144,STU0276,DRV0026,2026-09-07,Registered
REG2145,STU0278,DRV0026,2026-09-08,Registered
REG2146,STU0283,DRV0026,2026-09-10,Registered
REG2147,STU0286,DRV0026,2026-09-08,Registered
REG2148,STU0296,DRV0026,2026-09-07,Registered
REG2149,STU0306,DRV0026,2026-09-06,Registered
REG2150,STU0323,DRV0026,2026-09-05,Registered
REG2151,STU0327,DRV0026,2026-09-06,Registered
REG2152,STU0332,DRV0026,2026-09-09,Registered
REG2153,STU0349,DRV0026,2026-09-07,Registered
REG2154,STU0357,DRV0026,2026-09-08,Registered
REG2155,STU0374,DRV0026,2026-09-09,Registered
REG2156,STU0381,DRV0026,2026-09-06,Registered
REG2157,STU0386,DRV0026,2026-09-09,Registered
REG2158,STU0391,DRV0026,2026-09-08,Registered
REG2159,STU0392,DRV0026,2026-09-07,Registered
REG2160,STU0396,DRV0026,2026-09-07,Registered
REG2161,STU0397,DRV0026,2026-09-05,Registered
REG2162,STU0413,DRV0026,2026-09-07,Registered
REG2163,STU0431,DRV0026,2026-09-07,Registered
REG2164,STU0452,DRV0026,2026-09-07,Registered
REG2165,STU0458,DRV0026,2026-09-06,Registered
REG2166,STU0462,DRV0026,2026-09-08,Registered
REG2167,STU0465,DRV0026,2026-09-10,Registered
REG2168,STU0472,DRV0026,2026-09-06,Registered
REG2169,STU0475,DRV0026,2026-09-06,Registered
REG2170,STU0494,DRV0026,2026-09-08,Registered
REG2171,STU0495,DRV0026,2026-09-10,Registered
REG2172,STU0512,DRV0026,2026-09-08,Registered
REG2173,STU0517,DRV0026,2026-09-07,Registered
REG2174,STU0528,DRV0026,2026-09-10,Registered
REG2175,STU0539,DRV0026,2026-09-05,Registered
REG2176,STU0540,DRV0026,2026-09-07,Registered
REG2177,STU0547,DRV0026,2026-09-06,Registered
REG2178,STU0564,DRV0026,2026-09-05,Registered
REG2179,STU0590,DRV0026,2026-09-05,Registered
REG2180,STU0591,DRV0026,2026-09-08,Registered
REG2181,STU0600,DRV0026,2026-09-10,Registered
REG2182,STU0010,DRV0027,2026-09-23,Registered
REG2183,STU0020,DRV0027,2026-09-19,Registered
REG2184,STU0038,DRV0027,2026-09-18,Registered
REG2185,STU0039,DRV0027,2026-09-18,Registered
REG2186,STU0052,DRV0027,2026-09-20,Registered
REG2187,STU0056,DRV0027,2026-09-18,Registered
REG2188,STU0065,DRV0027,2026-09-18,Registered
REG2189,STU0088,DRV0027,2026-09-22,Registered
REG2190,STU0092,DRV0027,2026-09-24,Registered
REG2191,STU0094,DRV0027,2026-09-21,Registered
REG2192,STU0100,DRV0027,2026-09-24,Registered
REG2193,STU0101,DRV0027,2026-09-20,Registered
REG2194,STU0102,DRV0027,2026-09-25,Registered
REG2195,STU0166,DRV0027,2026-09-19,Registered
REG2196,STU0187,DRV0027,2026-09-24,Registered
REG2197,STU0200,DRV0027,2026-09-24,Registered
REG2198,STU0206,DRV0027,2026-09-23,Registered
REG2199,STU0262,DRV0027,2026-09-25,Registered
REG2200,STU0264,DRV0027,2026-09-25,Registered
REG2201,STU0274,DRV0027,2026-09-20,Registered
REG2202,STU0278,DRV0027,2026-09-21,Registered
REG2203,STU0283,DRV0027,2026-09-18,Registered
REG2204,STU0306,DRV0027,2026-09-25,Registered
REG2205,STU0321,DRV0027,2026-09-22,Registered
REG2206,STU0324,DRV0027,2026-09-25,Registered
REG2207,STU0327,DRV0027,2026-09-20,Registered
REG2208,STU0332,DRV0027,2026-09-24,Registered
REG2209,STU0337,DRV0027,2026-09-25,Registered
REG2210,STU0348,DRV0027,2026-09-22,Registered
REG2211,STU0349,DRV0027,2026-09-20,Registered
REG2212,STU0351,DRV0027,2026-09-19,Registered
REG2213,STU0364,DRV0027,2026-09-18,Registered
REG2214,STU0371,DRV0027,2026-09-19,Registered
REG2215,STU0374,DRV0027,2026-09-25,Registered
REG2216,STU0389,DRV0027,2026-09-25,Registered
REG2217,STU0391,DRV0027,2026-09-23,Registered
REG2218,STU0409,DRV0027,2026-09-20,Registered
REG2219,STU0410,DRV0027,2026-09-19,Registered
REG2220,STU0418,DRV0027,2026-09-18,Registered
REG2221,STU0431,DRV0027,2026-09-20,Registered
REG2222,STU0438,DRV0027,2026-09-21,Registered
REG2223,STU0443,DRV0027,2026-09-25,Registered
REG2224,STU0452,DRV0027,2026-09-24,Registered
REG2225,STU0461,DRV0027,2026-09-20,Registered
REG2226,STU0470,DRV0027,2026-09-25,Registered
REG2227,STU0494,DRV0027,2026-09-24,Registered
REG2228,STU0495,DRV0027,2026-09-18,Registered
REG2229,STU0506,DRV0027,2026-09-24,Registered
REG2230,STU0526,DRV0027,2026-09-25,Registered
REG2231,STU0528,DRV0027,2026-09-25,Registered
REG2232,STU0538,DRV0027,2026-09-18,Registered
REG2233,STU0540,DRV0027,2026-09-23,Registered
REG2234,STU0549,DRV0027,2026-09-24,Registered
REG2235,STU0562,DRV0027,2026-09-23,Registered
REG2236,STU0563,DRV0027,2026-09-24,Registered
REG2237,STU0564,DRV0027,2026-09-22,Registered
REG2238,STU0583,DRV0027,2026-09-21,Registered
REG2239,STU0019,DRV0028,2026-08-31,Registered
REG2240,STU0041,DRV0028,2026-09-02,Registered
REG2241,STU0042,DRV0028,2026-08-31,Registered
REG2242,STU0050,DRV0028,2026-08-29,Registered
REG2243,STU0057,DRV0028,2026-08-31,Registered
REG2244,STU0067,DRV0028,2026-08-31,Registered
REG2245,STU0092,DRV0028,2026-09-01,Registered
REG2246,STU0094,DRV0028,2026-08-28,Registered
REG2247,STU0098,DRV0028,2026-08-30,Registered
REG2248,STU0099,DRV0028,2026-08-29,Registered
REG2249,STU0100,DRV0028,2026-09-03,Registered
REG2250,STU0102,DRV0028,2026-08-28,Registered
REG2251,STU0103,DRV0028,2026-08-28,Registered
REG2252,STU0112,DRV0028,2026-08-29,Registered
REG2253,STU0177,DRV0028,2026-08-28,Registered
REG2254,STU0182,DRV0028,2026-08-31,Registered
REG2255,STU0205,DRV0028,2026-09-01,Registered
REG2256,STU0211,DRV0028,2026-08-28,Registered
REG2257,STU0213,DRV0028,2026-08-28,Registered
REG2258,STU0230,DRV0028,2026-08-30,Registered
REG2259,STU0264,DRV0028,2026-08-30,Registered
REG2260,STU0276,DRV0028,2026-08-29,Registered
REG2261,STU0278,DRV0028,2026-08-29,Registered
REG2262,STU0280,DRV0028,2026-08-31,Registered
REG2263,STU0285,DRV0028,2026-09-03,Registered
REG2264,STU0290,DRV0028,2026-09-01,Registered
REG2265,STU0295,DRV0028,2026-08-30,Registered
REG2266,STU0296,DRV0028,2026-09-03,Registered
REG2267,STU0302,DRV0028,2026-09-02,Registered
REG2268,STU0306,DRV0028,2026-09-03,Registered
REG2269,STU0320,DRV0028,2026-08-31,Registered
REG2270,STU0321,DRV0028,2026-08-31,Registered
REG2271,STU0332,DRV0028,2026-09-03,Registered
REG2272,STU0335,DRV0028,2026-09-03,Registered
REG2273,STU0344,DRV0028,2026-08-30,Registered
REG2274,STU0350,DRV0028,2026-09-03,Registered
REG2275,STU0352,DRV0028,2026-08-28,Registered
REG2276,STU0357,DRV0028,2026-08-28,Registered
REG2277,STU0375,DRV0028,2026-09-02,Registered
REG2278,STU0389,DRV0028,2026-09-02,Registered
REG2279,STU0397,DRV0028,2026-08-30,Registered
REG2280,STU0403,DRV0028,2026-08-30,Registered
REG2281,STU0410,DRV0028,2026-08-31,Registered
REG2282,STU0411,DRV0028,2026-08-29,Registered
REG2283,STU0418,DRV0028,2026-08-30,Registered
REG2284,STU0432,DRV0028,2026-08-29,Registered
REG2285,STU0462,DRV0028,2026-09-01,Registered
REG2286,STU0463,DRV0028,2026-09-02,Registered
REG2287,STU0494,DRV0028,2026-09-01,Registered
REG2288,STU0499,DRV0028,2026-08-28,Registered
REG2289,STU0521,DRV0028,2026-09-03,Registered
REG2290,STU0529,DRV0028,2026-08-28,Registered
REG2291,STU0539,DRV0028,2026-09-01,Registered
REG2292,STU0545,DRV0028,2026-08-28,Registered
REG2293,STU0557,DRV0028,2026-09-01,Registered
REG2294,STU0001,DRV0029,2026-09-04,Registered
REG2295,STU0013,DRV0029,2026-09-05,Registered
REG2296,STU0020,DRV0029,2026-09-04,Registered
REG2297,STU0025,DRV0029,2026-09-08,Registered
REG2298,STU0028,DRV0029,2026-09-02,Registered
REG2299,STU0031,DRV0029,2026-09-05,Registered
REG2300,STU0033,DRV0029,2026-09-02,Registered
REG2301,STU0038,DRV0029,2026-09-03,Registered
REG2302,STU0041,DRV0029,2026-09-04,Registered
REG2303,STU0044,DRV0029,2026-09-06,Registered
REG2304,STU0052,DRV0029,2026-09-04,Registered
REG2305,STU0076,DRV0029,2026-09-03,Registered
REG2306,STU0083,DRV0029,2026-09-03,Registered
REG2307,STU0112,DRV0029,2026-09-03,Registered
REG2308,STU0131,DRV0029,2026-09-02,Registered
REG2309,STU0136,DRV0029,2026-09-02,Registered
REG2310,STU0147,DRV0029,2026-09-04,Registered
REG2311,STU0156,DRV0029,2026-09-03,Registered
REG2312,STU0165,DRV0029,2026-09-04,Registered
REG2313,STU0167,DRV0029,2026-09-05,Registered
REG2314,STU0171,DRV0029,2026-09-03,Registered
REG2315,STU0174,DRV0029,2026-09-06,Registered
REG2316,STU0177,DRV0029,2026-09-04,Registered
REG2317,STU0181,DRV0029,2026-09-08,Registered
REG2318,STU0186,DRV0029,2026-09-06,Registered
REG2319,STU0187,DRV0029,2026-09-08,Registered
REG2320,STU0189,DRV0029,2026-09-05,Registered
REG2321,STU0233,DRV0029,2026-09-05,Registered
REG2322,STU0251,DRV0029,2026-09-07,Registered
REG2323,STU0257,DRV0029,2026-09-08,Registered
REG2324,STU0262,DRV0029,2026-09-05,Registered
REG2325,STU0264,DRV0029,2026-09-02,Registered
REG2326,STU0306,DRV0029,2026-09-06,Registered
REG2327,STU0307,DRV0029,2026-09-06,Registered
REG2328,STU0323,DRV0029,2026-09-07,Registered
REG2329,STU0327,DRV0029,2026-09-02,Registered
REG2330,STU0328,DRV0029,2026-09-03,Registered
REG2331,STU0331,DRV0029,2026-09-07,Registered
REG2332,STU0335,DRV0029,2026-09-06,Registered
REG2333,STU0338,DRV0029,2026-09-02,Registered
REG2334,STU0348,DRV0029,2026-09-03,Registered
REG2335,STU0349,DRV0029,2026-09-08,Registered
REG2336,STU0352,DRV0029,2026-09-02,Registered
REG2337,STU0356,DRV0029,2026-09-02,Registered
REG2338,STU0364,DRV0029,2026-09-03,Registered
REG2339,STU0371,DRV0029,2026-09-02,Registered
REG2340,STU0374,DRV0029,2026-09-05,Registered
REG2341,STU0383,DRV0029,2026-09-04,Registered
REG2342,STU0386,DRV0029,2026-09-07,Registered
REG2343,STU0388,DRV0029,2026-09-05,Registered
REG2344,STU0389,DRV0029,2026-09-03,Registered
REG2345,STU0391,DRV0029,2026-09-04,Registered
REG2346,STU0392,DRV0029,2026-09-08,Registered
REG2347,STU0395,DRV0029,2026-09-03,Registered
REG2348,STU0410,DRV0029,2026-09-02,Registered
REG2349,STU0411,DRV0029,2026-09-04,Registered
REG2350,STU0415,DRV0029,2026-09-05,Registered
REG2351,STU0417,DRV0029,2026-09-07,Registered
REG2352,STU0418,DRV0029,2026-09-02,Registered
REG2353,STU0431,DRV0029,2026-09-06,Registered
REG2354,STU0436,DRV0029,2026-09-06,Registered
REG2355,STU0443,DRV0029,2026-09-06,Registered
REG2356,STU0450,DRV0029,2026-09-02,Registered
REG2357,STU0462,DRV0029,2026-09-06,Registered
REG2358,STU0470,DRV0029,2026-09-06,Registered
REG2359,STU0475,DRV0029,2026-09-05,Registered
REG2360,STU0495,DRV0029,2026-09-02,Registered
REG2361,STU0521,DRV0029,2026-09-04,Registered
REG2362,STU0526,DRV0029,2026-09-08,Registered
REG2363,STU0534,DRV0029,2026-09-07,Registered
REG2364,STU0539,DRV0029,2026-09-02,Registered
REG2365,STU0540,DRV0029,2026-09-02,Registered
REG2366,STU0557,DRV0029,2026-09-06,Registered
REG2367,STU0563,DRV0029,2026-09-07,Registered
REG2368,STU0590,DRV0029,2026-09-07,Registered
REG2369,STU0596,DRV0029,2026-09-05,Registered
REG2370,STU0600,DRV0029,2026-09-07,Registered
REG2371,STU0001,DRV0030,2026-09-23,Registered
REG2372,STU0004,DRV0030,2026-09-23,Registered
REG2373,STU0010,DRV0030,2026-09-30,Registered
REG2374,STU0021,DRV0030,2026-09-23,Registered
REG2375,STU0031,DRV0030,2026-09-24,Registered
REG2376,STU0032,DRV0030,2026-09-29,Registered
REG2377,STU0038,DRV0030,2026-09-25,Registered
REG2378,STU0043,DRV0030,2026-09-28,Registered
REG2379,STU0047,DRV0030,2026-09-26,Registered
REG2380,STU0057,DRV0030,2026-10-02,Registered
REG2381,STU0061,DRV0030,2026-09-30,Registered
REG2382,STU0067,DRV0030,2026-09-30,Registered
REG2383,STU0074,DRV0030,2026-09-26,Registered
REG2384,STU0086,DRV0030,2026-09-27,Registered
REG2385,STU0096,DRV0030,2026-09-25,Registered
REG2386,STU0099,DRV0030,2026-10-02,Registered
REG2387,STU0103,DRV0030,2026-10-03,Registered
REG2388,STU0104,DRV0030,2026-10-03,Registered
REG2389,STU0109,DRV0030,2026-10-01,Registered
REG2390,STU0114,DRV0030,2026-09-29,Registered
REG2391,STU0122,DRV0030,2026-09-28,Registered
REG2392,STU0131,DRV0030,2026-09-29,Registered
REG2393,STU0133,DRV0030,2026-10-03,Registered
REG2394,STU0145,DRV0030,2026-09-26,Registered
REG2395,STU0147,DRV0030,2026-09-29,Registered
REG2396,STU0149,DRV0030,2026-09-29,Registered
REG2397,STU0155,DRV0030,2026-09-24,Registered
REG2398,STU0166,DRV0030,2026-09-29,Registered
REG2399,STU0170,DRV0030,2026-09-28,Registered
REG2400,STU0171,DRV0030,2026-10-03,Registered
REG2401,STU0175,DRV0030,2026-09-29,Registered
REG2402,STU0182,DRV0030,2026-09-27,Registered
REG2403,STU0183,DRV0030,2026-09-30,Registered
REG2404,STU0186,DRV0030,2026-09-28,Registered
REG2405,STU0195,DRV0030,2026-09-24,Registered
REG2406,STU0205,DRV0030,2026-09-23,Registered
REG2407,STU0210,DRV0030,2026-09-24,Registered
REG2408,STU0213,DRV0030,2026-09-30,Registered
REG2409,STU0218,DRV0030,2026-10-02,Registered
REG2410,STU0224,DRV0030,2026-10-03,Registered
REG2411,STU0226,DRV0030,2026-09-23,Registered
REG2412,STU0227,DRV0030,2026-09-29,Registered
REG2413,STU0229,DRV0030,2026-10-02,Registered
REG2414,STU0233,DRV0030,2026-10-02,Registered
REG2415,STU0249,DRV0030,2026-10-02,Registered
REG2416,STU0251,DRV0030,2026-10-03,Registered
REG2417,STU0258,DRV0030,2026-09-26,Registered
REG2418,STU0261,DRV0030,2026-09-23,Registered
REG2419,STU0263,DRV0030,2026-09-26,Registered
REG2420,STU0270,DRV0030,2026-10-01,Registered
REG2421,STU0274,DRV0030,2026-09-29,Registered
REG2422,STU0280,DRV0030,2026-09-25,Registered
REG2423,STU0285,DRV0030,2026-09-27,Registered
REG2424,STU0292,DRV0030,2026-10-02,Registered
REG2425,STU0302,DRV0030,2026-09-27,Registered
REG2426,STU0306,DRV0030,2026-09-23,Registered
REG2427,STU0310,DRV0030,2026-09-26,Registered
REG2428,STU0320,DRV0030,2026-09-26,Registered
REG2429,STU0323,DRV0030,2026-09-24,Registered
REG2430,STU0324,DRV0030,2026-10-03,Registered
REG2431,STU0335,DRV0030,2026-09-27,Registered
REG2432,STU0336,DRV0030,2026-09-25,Registered
REG2433,STU0337,DRV0030,2026-09-23,Registered
REG2434,STU0349,DRV0030,2026-09-30,Registered
REG2435,STU0352,DRV0030,2026-09-29,Registered
REG2436,STU0356,DRV0030,2026-09-25,Registered
REG2437,STU0358,DRV0030,2026-09-23,Registered
REG2438,STU0364,DRV0030,2026-09-23,Registered
REG2439,STU0369,DRV0030,2026-09-30,Registered
REG2440,STU0371,DRV0030,2026-10-02,Registered
REG2441,STU0375,DRV0030,2026-09-23,Registered
REG2442,STU0381,DRV0030,2026-09-27,Registered
REG2443,STU0382,DRV0030,2026-09-27,Registered
REG2444,STU0384,DRV0030,2026-10-01,Registered
REG2445,STU0386,DRV0030,2026-09-26,Registered
REG2446,STU0388,DRV0030,2026-09-27,Registered
REG2447,STU0390,DRV0030,2026-10-03,Registered
REG2448,STU0391,DRV0030,2026-10-03,Registered
REG2449,STU0394,DRV0030,2026-09-26,Registered
REG2450,STU0395,DRV0030,2026-09-26,Registered
REG2451,STU0396,DRV0030,2026-09-28,Registered
REG2452,STU0408,DRV0030,2026-09-25,Registered
REG2453,STU0410,DRV0030,2026-09-26,Registered
REG2454,STU0411,DRV0030,2026-09-29,Registered
REG2455,STU0413,DRV0030,2026-09-29,Registered
REG2456,STU0417,DRV0030,2026-09-23,Registered
REG2457,STU0432,DRV0030,2026-09-25,Registered
REG2458,STU0436,DRV0030,2026-09-23,Registered
REG2459,STU0443,DRV0030,2026-09-25,Registered
REG2460,STU0456,DRV0030,2026-09-24,Registered
REG2461,STU0462,DRV0030,2026-09-29,Registered
REG2462,STU0471,DRV0030,2026-09-28,Registered
REG2463,STU0497,DRV0030,2026-09-26,Registered
REG2464,STU0506,DRV0030,2026-09-26,Registered
REG2465,STU0507,DRV0030,2026-09-29,Registered
REG2466,STU0517,DRV0030,2026-10-01,Registered
REG2467,STU0521,DRV0030,2026-09-24,Registered
REG2468,STU0522,DRV0030,2026-10-01,Registered
REG2469,STU0523,DRV0030,2026-10-02,Registered
REG2470,STU0525,DRV0030,2026-10-01,Registered
REG2471,STU0528,DRV0030,2026-09-30,Registered
REG2472,STU0529,DRV0030,2026-09-28,Registered
REG2473,STU0536,DRV0030,2026-09-29,Registered
REG2474,STU0537,DRV0030,2026-09-30,Registered
REG2475,STU0538,DRV0030,2026-10-03,Registered
REG2476,STU0539,DRV0030,2026-09-24,Registered
REG2477,STU0540,DRV0030,2026-10-01,Registered
REG2478,STU0553,DRV0030,2026-09-24,Registered
REG2479,STU0555,DRV0030,2026-10-01,Registered
REG2480,STU0556,DRV0030,2026-09-26,Registered
REG2481,STU0560,DRV0030,2026-10-03,Registered
REG2482,STU0563,DRV0030,2026-10-02,Registered
REG2483,STU0577,DRV0030,2026-09-27,Registered
REG2484,STU0578,DRV0030,2026-09-28,Registered
REG2485,STU0580,DRV0030,2026-09-29,Registered
REG2486,STU0584,DRV0030,2026-10-03,Registered
REG2487,STU0595,DRV0030,2026-09-29,Registered
REG2488,STU0596,DRV0030,2026-09-26,Registered
REG2489,STU0011,DRV0031,2026-09-19,Registered
REG2490,STU0013,DRV0031,2026-09-23,Registered
REG2491,STU0019,DRV0031,2026-09-21,Registered
REG2492,STU0020,DRV0031,2026-09-22,Registered
REG2493,STU0021,DRV0031,2026-09-19,Registered
REG2494,STU0028,DRV0031,2026-09-23,Registered
REG2495,STU0031,DRV0031,2026-09-24,Registered
REG2496,STU0033,DRV0031,2026-09-19,Registered
REG2497,STU0038,DRV0031,2026-09-23,Registered
REG2498,STU0043,DRV0031,2026-09-22,Registered
REG2499,STU0044,DRV0031,2026-09-24,Registered
REG2500,STU0047,DRV0031,2026-09-19,Registered
REG2501,STU0049,DRV0031,2026-09-20,Registered
REG2502,STU0058,DRV0031,2026-09-21,Registered
REG2503,STU0060,DRV0031,2026-09-21,Registered
REG2504,STU0061,DRV0031,2026-09-21,Registered
REG2505,STU0065,DRV0031,2026-09-18,Registered
REG2506,STU0067,DRV0031,2026-09-21,Registered
REG2507,STU0071,DRV0031,2026-09-19,Registered
REG2508,STU0074,DRV0031,2026-09-22,Registered
REG2509,STU0076,DRV0031,2026-09-24,Registered
REG2510,STU0087,DRV0031,2026-09-18,Registered
REG2511,STU0090,DRV0031,2026-09-19,Registered
REG2512,STU0091,DRV0031,2026-09-23,Registered
REG2513,STU0094,DRV0031,2026-09-18,Registered
REG2514,STU0096,DRV0031,2026-09-24,Registered
REG2515,STU0099,DRV0031,2026-09-18,Registered
REG2516,STU0100,DRV0031,2026-09-21,Registered
REG2517,STU0102,DRV0031,2026-09-24,Registered
REG2518,STU0103,DRV0031,2026-09-24,Registered
REG2519,STU0104,DRV0031,2026-09-21,Registered
REG2520,STU0112,DRV0031,2026-09-22,Registered
REG2521,STU0131,DRV0031,2026-09-18,Registered
REG2522,STU0136,DRV0031,2026-09-24,Registered
REG2523,STU0137,DRV0031,2026-09-24,Registered
REG2524,STU0143,DRV0031,2026-09-20,Registered
REG2525,STU0156,DRV0031,2026-09-21,Registered
REG2526,STU0159,DRV0031,2026-09-24,Registered
REG2527,STU0166,DRV0031,2026-09-22,Registered
REG2528,STU0170,DRV0031,2026-09-19,Registered
REG2529,STU0178,DRV0031,2026-09-22,Registered
REG2530,STU0181,DRV0031,2026-09-23,Registered
REG2531,STU0186,DRV0031,2026-09-24,Registered
REG2532,STU0187,DRV0031,2026-09-23,Registered
REG2533,STU0195,DRV0031,2026-09-23,Registered
REG2534,STU0200,DRV0031,2026-09-21,Registered
REG2535,STU0201,DRV0031,2026-09-24,Registered
REG2536,STU0205,DRV0031,2026-09-18,Registered
REG2537,STU0211,DRV0031,2026-09-19,Registered
REG2538,STU0213,DRV0031,2026-09-22,Registered
REG2539,STU0218,DRV0031,2026-09-18,Registered
REG2540,STU0220,DRV0031,2026-09-23,Registered
REG2541,STU0227,DRV0031,2026-09-21,Registered
REG2542,STU0230,DRV0031,2026-09-18,Registered
REG2543,STU0233,DRV0031,2026-09-23,Registered
REG2544,STU0237,DRV0031,2026-09-23,Registered
REG2545,STU0249,DRV0031,2026-09-23,Registered
REG2546,STU0250,DRV0031,2026-09-21,Registered
REG2547,STU0251,DRV0031,2026-09-24,Registered
REG2548,STU0257,DRV0031,2026-09-19,Registered
REG2549,STU0258,DRV0031,2026-09-18,Registered
REG2550,STU0262,DRV0031,2026-09-18,Registered
REG2551,STU0264,DRV0031,2026-09-18,Registered
REG2552,STU0274,DRV0031,2026-09-20,Registered
REG2553,STU0276,DRV0031,2026-09-20,Registered
REG2554,STU0278,DRV0031,2026-09-23,Registered
REG2555,STU0280,DRV0031,2026-09-23,Registered
REG2556,STU0285,DRV0031,2026-09-18,Registered
REG2557,STU0296,DRV0031,2026-09-20,Registered
REG2558,STU0302,DRV0031,2026-09-22,Registered
REG2559,STU0303,DRV0031,2026-09-24,Registered
REG2560,STU0306,DRV0031,2026-09-19,Registered
REG2561,STU0309,DRV0031,2026-09-19,Registered
REG2562,STU0310,DRV0031,2026-09-18,Registered
REG2563,STU0313,DRV0031,2026-09-18,Registered
REG2564,STU0315,DRV0031,2026-09-19,Registered
REG2565,STU0320,DRV0031,2026-09-18,Registered
REG2566,STU0323,DRV0031,2026-09-19,Registered
REG2567,STU0324,DRV0031,2026-09-22,Registered
REG2568,STU0325,DRV0031,2026-09-20,Registered
REG2569,STU0327,DRV0031,2026-09-23,Registered
REG2570,STU0328,DRV0031,2026-09-19,Registered
REG2571,STU0332,DRV0031,2026-09-21,Registered
REG2572,STU0334,DRV0031,2026-09-19,Registered
REG2573,STU0335,DRV0031,2026-09-20,Registered
REG2574,STU0336,DRV0031,2026-09-21,Registered
REG2575,STU0338,DRV0031,2026-09-19,Registered
REG2576,STU0344,DRV0031,2026-09-24,Registered
REG2577,STU0346,DRV0031,2026-09-22,Registered
REG2578,STU0348,DRV0031,2026-09-18,Registered
REG2579,STU0350,DRV0031,2026-09-24,Registered
REG2580,STU0356,DRV0031,2026-09-22,Registered
REG2581,STU0366,DRV0031,2026-09-18,Registered
REG2582,STU0383,DRV0031,2026-09-23,Registered
REG2583,STU0390,DRV0031,2026-09-18,Registered
REG2584,STU0394,DRV0031,2026-09-23,Registered
REG2585,STU0399,DRV0031,2026-09-18,Registered
REG2586,STU0404,DRV0031,2026-09-23,Registered
REG2587,STU0405,DRV0031,2026-09-19,Registered
REG2588,STU0409,DRV0031,2026-09-20,Registered
REG2589,STU0411,DRV0031,2026-09-21,Registered
REG2590,STU0412,DRV0031,2026-09-18,Registered
REG2591,STU0413,DRV0031,2026-09-23,Registered
REG2592,STU0419,DRV0031,2026-09-20,Registered
REG2593,STU0431,DRV0031,2026-09-24,Registered
REG2594,STU0449,DRV0031,2026-09-18,Registered
REG2595,STU0450,DRV0031,2026-09-23,Registered
REG2596,STU0452,DRV0031,2026-09-19,Registered
REG2597,STU0456,DRV0031,2026-09-18,Registered
REG2598,STU0461,DRV0031,2026-09-23,Registered
REG2599,STU0463,DRV0031,2026-09-24,Registered
REG2600,STU0464,DRV0031,2026-09-20,Registered
REG2601,STU0465,DRV0031,2026-09-23,Registered
REG2602,STU0469,DRV0031,2026-09-24,Registered
REG2603,STU0472,DRV0031,2026-09-19,Registered
REG2604,STU0481,DRV0031,2026-09-19,Registered
REG2605,STU0495,DRV0031,2026-09-18,Registered
REG2606,STU0496,DRV0031,2026-09-21,Registered
REG2607,STU0497,DRV0031,2026-09-23,Registered
REG2608,STU0505,DRV0031,2026-09-21,Registered
REG2609,STU0506,DRV0031,2026-09-19,Registered
REG2610,STU0507,DRV0031,2026-09-22,Registered
REG2611,STU0508,DRV0031,2026-09-23,Registered
REG2612,STU0512,DRV0031,2026-09-24,Registered
REG2613,STU0521,DRV0031,2026-09-20,Registered
REG2614,STU0522,DRV0031,2026-09-19,Registered
REG2615,STU0525,DRV0031,2026-09-22,Registered
REG2616,STU0536,DRV0031,2026-09-21,Registered
REG2617,STU0537,DRV0031,2026-09-18,Registered
REG2618,STU0543,DRV0031,2026-09-23,Registered
REG2619,STU0544,DRV0031,2026-09-21,Registered
REG2620,STU0553,DRV0031,2026-09-22,Registered
REG2621,STU0556,DRV0031,2026-09-23,Registered
REG2622,STU0560,DRV0031,2026-09-19,Registered
REG2623,STU0562,DRV0031,2026-09-24,Registered
REG2624,STU0577,DRV0031,2026-09-21,Registered
REG2625,STU0578,DRV0031,2026-09-22,Registered
REG2626,STU0579,DRV0031,2026-09-18,Registered
REG2627,STU0582,DRV0031,2026-09-22,Registered
REG2628,STU0583,DRV0031,2026-09-24,Registered
REG2629,STU0590,DRV0031,2026-09-20,Registered
REG2630,STU0596,DRV0031,2026-09-23,Registered
REG2631,STU0013,DRV0032,2026-09-28,Registered
REG2632,STU0020,DRV0032,2026-10-03,Registered
REG2633,STU0031,DRV0032,2026-10-01,Registered
REG2634,STU0033,DRV0032,2026-09-29,Registered
REG2635,STU0042,DRV0032,2026-09-28,Registered
REG2636,STU0052,DRV0032,2026-10-02,Registered
REG2637,STU0060,DRV0032,2026-09-29,Registered
REG2638,STU0065,DRV0032,2026-10-01,Registered
REG2639,STU0067,DRV0032,2026-09-30,Registered
REG2640,STU0131,DRV0032,2026-10-02,Registered
REG2641,STU0136,DRV0032,2026-09-29,Registered
REG2642,STU0147,DRV0032,2026-09-29,Registered
REG2643,STU0165,DRV0032,2026-09-30,Registered
REG2644,STU0166,DRV0032,2026-09-29,Registered
REG2645,STU0171,DRV0032,2026-09-28,Registered
REG2646,STU0177,DRV0032,2026-10-01,Registered
REG2647,STU0182,DRV0032,2026-09-30,Registered
REG2648,STU0187,DRV0032,2026-09-29,Registered
REG2649,STU0189,DRV0032,2026-09-29,Registered
REG2650,STU0200,DRV0032,2026-10-02,Registered
REG2651,STU0206,DRV0032,2026-09-28,Registered
REG2652,STU0226,DRV0032,2026-10-01,Registered
REG2653,STU0229,DRV0032,2026-10-02,Registered
REG2654,STU0230,DRV0032,2026-10-03,Registered
REG2655,STU0251,DRV0032,2026-09-30,Registered
REG2656,STU0257,DRV0032,2026-09-28,Registered
REG2657,STU0258,DRV0032,2026-09-30,Registered
REG2658,STU0261,DRV0032,2026-09-29,Registered
REG2659,STU0274,DRV0032,2026-09-28,Registered
REG2660,STU0276,DRV0032,2026-09-28,Registered
REG2661,STU0283,DRV0032,2026-09-29,Registered
REG2662,STU0286,DRV0032,2026-10-02,Registered
REG2663,STU0303,DRV0032,2026-10-01,Registered
REG2664,STU0307,DRV0032,2026-10-01,Registered
REG2665,STU0309,DRV0032,2026-10-03,Registered
REG2666,STU0327,DRV0032,2026-09-28,Registered
REG2667,STU0334,DRV0032,2026-10-03,Registered
REG2668,STU0337,DRV0032,2026-09-29,Registered
REG2669,STU0338,DRV0032,2026-09-28,Registered
REG2670,STU0344,DRV0032,2026-10-03,Registered
REG2671,STU0349,DRV0032,2026-10-01,Registered
REG2672,STU0357,DRV0032,2026-09-29,Registered
REG2673,STU0364,DRV0032,2026-10-03,Registered
REG2674,STU0381,DRV0032,2026-09-30,Registered
REG2675,STU0394,DRV0032,2026-10-01,Registered
REG2676,STU0396,DRV0032,2026-10-02,Registered
REG2677,STU0409,DRV0032,2026-10-01,Registered
REG2678,STU0418,DRV0032,2026-09-29,Registered
REG2679,STU0450,DRV0032,2026-10-01,Registered
REG2680,STU0458,DRV0032,2026-10-03,Registered
REG2681,STU0481,DRV0032,2026-09-29,Registered
REG2682,STU0495,DRV0032,2026-10-01,Registered
REG2683,STU0508,DRV0032,2026-09-30,Registered
REG2684,STU0521,DRV0032,2026-09-30,Registered
REG2685,STU0549,DRV0032,2026-09-29,Registered
REG2686,STU0563,DRV0032,2026-10-03,Registered
REG2687,STU0591,DRV0032,2026-09-29,Registered
REG2688,STU0596,DRV0032,2026-09-28,Registered
REG2689,STU0599,DRV0032,2026-09-28,Registered
REG2690,STU0600,DRV0032,2026-10-03,Registered
REG2691,STU0010,DRV0033,2026-09-30,Registered
REG2692,STU0019,DRV0033,2026-10-04,Registered
REG2693,STU0031,DRV0033,2026-09-29,Registered
REG2694,STU0039,DRV0033,2026-10-05,Registered
REG2695,STU0076,DRV0033,2026-10-04,Registered
REG2696,STU0094,DRV0033,2026-10-02,Registered
REG2697,STU0102,DRV0033,2026-09-29,Registered
REG2698,STU0167,DRV0033,2026-10-03,Registered
REG2699,STU0181,DRV0033,2026-09-29,Registered
REG2700,STU0224,DRV0033,2026-09-30,Registered
REG2701,STU0226,DRV0033,2026-10-06,Registered
REG2702,STU0261,DRV0033,2026-10-03,Registered
REG2703,STU0278,DRV0033,2026-10-04,Registered
REG2704,STU0280,DRV0033,2026-10-02,Registered
REG2705,STU0310,DRV0033,2026-09-29,Registered
REG2706,STU0328,DRV0033,2026-10-01,Registered
REG2707,STU0337,DRV0033,2026-10-06,Registered
REG2708,STU0374,DRV0033,2026-10-03,Registered
REG2709,STU0381,DRV0033,2026-10-02,Registered
REG2710,STU0394,DRV0033,2026-10-04,Registered
REG2711,STU0431,DRV0033,2026-10-01,Registered
REG2712,STU0438,DRV0033,2026-10-06,Registered
REG2713,STU0452,DRV0033,2026-10-01,Registered
REG2714,STU0465,DRV0033,2026-10-02,Registered
REG2715,STU0472,DRV0033,2026-09-30,Registered
REG2716,STU0508,DRV0033,2026-10-05,Registered
REG2717,STU0521,DRV0033,2026-09-29,Registered
REG2718,STU0525,DRV0033,2026-10-06,Registered
REG2719,STU0528,DRV0033,2026-09-29,Registered
REG2720,STU0540,DRV0033,2026-10-04,Registered
REG2721,STU0596,DRV0033,2026-09-29,Registered
REG2722,STU0600,DRV0033,2026-10-05,Registered
REG2723,STU0012,DRV0034,2026-08-21,Registered
REG2724,STU0018,DRV0034,2026-08-19,Registered
REG2725,STU0021,DRV0034,2026-08-21,Registered
REG2726,STU0025,DRV0034,2026-08-16,Registered
REG2727,STU0026,DRV0034,2026-08-16,Registered
REG2728,STU0027,DRV0034,2026-08-21,Registered
REG2729,STU0032,DRV0034,2026-08-20,Registered
REG2730,STU0042,DRV0034,2026-08-20,Registered
REG2731,STU0043,DRV0034,2026-08-19,Registered
REG2732,STU0049,DRV0034,2026-08-17,Registered
REG2733,STU0050,DRV0034,2026-08-16,Registered
REG2734,STU0058,DRV0034,2026-08-21,Registered
REG2735,STU0059,DRV0034,2026-08-20,Registered
REG2736,STU0066,DRV0034,2026-08-20,Registered
REG2737,STU0073,DRV0034,2026-08-21,Registered
REG2738,STU0077,DRV0034,2026-08-20,Registered
REG2739,STU0083,DRV0034,2026-08-19,Registered
REG2740,STU0087,DRV0034,2026-08-17,Registered
REG2741,STU0091,DRV0034,2026-08-18,Registered
REG2742,STU0096,DRV0034,2026-08-16,Registered
REG2743,STU0098,DRV0034,2026-08-20,Registered
REG2744,STU0100,DRV0034,2026-08-21,Registered
REG2745,STU0103,DRV0034,2026-08-18,Registered
REG2746,STU0104,DRV0034,2026-08-20,Registered
REG2747,STU0107,DRV0034,2026-08-20,Registered
REG2748,STU0109,DRV0034,2026-08-20,Registered
REG2749,STU0112,DRV0034,2026-08-18,Registered
REG2750,STU0132,DRV0034,2026-08-16,Registered
REG2751,STU0133,DRV0034,2026-08-18,Registered
REG2752,STU0137,DRV0034,2026-08-17,Registered
REG2753,STU0142,DRV0034,2026-08-18,Registered
REG2754,STU0143,DRV0034,2026-08-21,Registered
REG2755,STU0147,DRV0034,2026-08-18,Registered
REG2756,STU0148,DRV0034,2026-08-21,Registered
REG2757,STU0151,DRV0034,2026-08-16,Registered
REG2758,STU0158,DRV0034,2026-08-17,Registered
REG2759,STU0159,DRV0034,2026-08-21,Registered
REG2760,STU0164,DRV0034,2026-08-21,Registered
REG2761,STU0166,DRV0034,2026-08-18,Registered
REG2762,STU0171,DRV0034,2026-08-17,Registered
REG2763,STU0173,DRV0034,2026-08-19,Registered
REG2764,STU0175,DRV0034,2026-08-20,Registered
REG2765,STU0176,DRV0034,2026-08-18,Registered
REG2766,STU0177,DRV0034,2026-08-16,Registered
REG2767,STU0179,DRV0034,2026-08-18,Registered
REG2768,STU0182,DRV0034,2026-08-18,Registered
REG2769,STU0184,DRV0034,2026-08-17,Registered
REG2770,STU0187,DRV0034,2026-08-16,Registered
REG2771,STU0188,DRV0034,2026-08-17,Registered
REG2772,STU0189,DRV0034,2026-08-16,Registered
REG2773,STU0192,DRV0034,2026-08-20,Registered
REG2774,STU0195,DRV0034,2026-08-19,Registered
REG2775,STU0197,DRV0034,2026-08-18,Registered
REG2776,STU0205,DRV0034,2026-08-19,Registered
REG2777,STU0206,DRV0034,2026-08-21,Registered
REG2778,STU0218,DRV0034,2026-08-20,Registered
REG2779,STU0219,DRV0034,2026-08-16,Registered
REG2780,STU0227,DRV0034,2026-08-20,Registered
REG2781,STU0229,DRV0034,2026-08-21,Registered
REG2782,STU0236,DRV0034,2026-08-17,Registered
REG2783,STU0238,DRV0034,2026-08-19,Registered
REG2784,STU0239,DRV0034,2026-08-18,Registered
REG2785,STU0244,DRV0034,2026-08-19,Registered
REG2786,STU0249,DRV0034,2026-08-21,Registered
REG2787,STU0257,DRV0034,2026-08-18,Registered
REG2788,STU0261,DRV0034,2026-08-17,Registered
REG2789,STU0263,DRV0034,2026-08-16,Registered
REG2790,STU0264,DRV0034,2026-08-18,Registered
REG2791,STU0276,DRV0034,2026-08-20,Registered
REG2792,STU0283,DRV0034,2026-08-19,Registered
REG2793,STU0292,DRV0034,2026-08-20,Registered
REG2794,STU0294,DRV0034,2026-08-21,Registered
REG2795,STU0296,DRV0034,2026-08-19,Registered
REG2796,STU0304,DRV0034,2026-08-21,Registered
REG2797,STU0313,DRV0034,2026-08-19,Registered
REG2798,STU0321,DRV0034,2026-08-16,Registered
REG2799,STU0322,DRV0034,2026-08-17,Registered
REG2800,STU0328,DRV0034,2026-08-19,Registered
REG2801,STU0331,DRV0034,2026-08-16,Registered
REG2802,STU0332,DRV0034,2026-08-21,Registered
REG2803,STU0333,DRV0034,2026-08-20,Registered
REG2804,STU0336,DRV0034,2026-08-19,Registered
REG2805,STU0337,DRV0034,2026-08-17,Registered
REG2806,STU0338,DRV0034,2026-08-21,Registered
REG2807,STU0341,DRV0034,2026-08-18,Registered
REG2808,STU0360,DRV0034,2026-08-16,Registered
REG2809,STU0367,DRV0034,2026-08-18,Registered
REG2810,STU0370,DRV0034,2026-08-18,Registered
REG2811,STU0372,DRV0034,2026-08-18,Registered
REG2812,STU0373,DRV0034,2026-08-19,Registered
REG2813,STU0375,DRV0034,2026-08-20,Registered
REG2814,STU0379,DRV0034,2026-08-19,Registered
REG2815,STU0381,DRV0034,2026-08-21,Registered
REG2816,STU0382,DRV0034,2026-08-19,Registered
REG2817,STU0386,DRV0034,2026-08-18,Registered
REG2818,STU0388,DRV0034,2026-08-17,Registered
REG2819,STU0392,DRV0034,2026-08-19,Registered
REG2820,STU0394,DRV0034,2026-08-17,Registered
REG2821,STU0395,DRV0034,2026-08-19,Registered
REG2822,STU0396,DRV0034,2026-08-21,Registered
REG2823,STU0397,DRV0034,2026-08-17,Registered
REG2824,STU0399,DRV0034,2026-08-17,Registered
REG2825,STU0400,DRV0034,2026-08-21,Registered
REG2826,STU0401,DRV0034,2026-08-16,Registered
REG2827,STU0403,DRV0034,2026-08-17,Registered
REG2828,STU0408,DRV0034,2026-08-19,Registered
REG2829,STU0413,DRV0034,2026-08-19,Registered
REG2830,STU0418,DRV0034,2026-08-16,Registered
REG2831,STU0424,DRV0034,2026-08-18,Registered
REG2832,STU0432,DRV0034,2026-08-21,Registered
REG2833,STU0436,DRV0034,2026-08-20,Registered
REG2834,STU0441,DRV0034,2026-08-18,Registered
REG2835,STU0443,DRV0034,2026-08-16,Registered
REG2836,STU0446,DRV0034,2026-08-17,Registered
REG2837,STU0449,DRV0034,2026-08-18,Registered
REG2838,STU0454,DRV0034,2026-08-19,Registered
REG2839,STU0456,DRV0034,2026-08-21,Registered
REG2840,STU0458,DRV0034,2026-08-21,Registered
REG2841,STU0460,DRV0034,2026-08-20,Registered
REG2842,STU0463,DRV0034,2026-08-16,Registered
REG2843,STU0464,DRV0034,2026-08-16,Registered
REG2844,STU0465,DRV0034,2026-08-17,Registered
REG2845,STU0469,DRV0034,2026-08-20,Registered
REG2846,STU0471,DRV0034,2026-08-16,Registered
REG2847,STU0473,DRV0034,2026-08-20,Registered
REG2848,STU0474,DRV0034,2026-08-21,Registered
REG2849,STU0478,DRV0034,2026-08-19,Registered
REG2850,STU0487,DRV0034,2026-08-18,Registered
REG2851,STU0490,DRV0034,2026-08-18,Registered
REG2852,STU0498,DRV0034,2026-08-16,Registered
REG2853,STU0503,DRV0034,2026-08-16,Registered
REG2854,STU0505,DRV0034,2026-08-21,Registered
REG2855,STU0506,DRV0034,2026-08-18,Registered
REG2856,STU0512,DRV0034,2026-08-17,Registered
REG2857,STU0516,DRV0034,2026-08-19,Registered
REG2858,STU0517,DRV0034,2026-08-18,Registered
REG2859,STU0521,DRV0034,2026-08-21,Registered
REG2860,STU0522,DRV0034,2026-08-20,Registered
REG2861,STU0526,DRV0034,2026-08-18,Registered
REG2862,STU0529,DRV0034,2026-08-20,Registered
REG2863,STU0531,DRV0034,2026-08-21,Registered
REG2864,STU0536,DRV0034,2026-08-20,Registered
REG2865,STU0537,DRV0034,2026-08-16,Registered
REG2866,STU0538,DRV0034,2026-08-21,Registered
REG2867,STU0541,DRV0034,2026-08-21,Registered
REG2868,STU0543,DRV0034,2026-08-19,Registered
REG2869,STU0545,DRV0034,2026-08-20,Registered
REG2870,STU0549,DRV0034,2026-08-19,Registered
REG2871,STU0552,DRV0034,2026-08-21,Registered
REG2872,STU0553,DRV0034,2026-08-17,Registered
REG2873,STU0555,DRV0034,2026-08-20,Registered
REG2874,STU0563,DRV0034,2026-08-18,Registered
REG2875,STU0565,DRV0034,2026-08-21,Registered
REG2876,STU0566,DRV0034,2026-08-19,Registered
REG2877,STU0567,DRV0034,2026-08-19,Registered
REG2878,STU0572,DRV0034,2026-08-18,Registered
REG2879,STU0578,DRV0034,2026-08-16,Registered
REG2880,STU0580,DRV0034,2026-08-21,Registered
REG2881,STU0582,DRV0034,2026-08-19,Registered
REG2882,STU0590,DRV0034,2026-08-19,Registered
REG2883,STU0595,DRV0034,2026-08-19,Registered
REG2884,STU0596,DRV0034,2026-08-18,Registered
REG2885,STU0598,DRV0034,2026-08-16,Registered
REG2886,STU0600,DRV0034,2026-08-17,Registered
REG2887,STU0003,DRV0035,2026-08-14,Registered
REG2888,STU0013,DRV0035,2026-08-09,Registered
REG2889,STU0016,DRV0035,2026-08-10,Registered
REG2890,STU0020,DRV0035,2026-08-06,Registered
REG2891,STU0025,DRV0035,2026-08-16,Registered
REG2892,STU0028,DRV0035,2026-08-10,Registered
REG2893,STU0032,DRV0035,2026-08-06,Registered
REG2894,STU0037,DRV0035,2026-08-09,Registered
REG2895,STU0039,DRV0035,2026-08-11,Registered
REG2896,STU0044,DRV0035,2026-08-14,Registered
REG2897,STU0050,DRV0035,2026-08-08,Registered
REG2898,STU0052,DRV0035,2026-08-15,Registered
REG2899,STU0056,DRV0035,2026-08-06,Registered
REG2900,STU0060,DRV0035,2026-08-11,Registered
REG2901,STU0061,DRV0035,2026-08-10,Registered
REG2902,STU0062,DRV0035,2026-08-06,Registered
REG2903,STU0083,DRV0035,2026-08-12,Registered
REG2904,STU0092,DRV0035,2026-08-16,Registered
REG2905,STU0101,DRV0035,2026-08-10,Registered
REG2906,STU0102,DRV0035,2026-08-16,Registered
REG2907,STU0119,DRV0035,2026-08-09,Registered
REG2908,STU0122,DRV0035,2026-08-08,Registered
REG2909,STU0131,DRV0035,2026-08-08,Registered
REG2910,STU0136,DRV0035,2026-08-15,Registered
REG2911,STU0162,DRV0035,2026-08-08,Registered
REG2912,STU0171,DRV0035,2026-08-08,Registered
REG2913,STU0174,DRV0035,2026-08-09,Registered
REG2914,STU0181,DRV0035,2026-08-14,Registered
REG2915,STU0182,DRV0035,2026-08-06,Registered
REG2916,STU0187,DRV0035,2026-08-06,Registered
REG2917,STU0189,DRV0035,2026-08-06,Registered
REG2918,STU0196,DRV0035,2026-08-09,Registered
REG2919,STU0205,DRV0035,2026-08-16,Registered
REG2920,STU0214,DRV0035,2026-08-07,Registered
REG2921,STU0225,DRV0035,2026-08-08,Registered
REG2922,STU0230,DRV0035,2026-08-08,Registered
REG2923,STU0233,DRV0035,2026-08-13,Registered
REG2924,STU0235,DRV0035,2026-08-06,Registered
REG2925,STU0251,DRV0035,2026-08-14,Registered
REG2926,STU0257,DRV0035,2026-08-06,Registered
REG2927,STU0258,DRV0035,2026-08-10,Registered
REG2928,STU0261,DRV0035,2026-08-12,Registered
REG2929,STU0262,DRV0035,2026-08-09,Registered
REG2930,STU0264,DRV0035,2026-08-12,Registered
REG2931,STU0267,DRV0035,2026-08-11,Registered
REG2932,STU0276,DRV0035,2026-08-16,Registered
REG2933,STU0278,DRV0035,2026-08-07,Registered
REG2934,STU0283,DRV0035,2026-08-10,Registered
REG2935,STU0285,DRV0035,2026-08-15,Registered
REG2936,STU0286,DRV0035,2026-08-11,Registered
REG2937,STU0303,DRV0035,2026-08-14,Registered
REG2938,STU0306,DRV0035,2026-08-08,Registered
REG2939,STU0309,DRV0035,2026-08-16,Registered
REG2940,STU0320,DRV0035,2026-08-07,Registered
REG2941,STU0321,DRV0035,2026-08-13,Registered
REG2942,STU0328,DRV0035,2026-08-06,Registered
REG2943,STU0335,DRV0035,2026-08-08,Registered
REG2944,STU0337,DRV0035,2026-08-13,Registered
REG2945,STU0339,DRV0035,2026-08-12,Registered
REG2946,STU0347,DRV0035,2026-08-07,Registered
REG2947,STU0348,DRV0035,2026-08-08,Registered
REG2948,STU0349,DRV0035,2026-08-12,Registered
REG2949,STU0351,DRV0035,2026-08-13,Registered
REG2950,STU0352,DRV0035,2026-08-12,Registered
REG2951,STU0357,DRV0035,2026-08-16,Registered
REG2952,STU0364,DRV0035,2026-08-14,Registered
REG2953,STU0383,DRV0035,2026-08-15,Registered
REG2954,STU0392,DRV0035,2026-08-07,Registered
REG2955,STU0394,DRV0035,2026-08-06,Registered
REG2956,STU0395,DRV0035,2026-08-06,Registered
REG2957,STU0396,DRV0035,2026-08-13,Registered
REG2958,STU0405,DRV0035,2026-08-11,Registered
REG2959,STU0409,DRV0035,2026-08-08,Registered
REG2960,STU0410,DRV0035,2026-08-08,Registered
REG2961,STU0417,DRV0035,2026-08-09,Registered
REG2962,STU0422,DRV0035,2026-08-08,Registered
REG2963,STU0423,DRV0035,2026-08-08,Registered
REG2964,STU0425,DRV0035,2026-08-06,Registered
REG2965,STU0432,DRV0035,2026-08-06,Registered
REG2966,STU0443,DRV0035,2026-08-15,Registered
REG2967,STU0452,DRV0035,2026-08-11,Registered
REG2968,STU0458,DRV0035,2026-08-09,Registered
REG2969,STU0461,DRV0035,2026-08-15,Registered
REG2970,STU0463,DRV0035,2026-08-08,Registered
REG2971,STU0469,DRV0035,2026-08-14,Registered
REG2972,STU0472,DRV0035,2026-08-12,Registered
REG2973,STU0477,DRV0035,2026-08-16,Registered
REG2974,STU0485,DRV0035,2026-08-08,Registered
REG2975,STU0493,DRV0035,2026-08-16,Registered
REG2976,STU0494,DRV0035,2026-08-08,Registered
REG2977,STU0500,DRV0035,2026-08-12,Registered
REG2978,STU0527,DRV0035,2026-08-08,Registered
REG2979,STU0528,DRV0035,2026-08-07,Registered
REG2980,STU0539,DRV0035,2026-08-09,Registered
REG2981,STU0540,DRV0035,2026-08-06,Registered
REG2982,STU0546,DRV0035,2026-08-08,Registered
REG2983,STU0555,DRV0035,2026-08-13,Registered
REG2984,STU0562,DRV0035,2026-08-12,Registered
REG2985,STU0563,DRV0035,2026-08-11,Registered
REG2986,STU0568,DRV0035,2026-08-07,Registered
REG2987,STU0571,DRV0035,2026-08-11,Registered
REG2988,STU0583,DRV0035,2026-08-10,Registered
REG2989,STU0590,DRV0035,2026-08-07,Registered
REG2990,STU0591,DRV0035,2026-08-15,Registered
REG2991,STU0594,DRV0035,2026-08-10,Registered
REG2992,STU0596,DRV0035,2026-08-09,Registered
REG2993,STU0600,DRV0035,2026-08-10,Registered
REG2994,STU0001,DRV0036,2026-09-23,Registered
REG2995,STU0019,DRV0036,2026-09-21,Registered
REG2996,STU0020,DRV0036,2026-09-21,Registered
REG2997,STU0021,DRV0036,2026-09-21,Registered
REG2998,STU0033,DRV0036,2026-09-22,Registered
REG2999,STU0041,DRV0036,2026-09-22,Registered
REG3000,STU0059,DRV0036,2026-09-25,Registered
REG3001,STU0067,DRV0036,2026-09-23,Registered
REG3002,STU0075,DRV0036,2026-09-20,Registered
REG3003,STU0083,DRV0036,2026-09-22,Registered
REG3004,STU0092,DRV0036,2026-09-24,Registered
REG3005,STU0094,DRV0036,2026-09-24,Registered
REG3006,STU0098,DRV0036,2026-09-20,Registered
REG3007,STU0102,DRV0036,2026-09-23,Registered
REG3008,STU0121,DRV0036,2026-09-25,Registered
REG3009,STU0122,DRV0036,2026-09-21,Registered
REG3010,STU0123,DRV0036,2026-09-25,Registered
REG3011,STU0131,DRV0036,2026-09-24,Registered
REG3012,STU0145,DRV0036,2026-09-20,Registered
REG3013,STU0174,DRV0036,2026-09-19,Registered
REG3014,STU0177,DRV0036,2026-09-25,Registered
REG3015,STU0178,DRV0036,2026-09-25,Registered
REG3016,STU0186,DRV0036,2026-09-19,Registered
REG3017,STU0189,DRV0036,2026-09-21,Registered
REG3018,STU0192,DRV0036,2026-09-21,Registered
REG3019,STU0202,DRV0036,2026-09-19,Registered
REG3020,STU0205,DRV0036,2026-09-25,Registered
REG3021,STU0228,DRV0036,2026-09-20,Registered
REG3022,STU0234,DRV0036,2026-09-21,Registered
REG3023,STU0248,DRV0036,2026-09-25,Registered
REG3024,STU0261,DRV0036,2026-09-23,Registered
REG3025,STU0276,DRV0036,2026-09-24,Registered
REG3026,STU0278,DRV0036,2026-09-22,Registered
REG3027,STU0280,DRV0036,2026-09-24,Registered
REG3028,STU0283,DRV0036,2026-09-24,Registered
REG3029,STU0285,DRV0036,2026-09-25,Registered
REG3030,STU0286,DRV0036,2026-09-25,Registered
REG3031,STU0295,DRV0036,2026-09-19,Registered
REG3032,STU0296,DRV0036,2026-09-20,Registered
REG3033,STU0303,DRV0036,2026-09-25,Registered
REG3034,STU0307,DRV0036,2026-09-22,Registered
REG3035,STU0321,DRV0036,2026-09-20,Registered
REG3036,STU0331,DRV0036,2026-09-21,Registered
REG3037,STU0332,DRV0036,2026-09-21,Registered
REG3038,STU0350,DRV0036,2026-09-19,Registered
REG3039,STU0357,DRV0036,2026-09-20,Registered
REG3040,STU0358,DRV0036,2026-09-19,Registered
REG3041,STU0369,DRV0036,2026-09-25,Registered
REG3042,STU0372,DRV0036,2026-09-22,Registered
REG3043,STU0375,DRV0036,2026-09-20,Registered
REG3044,STU0386,DRV0036,2026-09-24,Registered
REG3045,STU0389,DRV0036,2026-09-20,Registered
REG3046,STU0391,DRV0036,2026-09-22,Registered
REG3047,STU0394,DRV0036,2026-09-25,Registered
REG3048,STU0409,DRV0036,2026-09-25,Registered
REG3049,STU0410,DRV0036,2026-09-22,Registered
REG3050,STU0411,DRV0036,2026-09-25,Registered
REG3051,STU0413,DRV0036,2026-09-20,Registered
REG3052,STU0415,DRV0036,2026-09-22,Registered
REG3053,STU0431,DRV0036,2026-09-24,Registered
REG3054,STU0462,DRV0036,2026-09-24,Registered
REG3055,STU0470,DRV0036,2026-09-25,Registered
REG3056,STU0494,DRV0036,2026-09-20,Registered
REG3057,STU0499,DRV0036,2026-09-25,Registered
REG3058,STU0508,DRV0036,2026-09-23,Registered
REG3059,STU0534,DRV0036,2026-09-24,Registered
REG3060,STU0542,DRV0036,2026-09-23,Registered
REG3061,STU0552,DRV0036,2026-09-20,Registered
REG3062,STU0564,DRV0036,2026-09-25,Registered
REG3063,STU0572,DRV0036,2026-09-21,Registered
REG3064,STU0598,DRV0036,2026-09-21,Registered
REG3065,STU0001,DRV0037,2026-08-16,Registered
REG3066,STU0003,DRV0037,2026-08-13,Registered
REG3067,STU0010,DRV0037,2026-08-13,Registered
REG3068,STU0013,DRV0037,2026-08-17,Registered
REG3069,STU0025,DRV0037,2026-08-12,Registered
REG3070,STU0031,DRV0037,2026-08-11,Registered
REG3071,STU0033,DRV0037,2026-08-18,Registered
REG3072,STU0056,DRV0037,2026-08-18,Registered
REG3073,STU0061,DRV0037,2026-08-18,Registered
REG3074,STU0065,DRV0037,2026-08-18,Registered
REG3075,STU0067,DRV0037,2026-08-17,Registered
REG3076,STU0074,DRV0037,2026-08-16,Registered
REG3077,STU0088,DRV0037,2026-08-15,Registered
REG3078,STU0092,DRV0037,2026-08-17,Registered
REG3079,STU0099,DRV0037,2026-08-17,Registered
REG3080,STU0100,DRV0037,2026-08-11,Registered
REG3081,STU0101,DRV0037,2026-08-16,Registered
REG3082,STU0120,DRV0037,2026-08-13,Registered
REG3083,STU0131,DRV0037,2026-08-17,Registered
REG3084,STU0133,DRV0037,2026-08-17,Registered
REG3085,STU0152,DRV0037,2026-08-17,Registered
REG3086,STU0162,DRV0037,2026-08-16,Registered
REG3087,STU0166,DRV0037,2026-08-12,Registered
REG3088,STU0171,DRV0037,2026-08-12,Registered
REG3089,STU0182,DRV0037,2026-08-13,Registered
REG3090,STU0187,DRV0037,2026-08-12,Registered
REG3091,STU0189,DRV0037,2026-08-11,Registered
REG3092,STU0196,DRV0037,2026-08-12,Registered
REG3093,STU0205,DRV0037,2026-08-13,Registered
REG3094,STU0223,DRV0037,2026-08-14,Registered
REG3095,STU0224,DRV0037,2026-08-14,Registered
REG3096,STU0229,DRV0037,2026-08-15,Registered
REG3097,STU0233,DRV0037,2026-08-13,Registered
REG3098,STU0257,DRV0037,2026-08-18,Registered
REG3099,STU0261,DRV0037,2026-08-13,Registered
REG3100,STU0262,DRV0037,2026-08-13,Registered
REG3101,STU0264,DRV0037,2026-08-18,Registered
REG3102,STU0276,DRV0037,2026-08-12,Registered
REG3103,STU0280,DRV0037,2026-08-12,Registered
REG3104,STU0286,DRV0037,2026-08-17,Registered
REG3105,STU0292,DRV0037,2026-08-16,Registered
REG3106,STU0299,DRV0037,2026-08-15,Registered
REG3107,STU0303,DRV0037,2026-08-13,Registered
REG3108,STU0310,DRV0037,2026-08-16,Registered
REG3109,STU0323,DRV0037,2026-08-15,Registered
REG3110,STU0327,DRV0037,2026-08-11,Registered
REG3111,STU0334,DRV0037,2026-08-16,Registered
REG3112,STU0335,DRV0037,2026-08-14,Registered
REG3113,STU0337,DRV0037,2026-08-13,Registered
REG3114,STU0338,DRV0037,2026-08-13,Registered
REG3115,STU0339,DRV0037,2026-08-18,Registered
REG3116,STU0344,DRV0037,2026-08-12,Registered
REG3117,STU0347,DRV0037,2026-08-15,Registered
REG3118,STU0351,DRV0037,2026-08-17,Registered
REG3119,STU0354,DRV0037,2026-08-14,Registered
REG3120,STU0362,DRV0037,2026-08-17,Registered
REG3121,STU0364,DRV0037,2026-08-15,Registered
REG3122,STU0368,DRV0037,2026-08-14,Registered
REG3123,STU0383,DRV0037,2026-08-15,Registered
REG3124,STU0391,DRV0037,2026-08-16,Registered
REG3125,STU0392,DRV0037,2026-08-12,Registered
REG3126,STU0394,DRV0037,2026-08-11,Registered
REG3127,STU0396,DRV0037,2026-08-17,Registered
REG3128,STU0397,DRV0037,2026-08-16,Registered
REG3129,STU0405,DRV0037,2026-08-12,Registered
REG3130,STU0409,DRV0037,2026-08-16,Registered
REG3131,STU0410,DRV0037,2026-08-13,Registered
REG3132,STU0411,DRV0037,2026-08-12,Registered
REG3133,STU0413,DRV0037,2026-08-16,Registered
REG3134,STU0415,DRV0037,2026-08-16,Registered
REG3135,STU0417,DRV0037,2026-08-16,Registered
REG3136,STU0423,DRV0037,2026-08-16,Registered
REG3137,STU0432,DRV0037,2026-08-14,Registered
REG3138,STU0438,DRV0037,2026-08-15,Registered
REG3139,STU0465,DRV0037,2026-08-16,Registered
REG3140,STU0469,DRV0037,2026-08-11,Registered
REG3141,STU0477,DRV0037,2026-08-12,Registered
REG3142,STU0494,DRV0037,2026-08-11,Registered
REG3143,STU0495,DRV0037,2026-08-11,Registered
REG3144,STU0506,DRV0037,2026-08-17,Registered
REG3145,STU0508,DRV0037,2026-08-11,Registered
REG3146,STU0512,DRV0037,2026-08-11,Registered
REG3147,STU0517,DRV0037,2026-08-12,Registered
REG3148,STU0525,DRV0037,2026-08-15,Registered
REG3149,STU0526,DRV0037,2026-08-16,Registered
REG3150,STU0527,DRV0037,2026-08-16,Registered
REG3151,STU0534,DRV0037,2026-08-15,Registered
REG3152,STU0547,DRV0037,2026-08-16,Registered
REG3153,STU0550,DRV0037,2026-08-14,Registered
REG3154,STU0555,DRV0037,2026-08-11,Registered
REG3155,STU0556,DRV0037,2026-08-16,Registered
REG3156,STU0563,DRV0037,2026-08-12,Registered
REG3157,STU0564,DRV0037,2026-08-16,Registered
REG3158,STU0574,DRV0037,2026-08-11,Registered
REG3159,STU0582,DRV0037,2026-08-11,Registered
REG3160,STU0583,DRV0037,2026-08-15,Registered
REG3161,STU0590,DRV0037,2026-08-16,Registered
REG3162,STU0596,DRV0037,2026-08-13,Registered
REG3163,STU0001,DRV0038,2026-10-04,Registered
REG3164,STU0019,DRV0038,2026-10-06,Registered
REG3165,STU0025,DRV0038,2026-10-06,Registered
REG3166,STU0033,DRV0038,2026-10-06,Registered
REG3167,STU0038,DRV0038,2026-10-03,Registered
REG3168,STU0050,DRV0038,2026-10-02,Registered
REG3169,STU0061,DRV0038,2026-09-30,Registered
REG3170,STU0065,DRV0038,2026-10-06,Registered
REG3171,STU0067,DRV0038,2026-09-29,Registered
REG3172,STU0088,DRV0038,2026-10-06,Registered
REG3173,STU0092,DRV0038,2026-10-02,Registered
REG3174,STU0102,DRV0038,2026-10-03,Registered
REG3175,STU0147,DRV0038,2026-10-01,Registered
REG3176,STU0156,DRV0038,2026-10-04,Registered
REG3177,STU0165,DRV0038,2026-10-06,Registered
REG3178,STU0174,DRV0038,2026-10-03,Registered
REG3179,STU0177,DRV0038,2026-10-03,Registered
REG3180,STU0187,DRV0038,2026-10-06,Registered
REG3181,STU0200,DRV0038,2026-10-06,Registered
REG3182,STU0206,DRV0038,2026-09-29,Registered
REG3183,STU0226,DRV0038,2026-09-30,Registered
REG3184,STU0257,DRV0038,2026-10-05,Registered
REG3185,STU0258,DRV0038,2026-10-05,Registered
REG3186,STU0264,DRV0038,2026-10-03,Registered
REG3187,STU0274,DRV0038,2026-09-29,Registered
REG3188,STU0280,DRV0038,2026-10-03,Registered
REG3189,STU0283,DRV0038,2026-10-01,Registered
REG3190,STU0296,DRV0038,2026-09-29,Registered
REG3191,STU0309,DRV0038,2026-09-29,Registered
REG3192,STU0322,DRV0038,2026-10-07,Registered
REG3193,STU0323,DRV0038,2026-10-02,Registered
REG3194,STU0328,DRV0038,2026-10-05,Registered
REG3195,STU0332,DRV0038,2026-10-03,Registered
REG3196,STU0337,DRV0038,2026-10-02,Registered
REG3197,STU0339,DRV0038,2026-10-03,Registered
REG3198,STU0349,DRV0038,2026-09-29,Registered
REG3199,STU0351,DRV0038,2026-10-07,Registered
REG3200,STU0374,DRV0038,2026-09-30,Registered
REG3201,STU0381,DRV0038,2026-10-04,Registered
REG3202,STU0391,DRV0038,2026-09-29,Registered
REG3203,STU0394,DRV0038,2026-09-29,Registered
REG3204,STU0396,DRV0038,2026-10-03,Registered
REG3205,STU0409,DRV0038,2026-09-29,Registered
REG3206,STU0431,DRV0038,2026-09-30,Registered
REG3207,STU0432,DRV0038,2026-09-29,Registered
REG3208,STU0463,DRV0038,2026-10-01,Registered
REG3209,STU0470,DRV0038,2026-10-04,Registered
REG3210,STU0494,DRV0038,2026-10-06,Registered
REG3211,STU0495,DRV0038,2026-10-06,Registered
REG3212,STU0506,DRV0038,2026-10-04,Registered
REG3213,STU0508,DRV0038,2026-10-04,Registered
REG3214,STU0528,DRV0038,2026-10-07,Registered
REG3215,STU0539,DRV0038,2026-10-05,Registered
REG3216,STU0549,DRV0038,2026-10-06,Registered
REG3217,STU0557,DRV0038,2026-10-08,Registered
REG3218,STU0564,DRV0038,2026-09-30,Registered
REG3219,STU0568,DRV0038,2026-10-05,Registered
REG3220,STU0600,DRV0038,2026-10-07,Registered
REG3221,STU0001,DRV0039,2026-09-05,Registered
REG3222,STU0003,DRV0039,2026-08-31,Registered
REG3223,STU0010,DRV0039,2026-09-01,Registered
REG3224,STU0019,DRV0039,2026-08-29,Registered
REG3225,STU0020,DRV0039,2026-09-03,Registered
REG3226,STU0031,DRV0039,2026-09-02,Registered
REG3227,STU0039,DRV0039,2026-08-27,Registered
REG3228,STU0166,DRV0039,2026-08-30,Registered
REG3229,STU0177,DRV0039,2026-08-30,Registered
REG3230,STU0178,DRV0039,2026-08-30,Registered
REG3231,STU0182,DRV0039,2026-08-26,Registered
REG3232,STU0189,DRV0039,2026-09-04,Registered
REG3233,STU0200,DRV0039,2026-09-02,Registered
REG3234,STU0205,DRV0039,2026-09-01,Registered
REG3235,STU0226,DRV0039,2026-08-26,Registered
REG3236,STU0230,DRV0039,2026-08-28,Registered
REG3237,STU0261,DRV0039,2026-08-30,Registered
REG3238,STU0303,DRV0039,2026-08-29,Registered
REG3239,STU0306,DRV0039,2026-08-27,Registered
REG3240,STU0307,DRV0039,2026-08-26,Registered
REG3241,STU0321,DRV0039,2026-09-05,Registered
REG3242,STU0323,DRV0039,2026-08-27,Registered
REG3243,STU0344,DRV0039,2026-09-01,Registered
REG3244,STU0357,DRV0039,2026-09-04,Registered
REG3245,STU0381,DRV0039,2026-08-29,Registered
REG3246,STU0386,DRV0039,2026-09-01,Registered
REG3247,STU0394,DRV0039,2026-08-27,Registered
REG3248,STU0396,DRV0039,2026-09-05,Registered
REG3249,STU0410,DRV0039,2026-09-01,Registered
REG3250,STU0411,DRV0039,2026-09-03,Registered
REG3251,STU0413,DRV0039,2026-08-31,Registered
REG3252,STU0458,DRV0039,2026-08-31,Registered
REG3253,STU0463,DRV0039,2026-09-01,Registered
REG3254,STU0495,DRV0039,2026-09-01,Registered
REG3255,STU0508,DRV0039,2026-08-28,Registered
REG3256,STU0525,DRV0039,2026-08-29,Registered
REG3257,STU0534,DRV0039,2026-09-04,Registered
REG3258,STU0557,DRV0039,2026-09-01,Registered
REG3259,STU0563,DRV0039,2026-09-05,Registered
REG3260,STU0582,DRV0039,2026-09-03,Registered
REG3261,STU0590,DRV0039,2026-08-26,Registered
REG3262,STU0001,DRV0040,2026-09-03,Registered
REG3263,STU0003,DRV0040,2026-09-02,Registered
REG3264,STU0010,DRV0040,2026-08-31,Registered
REG3265,STU0021,DRV0040,2026-09-02,Registered
REG3266,STU0033,DRV0040,2026-08-30,Registered
REG3267,STU0042,DRV0040,2026-09-03,Registered
REG3268,STU0053,DRV0040,2026-09-03,Registered
REG3269,STU0057,DRV0040,2026-08-29,Registered
REG3270,STU0074,DRV0040,2026-08-29,Registered
REG3271,STU0083,DRV0040,2026-09-02,Registered
REG3272,STU0098,DRV0040,2026-08-29,Registered
REG3273,STU0101,DRV0040,2026-08-29,Registered
REG3274,STU0103,DRV0040,2026-09-01,Registered
REG3275,STU0149,DRV0040,2026-09-03,Registered
REG3276,STU0165,DRV0040,2026-08-30,Registered
REG3277,STU0173,DRV0040,2026-09-03,Registered
REG3278,STU0177,DRV0040,2026-09-01,Registered
REG3279,STU0178,DRV0040,2026-09-03,Registered
REG3280,STU0182,DRV0040,2026-09-02,Registered
REG3281,STU0188,DRV0040,2026-09-03,Registered
REG3282,STU0202,DRV0040,2026-08-31,Registered
REG3283,STU0213,DRV0040,2026-08-31,Registered
REG3284,STU0226,DRV0040,2026-09-03,Registered
REG3285,STU0232,DRV0040,2026-08-31,Registered
REG3286,STU0252,DRV0040,2026-08-30,Registered
REG3287,STU0261,DRV0040,2026-09-02,Registered
REG3288,STU0264,DRV0040,2026-09-03,Registered
REG3289,STU0278,DRV0040,2026-08-30,Registered
REG3290,STU0280,DRV0040,2026-09-03,Registered
REG3291,STU0290,DRV0040,2026-09-03,Registered
REG3292,STU0295,DRV0040,2026-09-01,Registered
REG3293,STU0296,DRV0040,2026-09-03,Registered
REG3294,STU0306,DRV0040,2026-09-03,Registered
REG3295,STU0321,DRV0040,2026-08-31,Registered
REG3296,STU0331,DRV0040,2026-08-29,Registered
REG3297,STU0335,DRV0040,2026-08-29,Registered
REG3298,STU0352,DRV0040,2026-08-30,Registered
REG3299,STU0360,DRV0040,2026-08-30,Registered
REG3300,STU0369,DRV0040,2026-09-01,Registered
REG3301,STU0373,DRV0040,2026-08-31,Registered
REG3302,STU0375,DRV0040,2026-09-03,Registered
REG3303,STU0381,DRV0040,2026-08-31,Registered
REG3304,STU0389,DRV0040,2026-09-03,Registered
REG3305,STU0391,DRV0040,2026-08-30,Registered
REG3306,STU0397,DRV0040,2026-08-31,Registered
REG3307,STU0409,DRV0040,2026-09-03,Registered
REG3308,STU0410,DRV0040,2026-09-02,Registered
REG3309,STU0413,DRV0040,2026-09-02,Registered
REG3310,STU0415,DRV0040,2026-09-03,Registered
REG3311,STU0417,DRV0040,2026-08-29,Registered
REG3312,STU0424,DRV0040,2026-09-01,Registered
REG3313,STU0457,DRV0040,2026-09-03,Registered
REG3314,STU0488,DRV0040,2026-09-02,Registered
REG3315,STU0497,DRV0040,2026-09-03,Registered
REG3316,STU0499,DRV0040,2026-08-29,Registered
REG3317,STU0508,DRV0040,2026-09-02,Registered
REG3318,STU0521,DRV0040,2026-08-29,Registered
REG3319,STU0526,DRV0040,2026-09-02,Registered
REG3320,STU0528,DRV0040,2026-08-30,Registered
REG3321,STU0534,DRV0040,2026-08-31,Registered
REG3322,STU0539,DRV0040,2026-08-31,Registered
REG3323,STU0542,DRV0040,2026-08-30,Registered
REG3324,STU0549,DRV0040,2026-09-02,Registered
REG3325,STU0552,DRV0040,2026-09-02,Registered
REG3326,STU0563,DRV0040,2026-08-29,Registered
REG3327,STU0590,DRV0040,2026-09-01,Registered
REG3328,STU0591,DRV0040,2026-08-31,Registered
REG3329,STU0599,DRV0040,2026-08-30,Registered
